layer,model,boroct2020,n_images,mean_score,comparisons,median_income
census_tract,qwen3.5-9b,1000201,35,0.1143,47,37353.0
census_tract,qwen3.5-9b,1000202,154,-0.0325,208,36688.0
census_tract,qwen3.5-9b,1000600,115,0.3899,160,36893.0
census_tract,qwen3.5-9b,1000700,134,0.2425,179,190388.0
census_tract,qwen3.5-9b,1000800,216,0.0949,288,31262.0
census_tract,qwen3.5-9b,1000900,134,0.3669,175,
census_tract,qwen3.5-9b,1001001,67,-0.0746,84,140000.0
census_tract,qwen3.5-9b,1001002,87,-0.0144,112,23796.0
census_tract,qwen3.5-9b,1001200,107,0.1713,149,114318.0
census_tract,qwen3.5-9b,1001300,184,0.6798,255,171923.0
census_tract,qwen3.5-9b,1001401,42,0.619,56,103750.0
census_tract,qwen3.5-9b,1001402,107,0.6416,149,90469.0
census_tract,qwen3.5-9b,1001501,234,0.3308,332,125712.0
census_tract,qwen3.5-9b,1001502,111,0.7965,150,204310.0
census_tract,qwen3.5-9b,1001600,171,0.7227,217,35875.0
census_tract,qwen3.5-9b,1001800,230,0.8764,300,76726.0
census_tract,qwen3.5-9b,1002000,72,-0.0556,102,30792.0
census_tract,qwen3.5-9b,1002100,139,0.8988,188,
census_tract,qwen3.5-9b,1002201,52,0.3365,67,39961.0
census_tract,qwen3.5-9b,1002202,32,0.8542,35,151711.0
census_tract,qwen3.5-9b,1002400,88,0.0,117,21092.0
census_tract,qwen3.5-9b,1002500,92,0.1005,124,20597.0
census_tract,qwen3.5-9b,1002601,50,0.6883,72,30350.0
census_tract,qwen3.5-9b,1002602,50,0.515,63,89970.0
census_tract,qwen3.5-9b,1002700,31,0.6505,44,124063.0
census_tract,qwen3.5-9b,1002800,72,0.4375,96,70691.0
census_tract,qwen3.5-9b,1002901,75,0.3267,96,11094.0
census_tract,qwen3.5-9b,1002902,61,0.9399,87,
census_tract,qwen3.5-9b,1003001,60,0.6056,84,88889.0
census_tract,qwen3.5-9b,1003002,45,0.8163,66,74691.0
census_tract,qwen3.5-9b,1003100,111,0.8252,151,189250.0
census_tract,qwen3.5-9b,1003200,72,0.8194,96,101294.0
census_tract,qwen3.5-9b,1003300,242,0.8585,320,
census_tract,qwen3.5-9b,1003400,63,0.922,81,121413.0
census_tract,qwen3.5-9b,1003601,64,0.5729,83,57000.0
census_tract,qwen3.5-9b,1003602,58,0.8075,82,155000.0
census_tract,qwen3.5-9b,1003700,269,0.2749,371,
census_tract,qwen3.5-9b,1003800,105,0.6921,140,78220.0
census_tract,qwen3.5-9b,1003900,216,0.6963,275,202542.0
census_tract,qwen3.5-9b,1004001,40,0.8708,54,150661.0
census_tract,qwen3.5-9b,1004002,58,0.6937,87,196833.0
census_tract,qwen3.5-9b,1004100,113,0.8695,148,101893.0
census_tract,qwen3.5-9b,1004200,82,0.8953,106,131083.0
census_tract,qwen3.5-9b,1004300,70,1.0833,97,122730.0
census_tract,qwen3.5-9b,1004400,175,0.1543,239,153280.0
census_tract,qwen3.5-9b,1004500,55,1.1727,77,170714.0
census_tract,qwen3.5-9b,1004700,93,0.991,113,148750.0
census_tract,qwen3.5-9b,1004800,109,0.4924,149,161973.0
census_tract,qwen3.5-9b,1004900,113,0.9484,153,146967.0
census_tract,qwen3.5-9b,1005000,113,0.8326,137,205250.0
census_tract,qwen3.5-9b,1005200,96,0.9566,121,238750.0
census_tract,qwen3.5-9b,1005400,84,0.8998,109,124732.0
census_tract,qwen3.5-9b,1005501,74,0.5811,96,214306.0
census_tract,qwen3.5-9b,1005502,70,1.0071,84,179844.0
census_tract,qwen3.5-9b,1005600,111,1.003,156,183068.0
census_tract,qwen3.5-9b,1005700,50,0.86,68,201116.0
census_tract,qwen3.5-9b,1005800,112,1.0558,151,206827.0
census_tract,qwen3.5-9b,1005900,49,0.8027,61,181375.0
census_tract,qwen3.5-9b,1006000,86,-0.1221,107,202600.0
census_tract,qwen3.5-9b,1006100,45,1.1152,68,179167.0
census_tract,qwen3.5-9b,1006200,217,-0.1608,292,104255.0
census_tract,qwen3.5-9b,1006300,93,0.7885,124,173995.0
census_tract,qwen3.5-9b,1006400,116,0.857,161,130385.0
census_tract,qwen3.5-9b,1006500,127,0.752,183,133781.0
census_tract,qwen3.5-9b,1006600,90,0.5833,122,101990.0
census_tract,qwen3.5-9b,1006700,103,0.767,131,131304.0
census_tract,qwen3.5-9b,1006800,115,0.9854,163,128919.0
census_tract,qwen3.5-9b,1006900,113,0.5147,144,238563.0
census_tract,qwen3.5-9b,1007001,47,0.5833,64,163287.0
census_tract,qwen3.5-9b,1007002,67,0.5672,91,154965.0
census_tract,qwen3.5-9b,1007100,96,0.7786,131,150449.0
census_tract,qwen3.5-9b,1007200,123,0.876,162,136979.0
census_tract,qwen3.5-9b,1007300,124,0.9368,167,175590.0
census_tract,qwen3.5-9b,1007400,118,0.6935,172,215511.0
census_tract,qwen3.5-9b,1007500,115,0.5913,145,187647.0
census_tract,qwen3.5-9b,1007600,100,1.0433,143,193644.0
census_tract,qwen3.5-9b,1007700,102,0.5735,129,230044.0
census_tract,qwen3.5-9b,1007800,174,0.5048,246,134092.0
census_tract,qwen3.5-9b,1007900,187,0.6186,267,200079.0
census_tract,qwen3.5-9b,1008000,107,0.909,141,177105.0
census_tract,qwen3.5-9b,1008100,90,0.75,117,134538.0
census_tract,qwen3.5-9b,1008200,116,0.9353,156,162143.0
census_tract,qwen3.5-9b,1008300,75,0.5689,102,75000.0
census_tract,qwen3.5-9b,1008400,109,0.996,148,231546.0
census_tract,qwen3.5-9b,1008601,172,-0.0271,221,145054.0
census_tract,qwen3.5-9b,1008602,111,-0.5961,141,
census_tract,qwen3.5-9b,1008603,142,0.3592,180,200735.0
census_tract,qwen3.5-9b,1008700,89,0.9813,114,150384.0
census_tract,qwen3.5-9b,1008800,109,0.5856,141,112782.0
census_tract,qwen3.5-9b,1008900,80,0.6062,105,102260.0
census_tract,qwen3.5-9b,1009000,87,1.0498,111,156381.0
census_tract,qwen3.5-9b,1009100,83,0.8845,119,160866.0
census_tract,qwen3.5-9b,1009200,128,0.7728,176,166638.0
census_tract,qwen3.5-9b,1009300,83,0.7751,119,122586.0
census_tract,qwen3.5-9b,1009400,115,0.7862,151,81875.0
census_tract,qwen3.5-9b,1009500,76,0.9846,103,222321.0
census_tract,qwen3.5-9b,1009600,98,1.1786,124,
census_tract,qwen3.5-9b,1009700,90,0.187,113,71537.0
census_tract,qwen3.5-9b,1009800,96,0.875,121,171745.0
census_tract,qwen3.5-9b,1009901,222,0.2586,300,
census_tract,qwen3.5-9b,1009902,97,0.3136,127,162845.0
census_tract,qwen3.5-9b,1009903,177,0.3493,238,187596.0
census_tract,qwen3.5-9b,1010000,109,1.065,152,99875.0
census_tract,qwen3.5-9b,1010100,102,1.0188,138,108304.0
census_tract,qwen3.5-9b,1010200,121,0.9566,151,
census_tract,qwen3.5-9b,1010300,92,0.49,120,180200.0
census_tract,qwen3.5-9b,1010400,93,0.9516,118,193026.0
census_tract,qwen3.5-9b,1010601,100,-0.0523,137,249091.0
census_tract,qwen3.5-9b,1010602,160,-0.2052,214,207717.0
census_tract,qwen3.5-9b,1010801,39,0.641,53,160719.0
census_tract,qwen3.5-9b,1010802,57,0.4474,75,134004.0
census_tract,qwen3.5-9b,1010803,45,0.8481,63,119178.0
census_tract,qwen3.5-9b,1010900,108,1.021,147,163542.0
census_tract,qwen3.5-9b,1011000,160,0.5948,204,150164.0
census_tract,qwen3.5-9b,1011100,109,0.6064,147,104451.0
census_tract,qwen3.5-9b,1011201,77,1.039,107,163750.0
census_tract,qwen3.5-9b,1011202,66,0.928,95,211563.0
census_tract,qwen3.5-9b,1011203,65,0.9667,84,167083.0
census_tract,qwen3.5-9b,1011300,71,1.2477,101,93750.0
census_tract,qwen3.5-9b,1011401,53,1.0063,73,155809.0
census_tract,qwen3.5-9b,1011402,71,0.7218,89,206818.0
census_tract,qwen3.5-9b,1011500,96,0.434,127,138750.0
census_tract,qwen3.5-9b,1011600,138,-0.2711,189,90212.0
census_tract,qwen3.5-9b,1011700,118,-0.1031,159,116048.0
census_tract,qwen3.5-9b,1011800,102,0.5376,141,139332.0
census_tract,qwen3.5-9b,1011900,82,1.0833,105,18050.0
census_tract,qwen3.5-9b,1012000,100,0.7467,133,192644.0
census_tract,qwen3.5-9b,1012101,46,0.7899,61,63690.0
census_tract,qwen3.5-9b,1012102,46,0.5616,71,62727.0
census_tract,qwen3.5-9b,1012200,97,0.921,132,222909.0
census_tract,qwen3.5-9b,1012400,135,0.3981,181,120709.0
census_tract,qwen3.5-9b,1012500,88,0.8153,125,171250.0
census_tract,qwen3.5-9b,1012601,59,0.7797,83,136781.0
census_tract,qwen3.5-9b,1012602,69,0.8961,86,232600.0
census_tract,qwen3.5-9b,1012700,76,0.6776,102,120214.0
census_tract,qwen3.5-9b,1012800,118,0.9802,152,220256.0
census_tract,qwen3.5-9b,1012901,92,0.5299,133,110917.0
census_tract,qwen3.5-9b,1012902,94,0.3706,123,128625.0
census_tract,qwen3.5-9b,1013000,120,0.9319,159,212414.0
census_tract,qwen3.5-9b,1013100,76,0.9465,101,136346.0
census_tract,qwen3.5-9b,1013201,46,0.6667,70,162054.0
census_tract,qwen3.5-9b,1013202,47,0.2447,58,101836.0
census_tract,qwen3.5-9b,1013203,46,0.9819,61,122083.0
census_tract,qwen3.5-9b,1013300,81,0.7695,100,156829.0
census_tract,qwen3.5-9b,1013400,113,0.8687,160,122163.0
census_tract,qwen3.5-9b,1013501,105,0.1606,143,99265.0
census_tract,qwen3.5-9b,1013502,188,0.1795,238,95693.0
census_tract,qwen3.5-9b,1013601,54,-0.2222,64,
census_tract,qwen3.5-9b,1013602,24,0.7014,33,188628.0
census_tract,qwen3.5-9b,1013603,44,0.6742,65,171912.0
census_tract,qwen3.5-9b,1013604,43,0.9457,56,168970.0
census_tract,qwen3.5-9b,1013700,123,1.0257,167,167929.0
census_tract,qwen3.5-9b,1013800,107,0.8857,137,141343.0
census_tract,qwen3.5-9b,1013900,103,0.8407,149,108071.0
census_tract,qwen3.5-9b,1014000,114,0.9117,155,220066.0
census_tract,qwen3.5-9b,1014200,119,0.9538,149,
census_tract,qwen3.5-9b,1014300,397,0.3305,523,
census_tract,qwen3.5-9b,1014401,50,0.72,73,202966.0
census_tract,qwen3.5-9b,1014402,127,-0.0925,163,163086.0
census_tract,qwen3.5-9b,1014500,96,0.7257,129,186389.0
census_tract,qwen3.5-9b,1014601,30,1.0833,39,139000.0
census_tract,qwen3.5-9b,1014602,66,0.928,93,132457.0
census_tract,qwen3.5-9b,1014700,27,-0.0617,35,202250.0
census_tract,qwen3.5-9b,1014801,41,1.0244,54,202670.0
census_tract,qwen3.5-9b,1014802,60,0.7917,78,179304.0
census_tract,qwen3.5-9b,1014900,98,0.6922,127,184896.0
census_tract,qwen3.5-9b,1015001,41,0.9329,56,194659.0
census_tract,qwen3.5-9b,1015002,66,0.9268,90,243480.0
census_tract,qwen3.5-9b,1015101,45,0.3556,55,44107.0
census_tract,qwen3.5-9b,1015102,161,0.1801,214,163274.0
census_tract,qwen3.5-9b,1015200,165,0.3638,228,114940.0
census_tract,qwen3.5-9b,1015301,35,0.6857,48,186949.0
census_tract,qwen3.5-9b,1015302,74,0.7973,101,189453.0
census_tract,qwen3.5-9b,1015401,41,0.6992,57,122860.0
census_tract,qwen3.5-9b,1015402,28,0.7857,39,147589.0
census_tract,qwen3.5-9b,1015403,32,0.5719,45,129848.0
census_tract,qwen3.5-9b,1015501,24,0.6042,27,186563.0
census_tract,qwen3.5-9b,1015502,75,0.16,108,177841.0
census_tract,qwen3.5-9b,1015601,43,0.6124,53,127741.0
census_tract,qwen3.5-9b,1015602,50,0.2667,58,75147.0
census_tract,qwen3.5-9b,1015700,93,0.8047,117,163712.0
census_tract,qwen3.5-9b,1015801,70,0.8095,89,177750.0
census_tract,qwen3.5-9b,1015802,26,0.6154,36,95391.0
census_tract,qwen3.5-9b,1015900,97,0.5395,132,156830.0
census_tract,qwen3.5-9b,1016001,86,0.7345,116,
census_tract,qwen3.5-9b,1016002,29,0.8103,36,121216.0
census_tract,qwen3.5-9b,1016100,77,0.8972,113,179179.0
census_tract,qwen3.5-9b,1016200,244,0.2002,324,21942.0
census_tract,qwen3.5-9b,1016300,177,0.346,239,137829.0
census_tract,qwen3.5-9b,1016400,87,0.5421,114,26544.0
census_tract,qwen3.5-9b,1016500,101,0.835,141,213661.0
census_tract,qwen3.5-9b,1016600,88,0.3807,112,50231.0
census_tract,qwen3.5-9b,1016700,170,0.598,221,
census_tract,qwen3.5-9b,1016800,108,0.294,147,38833.0
census_tract,qwen3.5-9b,1016900,117,0.8205,150,184268.0
census_tract,qwen3.5-9b,1017000,110,0.7061,156,40027.0
census_tract,qwen3.5-9b,1017100,138,0.6147,168,149587.0
census_tract,qwen3.5-9b,1017200,110,0.5258,145,34024.0
census_tract,qwen3.5-9b,1017300,109,0.7523,141,162625.0
census_tract,qwen3.5-9b,1017401,78,0.453,102,37975.0
census_tract,qwen3.5-9b,1017402,32,0.3698,41,81364.0
census_tract,qwen3.5-9b,1017500,122,0.5164,157,154118.0
census_tract,qwen3.5-9b,1017700,92,0.6024,123,108429.0
census_tract,qwen3.5-9b,1017800,139,0.1223,185,56875.0
census_tract,qwen3.5-9b,1017900,162,0.4979,209,168859.0
census_tract,qwen3.5-9b,1018000,112,0.6119,146,50560.0
census_tract,qwen3.5-9b,1018100,98,0.7585,123,114966.0
census_tract,qwen3.5-9b,1018200,80,0.6875,97,38942.0
census_tract,qwen3.5-9b,1018300,201,0.5174,285,149367.0
census_tract,qwen3.5-9b,1018400,84,0.6171,115,51866.0
census_tract,qwen3.5-9b,1018500,45,0.5222,59,162188.0
census_tract,qwen3.5-9b,1018600,44,0.7947,70,50862.0
census_tract,qwen3.5-9b,1018700,150,0.4858,193,145459.0
census_tract,qwen3.5-9b,1018800,95,0.6158,131,27237.0
census_tract,qwen3.5-9b,1018900,128,0.5931,167,44263.0
census_tract,qwen3.5-9b,1019000,68,0.6324,88,121438.0
census_tract,qwen3.5-9b,1019100,171,0.6413,222,142500.0
census_tract,qwen3.5-9b,1019200,229,-0.3057,310,19525.0
census_tract,qwen3.5-9b,1019300,105,0.5206,134,67090.0
census_tract,qwen3.5-9b,1019400,118,0.4624,159,45750.0
census_tract,qwen3.5-9b,1019500,145,0.5282,194,122103.0
census_tract,qwen3.5-9b,1019600,118,0.4181,152,28069.0
census_tract,qwen3.5-9b,1019701,90,0.5824,122,57292.0
census_tract,qwen3.5-9b,1019702,35,0.6095,45,111250.0
census_tract,qwen3.5-9b,1019800,88,0.5814,118,108250.0
census_tract,qwen3.5-9b,1019900,143,0.6783,186,83929.0
census_tract,qwen3.5-9b,1020000,68,0.8419,88,57034.0
census_tract,qwen3.5-9b,1020101,27,0.9506,32,152250.0
census_tract,qwen3.5-9b,1020102,42,0.5119,48,83375.0
census_tract,qwen3.5-9b,1020300,84,0.6905,107,67528.0
census_tract,qwen3.5-9b,1020500,183,0.459,239,196576.0
census_tract,qwen3.5-9b,1020600,71,0.3627,92,50864.0
census_tract,qwen3.5-9b,1020701,25,0.78,31,92788.0
census_tract,qwen3.5-9b,1020800,71,0.6291,90,73197.0
census_tract,qwen3.5-9b,1020901,72,0.8715,97,25357.0
census_tract,qwen3.5-9b,1021000,213,-0.302,271,43645.0
census_tract,qwen3.5-9b,1021100,234,0.3038,333,65753.0
census_tract,qwen3.5-9b,1021200,81,0.2593,112,69702.0
census_tract,qwen3.5-9b,1021303,78,0.5248,105,57119.0
census_tract,qwen3.5-9b,1021400,50,0.2093,76,51068.0
census_tract,qwen3.5-9b,1021500,48,0.5139,67,56884.0
census_tract,qwen3.5-9b,1021600,84,0.8611,122,73831.0
census_tract,qwen3.5-9b,1021703,73,0.282,96,
census_tract,qwen3.5-9b,1021800,104,0.6651,132,47193.0
census_tract,qwen3.5-9b,1021900,185,0.2387,251,21938.0
census_tract,qwen3.5-9b,1022000,86,0.9826,110,74151.0
census_tract,qwen3.5-9b,1022102,62,0.6774,75,67669.0
census_tract,qwen3.5-9b,1022200,100,0.965,133,84071.0
census_tract,qwen3.5-9b,1022301,114,0.1594,157,50668.0
census_tract,qwen3.5-9b,1022302,55,-0.0909,68,50238.0
census_tract,qwen3.5-9b,1022400,79,0.8776,109,19326.0
census_tract,qwen3.5-9b,1022500,139,0.2878,170,53424.0
census_tract,qwen3.5-9b,1022600,76,0.6294,99,86559.0
census_tract,qwen3.5-9b,1022700,89,0.5674,122,63574.0
census_tract,qwen3.5-9b,1022800,97,0.7131,127,63413.0
census_tract,qwen3.5-9b,1022900,110,0.5409,140,60346.0
census_tract,qwen3.5-9b,1023000,64,0.5547,98,27860.0
census_tract,qwen3.5-9b,1023100,98,0.7364,126,69949.0
census_tract,qwen3.5-9b,1023200,96,0.3854,123,27967.0
census_tract,qwen3.5-9b,1023300,134,0.245,176,84927.0
census_tract,qwen3.5-9b,1023400,56,0.497,66,62346.0
census_tract,qwen3.5-9b,1023501,112,0.5098,152,71893.0
census_tract,qwen3.5-9b,1023502,30,0.5,36,44491.0
census_tract,qwen3.5-9b,1023600,207,0.0394,277,43679.0
census_tract,qwen3.5-9b,1023700,173,0.11,230,60404.0
census_tract,qwen3.5-9b,1023802,59,-0.1412,77,100870.0
census_tract,qwen3.5-9b,1023803,33,0.0303,44,80724.0
census_tract,qwen3.5-9b,1023804,85,0.2431,116,183536.0
census_tract,qwen3.5-9b,1023900,46,0.6848,61,48816.0
census_tract,qwen3.5-9b,1024000,716,-0.4254,940,
census_tract,qwen3.5-9b,1024100,177,0.2881,237,59500.0
census_tract,qwen3.5-9b,1024200,367,-0.2506,493,42617.0
census_tract,qwen3.5-9b,1024301,51,0.6013,67,74226.0
census_tract,qwen3.5-9b,1024302,242,-0.072,325,23574.0
census_tract,qwen3.5-9b,1024500,92,0.7518,130,51403.0
census_tract,qwen3.5-9b,1024700,147,-0.1553,188,83605.0
census_tract,qwen3.5-9b,1024900,35,0.3714,44,68000.0
census_tract,qwen3.5-9b,1025100,73,0.5788,97,37839.0
census_tract,qwen3.5-9b,1025300,103,0.6319,145,72763.0
census_tract,qwen3.5-9b,1025500,339,-0.3176,458,78315.0
census_tract,qwen3.5-9b,1025700,115,0.679,157,104033.0
census_tract,qwen3.5-9b,1025900,38,0.8114,51,79429.0
census_tract,qwen3.5-9b,1026100,149,0.0206,213,40352.0
census_tract,qwen3.5-9b,1026300,148,-0.2224,220,67024.0
census_tract,qwen3.5-9b,1026500,319,-0.6343,419,92434.0
census_tract,qwen3.5-9b,1026700,20,0.5,21,51250.0
census_tract,qwen3.5-9b,1026900,89,0.4775,117,52389.0
census_tract,qwen3.5-9b,1027100,102,0.6487,138,71595.0
census_tract,qwen3.5-9b,1027300,76,0.4682,102,122654.0
census_tract,qwen3.5-9b,1027500,200,-0.7054,271,170000.0
census_tract,qwen3.5-9b,1027700,56,0.5476,75,58086.0
census_tract,qwen3.5-9b,1027900,84,0.3264,112,68596.0
census_tract,qwen3.5-9b,1028100,40,0.1458,59,143194.0
census_tract,qwen3.5-9b,1028300,88,0.197,112,64803.0
census_tract,qwen3.5-9b,1028500,50,0.62,56,51026.0
census_tract,qwen3.5-9b,1028700,315,-0.1088,422,89476.0
census_tract,qwen3.5-9b,1029100,78,0.4265,112,62348.0
census_tract,qwen3.5-9b,1029300,76,0.6535,98,35987.0
census_tract,qwen3.5-9b,1029500,63,0.4418,81,87108.0
census_tract,qwen3.5-9b,1029700,193,-0.6632,264,
census_tract,qwen3.5-9b,1029900,177,-0.1365,239,34731.0
census_tract,qwen3.5-9b,1030300,79,0.5084,110,94208.0
census_tract,qwen3.5-9b,1030700,34,0.3725,48,108073.0
census_tract,qwen3.5-9b,1030900,151,-0.0727,205,40438.0
census_tract,qwen3.5-9b,1031100,453,-0.3208,594,
census_tract,qwen3.5-9b,1031703,136,0.8425,196,
census_tract,qwen3.5-9b,1031704,140,0.4679,188,218917.0
census_tract,qwen3.5-9b,1031900,43,-1.4845,59,
census_tract,qwen3.5-9b,2000200,133,-0.2331,161,123729.0
census_tract,qwen3.5-9b,2000400,151,-0.2058,188,105924.0
census_tract,qwen3.5-9b,2001600,135,-0.0062,180,52147.0
census_tract,qwen3.5-9b,2001901,120,0.0375,162,58083.0
census_tract,qwen3.5-9b,2001902,371,-0.4045,490,48953.0
census_tract,qwen3.5-9b,2001903,217,-0.5399,277,
census_tract,qwen3.5-9b,2002001,32,0.2135,41,22311.0
census_tract,qwen3.5-9b,2002002,65,0.1526,93,18649.0
census_tract,qwen3.5-9b,2002300,32,0.2448,43,16332.0
census_tract,qwen3.5-9b,2002400,67,-0.505,102,
census_tract,qwen3.5-9b,2002500,49,0.5986,63,35582.0
census_tract,qwen3.5-9b,2002701,26,0.0449,34,20266.0
census_tract,qwen3.5-9b,2002702,45,0.2074,58,30895.0
census_tract,qwen3.5-9b,2002800,184,-0.3422,268,58068.0
census_tract,qwen3.5-9b,2003100,68,-0.0257,88,59297.0
census_tract,qwen3.5-9b,2003300,47,0.2695,67,31289.0
census_tract,qwen3.5-9b,2003500,68,0.0588,87,36569.0
census_tract,qwen3.5-9b,2003700,17,0.0294,23,53029.0
census_tract,qwen3.5-9b,2003800,32,0.0833,44,54214.0
census_tract,qwen3.5-9b,2003900,71,0.6338,98,25625.0
census_tract,qwen3.5-9b,2004001,46,0.163,63,78935.0
census_tract,qwen3.5-9b,2004100,53,0.3459,74,14592.0
census_tract,qwen3.5-9b,2004200,203,-0.1691,260,55404.0
census_tract,qwen3.5-9b,2004300,88,0.3845,124,23393.0
census_tract,qwen3.5-9b,2004400,78,-0.0897,110,24375.0
census_tract,qwen3.5-9b,2004600,59,-0.2429,73,30714.0
census_tract,qwen3.5-9b,2004800,61,-0.3005,79,35870.0
census_tract,qwen3.5-9b,2005001,35,0.2333,52,33632.0
census_tract,qwen3.5-9b,2005002,33,0.303,47,34688.0
census_tract,qwen3.5-9b,2005100,239,0.0153,308,25851.0
census_tract,qwen3.5-9b,2005200,49,-0.0034,67,39743.0
census_tract,qwen3.5-9b,2005300,50,-0.5733,65,20608.0
census_tract,qwen3.5-9b,2005400,54,0.1481,72,54884.0
census_tract,qwen3.5-9b,2005600,41,0.1951,56,41684.0
census_tract,qwen3.5-9b,2005902,26,-0.0962,31,51364.0
census_tract,qwen3.5-9b,2006000,178,-0.3961,237,78269.0
census_tract,qwen3.5-9b,2006100,50,-0.12,63,72123.0
census_tract,qwen3.5-9b,2006200,96,-0.1181,119,27453.0
census_tract,qwen3.5-9b,2006301,398,-0.307,533,59924.0
census_tract,qwen3.5-9b,2006302,62,-0.125,85,
census_tract,qwen3.5-9b,2006400,90,-0.0926,120,41429.0
census_tract,qwen3.5-9b,2006500,86,0.4516,116,22740.0
census_tract,qwen3.5-9b,2006700,56,0.2946,71,30191.0
census_tract,qwen3.5-9b,2006800,66,-0.0669,89,32550.0
census_tract,qwen3.5-9b,2006900,66,0.1174,81,26608.0
census_tract,qwen3.5-9b,2007000,62,0.2823,79,40417.0
census_tract,qwen3.5-9b,2007100,73,0.3573,98,23148.0
census_tract,qwen3.5-9b,2007200,91,-0.1062,123,58244.0
census_tract,qwen3.5-9b,2007300,43,0.0969,54,29978.0
census_tract,qwen3.5-9b,2007400,41,-0.1179,61,69363.0
census_tract,qwen3.5-9b,2007500,78,0.1132,99,34259.0
census_tract,qwen3.5-9b,2007600,60,0.0472,84,53320.0
census_tract,qwen3.5-9b,2007700,45,0.2963,61,50733.0
census_tract,qwen3.5-9b,2007800,138,-0.0809,189,47216.0
census_tract,qwen3.5-9b,2007900,87,0.1264,114,43081.0
census_tract,qwen3.5-9b,2008300,86,0.345,122,48634.0
census_tract,qwen3.5-9b,2008400,53,-0.2516,68,63631.0
census_tract,qwen3.5-9b,2008500,61,0.2404,78,41535.0
census_tract,qwen3.5-9b,2008600,39,-0.0812,59,22671.0
census_tract,qwen3.5-9b,2008700,87,0.1849,133,40188.0
census_tract,qwen3.5-9b,2008900,45,0.5333,55,35914.0
census_tract,qwen3.5-9b,2009000,372,-0.6147,500,36806.0
census_tract,qwen3.5-9b,2009200,208,-0.1405,269,58717.0
census_tract,qwen3.5-9b,2009301,293,-0.2892,412,50962.0
census_tract,qwen3.5-9b,2009302,398,-0.7785,521,
census_tract,qwen3.5-9b,2009600,170,-0.2927,235,47212.0
census_tract,qwen3.5-9b,2009800,257,-0.2685,330,97896.0
census_tract,qwen3.5-9b,2011000,306,-0.628,402,
census_tract,qwen3.5-9b,2011502,176,-0.3403,233,30922.0
census_tract,qwen3.5-9b,2011701,93,-0.6129,127,36857.0
census_tract,qwen3.5-9b,2011702,94,-1.1631,134,
census_tract,qwen3.5-9b,2011800,235,-0.2103,304,93319.0
census_tract,qwen3.5-9b,2011900,60,0.1569,77,44122.0
census_tract,qwen3.5-9b,2012101,45,0.3148,59,34464.0
census_tract,qwen3.5-9b,2012102,19,0.193,25,28200.0
census_tract,qwen3.5-9b,2012300,109,-0.2171,146,36435.0
census_tract,qwen3.5-9b,2012500,59,0.0071,78,55772.0
census_tract,qwen3.5-9b,2012701,48,0.3611,63,34688.0
census_tract,qwen3.5-9b,2012901,71,0.2446,106,39409.0
census_tract,qwen3.5-9b,2013000,61,-0.377,86,59595.0
census_tract,qwen3.5-9b,2013100,76,0.2829,100,19760.0
census_tract,qwen3.5-9b,2013200,168,0.0329,226,107563.0
census_tract,qwen3.5-9b,2013300,30,0.5778,39,28560.0
census_tract,qwen3.5-9b,2013500,50,0.2033,69,26125.0
census_tract,qwen3.5-9b,2013800,413,-0.5527,560,92567.0
census_tract,qwen3.5-9b,2014100,68,0.3676,89,38816.0
census_tract,qwen3.5-9b,2014300,39,-0.2692,47,12367.0
census_tract,qwen3.5-9b,2014400,139,-0.3981,192,30288.0
census_tract,qwen3.5-9b,2014500,51,0.2876,71,28104.0
census_tract,qwen3.5-9b,2014701,26,-0.0256,32,35277.0
census_tract,qwen3.5-9b,2014702,32,0.3438,45,23825.0
census_tract,qwen3.5-9b,2014900,39,0.1709,49,35982.0
census_tract,qwen3.5-9b,2015100,81,0.2119,113,31298.0
census_tract,qwen3.5-9b,2015200,138,-0.2886,172,81875.0
census_tract,qwen3.5-9b,2015300,76,0.114,103,33028.0
census_tract,qwen3.5-9b,2015500,32,-0.0677,44,43913.0
census_tract,qwen3.5-9b,2015700,89,0.1189,113,46504.0
census_tract,qwen3.5-9b,2015800,54,-0.1111,63,87656.0
census_tract,qwen3.5-9b,2015900,32,0.6458,40,25686.0
census_tract,qwen3.5-9b,2016000,198,-0.2231,262,90221.0
census_tract,qwen3.5-9b,2016100,94,0.0851,122,23210.0
census_tract,qwen3.5-9b,2016200,43,0.0388,66,121645.0
census_tract,qwen3.5-9b,2016300,57,0.3655,74,
census_tract,qwen3.5-9b,2016400,64,-0.0938,89,69057.0
census_tract,qwen3.5-9b,2016500,134,-0.342,177,52446.0
census_tract,qwen3.5-9b,2016600,115,-0.3457,151,109519.0
census_tract,qwen3.5-9b,2016700,73,0.0011,108,45363.0
census_tract,qwen3.5-9b,2016900,35,0.1952,45,42168.0
census_tract,qwen3.5-9b,2017100,25,-0.2267,34,
census_tract,qwen3.5-9b,2017300,51,0.2925,79,33269.0
census_tract,qwen3.5-9b,2017500,54,0.2537,79,18474.0
census_tract,qwen3.5-9b,2017701,36,0.4759,48,62126.0
census_tract,qwen3.5-9b,2017702,42,0.504,57,40125.0
census_tract,qwen3.5-9b,2017901,31,0.2903,40,47778.0
census_tract,qwen3.5-9b,2017902,22,0.3636,32,42870.0
census_tract,qwen3.5-9b,2018101,22,0.5379,32,55664.0
census_tract,qwen3.5-9b,2018102,37,0.6802,49,31618.0
census_tract,qwen3.5-9b,2018301,20,-0.175,26,46389.0
census_tract,qwen3.5-9b,2018302,46,0.1746,75,68627.0
census_tract,qwen3.5-9b,2018400,146,-0.0662,186,92273.0
census_tract,qwen3.5-9b,2018501,55,0.1921,82,49444.0
census_tract,qwen3.5-9b,2018502,76,0.2072,102,28963.0
census_tract,qwen3.5-9b,2018900,184,-0.2577,242,54056.0
census_tract,qwen3.5-9b,2019300,113,-0.4764,164,46794.0
census_tract,qwen3.5-9b,2019400,380,-0.6679,486,100950.0
census_tract,qwen3.5-9b,2019500,92,0.4069,121,45661.0
census_tract,qwen3.5-9b,2019700,73,0.3276,108,25439.0
census_tract,qwen3.5-9b,2019900,66,0.2854,95,34311.0
census_tract,qwen3.5-9b,2020000,105,0.1857,137,46622.0
census_tract,qwen3.5-9b,2020100,210,-0.5683,283,32692.0
census_tract,qwen3.5-9b,2020200,45,0.2,61,53491.0
census_tract,qwen3.5-9b,2020400,43,0.2209,54,55947.0
census_tract,qwen3.5-9b,2020501,179,-0.4477,260,27349.0
census_tract,qwen3.5-9b,2020502,9,0.1111,10,39688.0
census_tract,qwen3.5-9b,2020601,48,0.1389,64,86701.0
census_tract,qwen3.5-9b,2020900,59,0.163,83,38333.0
census_tract,qwen3.5-9b,2021001,44,0.4394,54,52629.0
census_tract,qwen3.5-9b,2021002,52,0.1026,68,73188.0
census_tract,qwen3.5-9b,2021100,57,0.2836,82,52128.0
census_tract,qwen3.5-9b,2021200,30,-0.0333,37,68926.0
census_tract,qwen3.5-9b,2021301,78,-0.3632,101,37171.0
census_tract,qwen3.5-9b,2021302,57,0.2734,89,37049.0
census_tract,qwen3.5-9b,2021501,23,0.3841,32,37171.0
census_tract,qwen3.5-9b,2021502,46,0.3297,57,20415.0
census_tract,qwen3.5-9b,2021601,79,-0.1329,103,33990.0
census_tract,qwen3.5-9b,2021602,72,0.0463,88,58569.0
census_tract,qwen3.5-9b,2021700,73,0.016,99,36195.0
census_tract,qwen3.5-9b,2021800,177,-0.3333,245,60108.0
census_tract,qwen3.5-9b,2021900,49,0.2925,71,48444.0
census_tract,qwen3.5-9b,2022000,67,-0.5149,87,23910.0
census_tract,qwen3.5-9b,2022101,28,0.4405,38,52176.0
census_tract,qwen3.5-9b,2022102,33,0.1237,52,33614.0
census_tract,qwen3.5-9b,2022200,74,0.3221,96,48110.0
census_tract,qwen3.5-9b,2022300,42,0.2857,55,45257.0
census_tract,qwen3.5-9b,2022401,45,0.3778,64,53398.0
census_tract,qwen3.5-9b,2022403,49,0.1565,65,72143.0
census_tract,qwen3.5-9b,2022404,34,0.5539,45,61760.0
census_tract,qwen3.5-9b,2022500,79,0.1392,108,50243.0
census_tract,qwen3.5-9b,2022701,66,-0.1313,81,37828.0
census_tract,qwen3.5-9b,2022702,49,-0.2075,60,34145.0
census_tract,qwen3.5-9b,2022703,33,0.1515,43,60694.0
census_tract,qwen3.5-9b,2022800,46,0.1123,57,83859.0
census_tract,qwen3.5-9b,2022901,90,-0.0148,114,52222.0
census_tract,qwen3.5-9b,2022902,53,-0.2937,74,47833.0
census_tract,qwen3.5-9b,2023000,67,-0.2488,87,53826.0
census_tract,qwen3.5-9b,2023100,61,-0.3607,86,
census_tract,qwen3.5-9b,2023200,44,0.4091,62,50893.0
census_tract,qwen3.5-9b,2023301,43,0.564,53,37936.0
census_tract,qwen3.5-9b,2023302,30,0.3,39,69030.0
census_tract,qwen3.5-9b,2023501,35,0.0714,44,19940.0
census_tract,qwen3.5-9b,2023502,55,0.1752,73,41780.0
census_tract,qwen3.5-9b,2023600,43,0.2791,60,52368.0
census_tract,qwen3.5-9b,2023702,31,0.5215,38,34922.0
census_tract,qwen3.5-9b,2023703,60,0.3778,77,32892.0
census_tract,qwen3.5-9b,2023704,23,0.1304,28,32228.0
census_tract,qwen3.5-9b,2023800,84,-0.1081,110,64408.0
census_tract,qwen3.5-9b,2023900,74,0.5631,103,37543.0
census_tract,qwen3.5-9b,2024000,120,-0.075,171,68832.0
census_tract,qwen3.5-9b,2024100,48,0.5243,70,22361.0
census_tract,qwen3.5-9b,2024300,25,0.44,29,30446.0
census_tract,qwen3.5-9b,2024400,76,0.1732,98,82083.0
census_tract,qwen3.5-9b,2024501,37,0.3153,52,45900.0
census_tract,qwen3.5-9b,2024502,26,-0.2885,33,60221.0
census_tract,qwen3.5-9b,2024600,50,0.11,63,97115.0
census_tract,qwen3.5-9b,2024700,60,-0.35,81,48906.0
census_tract,qwen3.5-9b,2024800,127,0.0774,173,61210.0
census_tract,qwen3.5-9b,2024900,26,-0.4231,30,
census_tract,qwen3.5-9b,2025000,53,0.3302,62,109896.0
census_tract,qwen3.5-9b,2025100,59,0.1384,81,36845.0
census_tract,qwen3.5-9b,2025200,54,0.3858,70,83688.0
census_tract,qwen3.5-9b,2025300,39,0.5,53,42976.0
census_tract,qwen3.5-9b,2025400,60,0.1528,76,90108.0
census_tract,qwen3.5-9b,2025500,44,0.1856,61,49159.0
census_tract,qwen3.5-9b,2025600,56,0.15,70,60815.0
census_tract,qwen3.5-9b,2025700,77,-0.316,106,38667.0
census_tract,qwen3.5-9b,2026100,31,-0.0806,41,59242.0
census_tract,qwen3.5-9b,2026300,43,0.3527,49,42100.0
census_tract,qwen3.5-9b,2026400,141,0.0423,181,65337.0
census_tract,qwen3.5-9b,2026500,60,0.1644,79,71688.0
census_tract,qwen3.5-9b,2026601,75,-0.0333,95,51042.0
census_tract,qwen3.5-9b,2026602,93,0.3262,124,53969.0
census_tract,qwen3.5-9b,2026701,29,0.5287,35,52286.0
census_tract,qwen3.5-9b,2026702,69,0.3961,90,75924.0
census_tract,qwen3.5-9b,2026900,222,-0.3026,292,27569.0
census_tract,qwen3.5-9b,2027300,76,0.1022,103,51730.0
census_tract,qwen3.5-9b,2027401,360,-0.3023,477,105346.0
census_tract,qwen3.5-9b,2027402,89,0.014,133,108235.0
census_tract,qwen3.5-9b,2027600,450,-0.5216,619,
census_tract,qwen3.5-9b,2027700,120,-0.2722,163,48750.0
census_tract,qwen3.5-9b,2027900,136,-0.0196,176,72721.0
census_tract,qwen3.5-9b,2028100,61,0.1913,72,65982.0
census_tract,qwen3.5-9b,2028300,120,-0.2194,152,13796.0
census_tract,qwen3.5-9b,2028400,398,-0.4856,544,
census_tract,qwen3.5-9b,2028500,72,-0.0926,98,70659.0
census_tract,qwen3.5-9b,2028600,46,0.1413,60,72692.0
census_tract,qwen3.5-9b,2028700,37,0.1036,51,62500.0
census_tract,qwen3.5-9b,2028800,74,0.214,116,97969.0
census_tract,qwen3.5-9b,2028900,85,-0.0118,104,61797.0
census_tract,qwen3.5-9b,2029301,52,-0.5593,73,145951.0
census_tract,qwen3.5-9b,2029302,196,-0.1628,270,133102.0
census_tract,qwen3.5-9b,2029500,68,0.2549,86,98125.0
census_tract,qwen3.5-9b,2029600,275,-0.1418,353,57474.0
census_tract,qwen3.5-9b,2029700,119,-0.1681,153,100548.0
census_tract,qwen3.5-9b,2030000,123,0.1138,162,78155.0
census_tract,qwen3.5-9b,2030100,35,0.0762,44,80357.0
census_tract,qwen3.5-9b,2030201,86,-0.1566,121,69500.0
census_tract,qwen3.5-9b,2030202,49,-0.0136,66,74044.0
census_tract,qwen3.5-9b,2030701,70,-0.2548,99,109890.0
census_tract,qwen3.5-9b,2030900,133,-0.5409,183,117333.0
census_tract,qwen3.5-9b,2031000,183,-0.0514,248,148168.0
census_tract,qwen3.5-9b,2031200,75,0.1911,104,108056.0
census_tract,qwen3.5-9b,2031400,67,0.255,90,111800.0
census_tract,qwen3.5-9b,2031600,46,0.2384,70,79263.0
census_tract,qwen3.5-9b,2031800,56,-0.0268,74,96000.0
census_tract,qwen3.5-9b,2031900,11,0.0,11,
census_tract,qwen3.5-9b,2032300,126,-0.4566,159,95556.0
census_tract,qwen3.5-9b,2032400,51,0.0784,67,31489.0
census_tract,qwen3.5-9b,2032600,140,0.3143,186,89323.0
census_tract,qwen3.5-9b,2032800,78,0.1165,104,49720.0
census_tract,qwen3.5-9b,2033000,63,0.1508,82,40133.0
census_tract,qwen3.5-9b,2033201,40,-0.2833,56,35360.0
census_tract,qwen3.5-9b,2033202,36,0.1389,52,50245.0
census_tract,qwen3.5-9b,2033400,629,-0.6819,825,
census_tract,qwen3.5-9b,2033500,235,-0.3599,305,109867.0
census_tract,qwen3.5-9b,2033601,34,0.0662,44,20765.0
census_tract,qwen3.5-9b,2033602,26,0.3013,36,70475.0
census_tract,qwen3.5-9b,2033700,121,-0.1309,161,125273.0
census_tract,qwen3.5-9b,2033801,45,0.1444,60,72725.0
census_tract,qwen3.5-9b,2033802,19,-0.0263,23,62153.0
census_tract,qwen3.5-9b,2034000,62,0.1102,85,63500.0
census_tract,qwen3.5-9b,2034200,62,0.0376,80,73298.0
census_tract,qwen3.5-9b,2034300,44,-0.1174,57,76940.0
census_tract,qwen3.5-9b,2034400,73,0.0639,96,79167.0
census_tract,qwen3.5-9b,2034500,103,-0.0542,133,100539.0
census_tract,qwen3.5-9b,2034800,158,-0.0154,212,55700.0
census_tract,qwen3.5-9b,2035000,66,-0.1995,88,72778.0
census_tract,qwen3.5-9b,2035100,171,-0.3021,236,94948.0
census_tract,qwen3.5-9b,2035600,154,-0.2511,202,85962.0
census_tract,qwen3.5-9b,2035800,232,-0.055,302,87553.0
census_tract,qwen3.5-9b,2035900,81,-0.3971,115,34472.0
census_tract,qwen3.5-9b,2036000,99,0.1684,136,85708.0
census_tract,qwen3.5-9b,2036100,53,-0.0346,71,29250.0
census_tract,qwen3.5-9b,2036300,88,0.2803,113,27273.0
census_tract,qwen3.5-9b,2036400,82,-0.2018,111,64850.0
census_tract,qwen3.5-9b,2036501,36,0.3009,55,47739.0
census_tract,qwen3.5-9b,2036502,48,-0.25,62,27110.0
census_tract,qwen3.5-9b,2036700,46,0.0942,56,27465.0
census_tract,qwen3.5-9b,2036800,65,-0.0282,88,65781.0
census_tract,qwen3.5-9b,2036901,62,-0.4892,78,16232.0
census_tract,qwen3.5-9b,2036902,17,-0.3529,20,36484.0
census_tract,qwen3.5-9b,2037000,51,0.2255,58,108523.0
census_tract,qwen3.5-9b,2037100,51,0.3382,67,39932.0
census_tract,qwen3.5-9b,2037200,72,0.1296,93,75224.0
census_tract,qwen3.5-9b,2037300,57,0.3991,84,50000.0
census_tract,qwen3.5-9b,2037400,43,0.4806,64,35785.0
census_tract,qwen3.5-9b,2037504,73,0.1963,90,40219.0
census_tract,qwen3.5-9b,2037600,38,0.0307,49,60288.0
census_tract,qwen3.5-9b,2037800,46,-0.1159,61,65964.0
census_tract,qwen3.5-9b,2037900,58,0.3218,72,50250.0
census_tract,qwen3.5-9b,2038000,70,0.1333,98,48073.0
census_tract,qwen3.5-9b,2038100,59,0.2938,74,42015.0
census_tract,qwen3.5-9b,2038200,51,-0.049,74,83125.0
census_tract,qwen3.5-9b,2038301,35,0.5762,44,44040.0
census_tract,qwen3.5-9b,2038303,21,0.8333,28,45258.0
census_tract,qwen3.5-9b,2038304,25,0.3333,34,26842.0
census_tract,qwen3.5-9b,2038500,67,0.1891,87,13554.0
census_tract,qwen3.5-9b,2038600,154,-0.0465,210,68481.0
census_tract,qwen3.5-9b,2038700,63,0.2566,88,44982.0
census_tract,qwen3.5-9b,2038800,36,-0.1157,57,61000.0
census_tract,qwen3.5-9b,2038900,50,0.25,54,46471.0
census_tract,qwen3.5-9b,2039000,56,-0.2899,76,56563.0
census_tract,qwen3.5-9b,2039100,72,0.5775,110,34663.0
census_tract,qwen3.5-9b,2039200,36,0.1389,49,67917.0
census_tract,qwen3.5-9b,2039300,43,0.2016,60,27776.0
census_tract,qwen3.5-9b,2039400,38,0.3421,45,60373.0
census_tract,qwen3.5-9b,2039500,163,-0.1868,212,21674.0
census_tract,qwen3.5-9b,2039600,73,0.0457,94,48798.0
census_tract,qwen3.5-9b,2039700,107,-0.0156,143,31964.0
census_tract,qwen3.5-9b,2039800,51,0.0196,67,28491.0
census_tract,qwen3.5-9b,2039901,103,0.1505,138,43503.0
census_tract,qwen3.5-9b,2039902,50,0.705,63,43491.0
census_tract,qwen3.5-9b,2040100,61,-0.0519,79,28649.0
census_tract,qwen3.5-9b,2040302,31,0.2742,48,37756.0
census_tract,qwen3.5-9b,2040303,38,-0.2456,48,42750.0
census_tract,qwen3.5-9b,2040304,31,0.3011,43,36913.0
census_tract,qwen3.5-9b,2040400,63,-0.1746,83,65451.0
census_tract,qwen3.5-9b,2040501,15,0.0,21,42386.0
census_tract,qwen3.5-9b,2040502,40,0.2438,53,38884.0
census_tract,qwen3.5-9b,2040600,58,0.0,82,48857.0
census_tract,qwen3.5-9b,2040701,24,0.125,29,46188.0
census_tract,qwen3.5-9b,2040702,75,0.1356,103,33946.0
census_tract,qwen3.5-9b,2040800,36,0.2824,54,41555.0
census_tract,qwen3.5-9b,2040900,135,0.0272,176,67793.0
census_tract,qwen3.5-9b,2041100,69,0.0725,87,54219.0
census_tract,qwen3.5-9b,2041300,75,-0.0033,106,60254.0
census_tract,qwen3.5-9b,2041400,152,-0.0954,196,125302.0
census_tract,qwen3.5-9b,2041500,60,0.3611,82,50579.0
census_tract,qwen3.5-9b,2041800,116,-0.4533,153,62567.0
census_tract,qwen3.5-9b,2041900,124,0.3253,166,57079.0
census_tract,qwen3.5-9b,2042000,47,-0.078,71,31776.0
census_tract,qwen3.5-9b,2042100,98,0.0918,119,52824.0
census_tract,qwen3.5-9b,2042200,47,0.0603,64,75201.0
census_tract,qwen3.5-9b,2042300,39,0.141,54,71422.0
census_tract,qwen3.5-9b,2042400,53,-0.0472,69,106468.0
census_tract,qwen3.5-9b,2042500,106,0.4638,133,48280.0
census_tract,qwen3.5-9b,2042600,165,0.0475,223,99764.0
census_tract,qwen3.5-9b,2042800,49,0.2415,61,168646.0
census_tract,qwen3.5-9b,2042901,52,0.1635,73,46779.0
census_tract,qwen3.5-9b,2042902,30,0.1333,37,44663.0
census_tract,qwen3.5-9b,2043000,70,0.2048,94,85074.0
census_tract,qwen3.5-9b,2043101,38,-0.057,56,40089.0
census_tract,qwen3.5-9b,2043102,46,0.1703,58,50926.0
census_tract,qwen3.5-9b,2043400,107,0.2539,142,76036.0
census_tract,qwen3.5-9b,2043501,229,-0.881,309,
census_tract,qwen3.5-9b,2043502,78,-0.3474,115,
census_tract,qwen3.5-9b,2043503,785,-0.5173,1032,
census_tract,qwen3.5-9b,2043600,53,-0.0094,73,84735.0
census_tract,qwen3.5-9b,2044200,79,-0.1034,106,56434.0
census_tract,qwen3.5-9b,2044400,125,-0.0006,176,89615.0
census_tract,qwen3.5-9b,2044800,52,0.0785,76,104094.0
census_tract,qwen3.5-9b,2044901,57,0.0556,78,91419.0
census_tract,qwen3.5-9b,2044902,41,-0.1545,53,99297.0
census_tract,qwen3.5-9b,2045101,66,-0.1641,87,77246.0
census_tract,qwen3.5-9b,2045102,86,-0.4922,116,99395.0
census_tract,qwen3.5-9b,2045600,312,-0.399,413,79386.0
census_tract,qwen3.5-9b,2045800,52,-0.0673,69,30453.0
census_tract,qwen3.5-9b,2046000,67,0.005,90,44355.0
census_tract,qwen3.5-9b,2046203,266,-0.5248,358,40755.0
census_tract,qwen3.5-9b,2046204,34,-0.0441,54,63652.0
census_tract,qwen3.5-9b,2046205,379,-0.2931,493,75679.0
census_tract,qwen3.5-9b,2046206,5,-0.2,6,67234.0
census_tract,qwen3.5-9b,2046207,70,-0.381,104,59838.0
census_tract,qwen3.5-9b,2046208,192,-0.2127,233,87061.0
census_tract,qwen3.5-9b,2046209,144,-0.5938,202,30185.0
census_tract,qwen3.5-9b,2048401,185,-0.2149,248,88862.0
census_tract,qwen3.5-9b,2048402,17,-0.2353,21,
census_tract,qwen3.5-9b,2050400,586,-0.8308,791,
census_tract,qwen3.5-9b,2051601,273,-0.0269,387,103125.0
census_tract,qwen3.5-9b,3000100,82,0.0467,102,178162.0
census_tract,qwen3.5-9b,3000200,96,-0.3663,126,79375.0
census_tract,qwen3.5-9b,3000301,43,-0.062,55,185128.0
census_tract,qwen3.5-9b,3000501,17,0.2451,25,141364.0
census_tract,qwen3.5-9b,3000502,18,0.4167,20,168013.0
census_tract,qwen3.5-9b,3000700,59,0.1921,74,201827.0
census_tract,qwen3.5-9b,3000900,31,0.6989,43,205500.0
census_tract,qwen3.5-9b,3001100,34,0.7941,47,203958.0
census_tract,qwen3.5-9b,3001300,94,0.2908,125,139866.0
census_tract,qwen3.5-9b,3001501,56,0.2649,70,142560.0
census_tract,qwen3.5-9b,3001502,39,0.2692,47,138179.0
census_tract,qwen3.5-9b,3001801,156,-0.6507,216,
census_tract,qwen3.5-9b,3001802,72,-0.015,101,
census_tract,qwen3.5-9b,3001803,59,-0.5706,79,
census_tract,qwen3.5-9b,3001804,10,-0.35,11,
census_tract,qwen3.5-9b,3002000,72,-0.3403,91,81458.0
census_tract,qwen3.5-9b,3002100,128,0.3333,173,
census_tract,qwen3.5-9b,3002200,93,-0.3647,125,41852.0
census_tract,qwen3.5-9b,3002300,73,0.1347,107,34977.0
census_tract,qwen3.5-9b,3002901,28,0.0179,37,22855.0
census_tract,qwen3.5-9b,3003000,52,0.0112,69,130473.0
census_tract,qwen3.5-9b,3003101,24,-0.0625,29,158500.0
census_tract,qwen3.5-9b,3003102,11,0.5152,15,
census_tract,qwen3.5-9b,3003300,39,0.2222,47,136217.0
census_tract,qwen3.5-9b,3003400,100,-0.11,138,113143.0
census_tract,qwen3.5-9b,3003500,52,0.6314,78,123417.0
census_tract,qwen3.5-9b,3003600,32,0.9062,37,91583.0
census_tract,qwen3.5-9b,3003700,49,0.6429,69,181404.0
census_tract,qwen3.5-9b,3003800,31,0.1667,43,135313.0
census_tract,qwen3.5-9b,3003900,35,0.5905,50,187273.0
census_tract,qwen3.5-9b,3004100,27,0.7963,33,229002.0
census_tract,qwen3.5-9b,3004300,39,0.4188,53,161875.0
census_tract,qwen3.5-9b,3004400,83,0.1747,120,142143.0
census_tract,qwen3.5-9b,3004500,35,0.7214,53,189833.0
census_tract,qwen3.5-9b,3004600,72,0.1171,94,134773.0
census_tract,qwen3.5-9b,3004700,78,-0.3291,108,145341.0
census_tract,qwen3.5-9b,3004900,28,0.7321,35,166667.0
census_tract,qwen3.5-9b,3005000,51,0.1078,60,134013.0
census_tract,qwen3.5-9b,3005100,53,-0.0752,73,178913.0
census_tract,qwen3.5-9b,3005201,30,-0.0722,39,40789.0
census_tract,qwen3.5-9b,3005202,38,-0.0789,50,107143.0
census_tract,qwen3.5-9b,3005301,64,-0.1042,89,126071.0
census_tract,qwen3.5-9b,3005302,114,-0.6608,144,139609.0
census_tract,qwen3.5-9b,3005303,27,-1.6481,35,203750.0
census_tract,qwen3.5-9b,3005400,39,-0.0256,47,85342.0
census_tract,qwen3.5-9b,3005601,35,0.5905,45,104598.0
census_tract,qwen3.5-9b,3005602,34,0.4951,43,96397.0
census_tract,qwen3.5-9b,3005800,44,0.3523,52,77648.0
census_tract,qwen3.5-9b,3005900,124,-0.1734,167,110288.0
census_tract,qwen3.5-9b,3006000,49,0.3214,65,88542.0
census_tract,qwen3.5-9b,3006200,29,0.7241,39,83500.0
census_tract,qwen3.5-9b,3006300,28,-0.0179,36,188519.0
census_tract,qwen3.5-9b,3006400,33,0.3333,46,98846.0
census_tract,qwen3.5-9b,3006500,50,0.3933,66,202355.0
census_tract,qwen3.5-9b,3006600,33,0.4343,54,98158.0
census_tract,qwen3.5-9b,3006700,27,0.9877,38,214931.0
census_tract,qwen3.5-9b,3006800,27,0.6235,34,80938.0
census_tract,qwen3.5-9b,3006901,12,0.0,13,149936.0
census_tract,qwen3.5-9b,3006902,17,0.4412,22,226136.0
census_tract,qwen3.5-9b,3007000,38,-0.0833,49,87198.0
census_tract,qwen3.5-9b,3007100,32,0.5417,52,53786.0
census_tract,qwen3.5-9b,3007200,33,-0.1793,49,64000.0
census_tract,qwen3.5-9b,3007400,30,0.2333,37,73454.0
census_tract,qwen3.5-9b,3007500,56,0.2188,73,169375.0
census_tract,qwen3.5-9b,3007600,23,0.5942,40,73681.0
census_tract,qwen3.5-9b,3007700,94,0.0816,127,212827.0
census_tract,qwen3.5-9b,3007800,23,0.7464,28,79981.0
census_tract,qwen3.5-9b,3008000,22,0.8182,25,71250.0
census_tract,qwen3.5-9b,3008200,33,0.7121,44,53500.0
census_tract,qwen3.5-9b,3008400,58,0.0991,68,116100.0
census_tract,qwen3.5-9b,3008500,35,-0.4429,49,27854.0
census_tract,qwen3.5-9b,3008600,9,0.5556,9,
census_tract,qwen3.5-9b,3008800,12,0.0,16,95707.0
census_tract,qwen3.5-9b,3009001,9,-0.1111,11,45945.0
census_tract,qwen3.5-9b,3009002,6,1.0833,7,62225.0
census_tract,qwen3.5-9b,3009201,15,0.7444,21,83824.0
census_tract,qwen3.5-9b,3009202,9,0.3333,10,53641.0
census_tract,qwen3.5-9b,3009401,11,0.4848,14,49620.0
census_tract,qwen3.5-9b,3009402,13,0.5385,17,85929.0
census_tract,qwen3.5-9b,3009600,24,0.3889,34,83664.0
census_tract,qwen3.5-9b,3009800,25,1.0,28,60679.0
census_tract,qwen3.5-9b,3010000,37,0.7432,50,57881.0
census_tract,qwen3.5-9b,3010100,51,0.1948,77,136705.0
census_tract,qwen3.5-9b,3010200,23,0.9348,28,65668.0
census_tract,qwen3.5-9b,3010401,7,0.8571,7,56875.0
census_tract,qwen3.5-9b,3010402,15,0.2667,22,40255.0
census_tract,qwen3.5-9b,3010601,20,0.525,25,45106.0
census_tract,qwen3.5-9b,3010602,13,0.6154,21,65372.0
census_tract,qwen3.5-9b,3010801,10,0.3,13,66143.0
census_tract,qwen3.5-9b,3010802,6,0.6667,6,69479.0
census_tract,qwen3.5-9b,3011000,27,0.3148,31,86932.0
census_tract,qwen3.5-9b,3011200,31,0.5785,45,60348.0
census_tract,qwen3.5-9b,3011400,31,0.4032,42,74063.0
census_tract,qwen3.5-9b,3011600,42,0.5278,59,65551.0
census_tract,qwen3.5-9b,3011700,53,0.1918,70,153348.0
census_tract,qwen3.5-9b,3011800,29,0.6983,38,62273.0
census_tract,qwen3.5-9b,3011901,73,0.4772,111,165179.0
census_tract,qwen3.5-9b,3011902,26,-0.5,34,
census_tract,qwen3.5-9b,3012000,61,0.0355,85,72987.0
census_tract,qwen3.5-9b,3012100,39,0.7564,51,130357.0
census_tract,qwen3.5-9b,3012200,40,-0.125,52,54071.0
census_tract,qwen3.5-9b,3012600,93,-0.3871,119,81477.0
census_tract,qwen3.5-9b,3012700,35,0.5429,47,63750.0
census_tract,qwen3.5-9b,3012801,22,-0.0455,25,74306.0
census_tract,qwen3.5-9b,3012901,34,0.6814,51,
census_tract,qwen3.5-9b,3012902,32,0.8542,43,183510.0
census_tract,qwen3.5-9b,3013000,30,0.5222,37,78942.0
census_tract,qwen3.5-9b,3013100,21,0.6905,25,107083.0
census_tract,qwen3.5-9b,3013200,20,0.4,23,81429.0
census_tract,qwen3.5-9b,3013300,38,0.636,47,201298.0
census_tract,qwen3.5-9b,3013400,87,-0.1686,119,99886.0
census_tract,qwen3.5-9b,3013500,19,0.5263,23,221920.0
census_tract,qwen3.5-9b,3013600,57,0.1579,80,88182.0
census_tract,qwen3.5-9b,3013700,34,0.8676,40,170600.0
census_tract,qwen3.5-9b,3013800,20,0.5667,26,112703.0
census_tract,qwen3.5-9b,3013900,29,0.408,38,173378.0
census_tract,qwen3.5-9b,3014000,31,0.4946,44,61111.0
census_tract,qwen3.5-9b,3014101,25,0.3867,36,215104.0
census_tract,qwen3.5-9b,3014102,11,0.0909,14,113750.0
census_tract,qwen3.5-9b,3014200,89,-0.3127,117,81250.0
census_tract,qwen3.5-9b,3014300,92,0.0866,116,119594.0
census_tract,qwen3.5-9b,3014500,26,0.2885,35,117800.0
census_tract,qwen3.5-9b,3014700,26,-0.1282,33,162847.0
census_tract,qwen3.5-9b,3014800,23,0.6522,28,88787.0
census_tract,qwen3.5-9b,3014901,11,0.8939,16,166161.0
census_tract,qwen3.5-9b,3014902,34,0.1127,46,171346.0
census_tract,qwen3.5-9b,3015000,18,0.0556,21,63594.0
census_tract,qwen3.5-9b,3015100,16,0.8021,21,188866.0
census_tract,qwen3.5-9b,3015200,45,0.1,61,92454.0
census_tract,qwen3.5-9b,3015300,36,0.6736,44,154286.0
census_tract,qwen3.5-9b,3015400,58,-0.2155,73,
census_tract,qwen3.5-9b,3015500,19,0.5614,26,206176.0
census_tract,qwen3.5-9b,3015700,23,0.9783,30,209940.0
census_tract,qwen3.5-9b,3015900,55,0.5091,72,201858.0
census_tract,qwen3.5-9b,3016000,93,-0.0072,122,83920.0
census_tract,qwen3.5-9b,3016100,36,0.8519,47,172234.0
census_tract,qwen3.5-9b,3016200,83,-0.4468,120,100278.0
census_tract,qwen3.5-9b,3016300,33,0.697,49,196630.0
census_tract,qwen3.5-9b,3016400,136,-0.7328,182,106875.0
census_tract,qwen3.5-9b,3016500,38,0.8553,49,
census_tract,qwen3.5-9b,3016600,59,0.4336,87,114635.0
census_tract,qwen3.5-9b,3016700,35,0.8286,44,190125.0
census_tract,qwen3.5-9b,3016800,62,-0.0309,79,118341.0
census_tract,qwen3.5-9b,3016900,50,0.4133,74,140727.0
census_tract,qwen3.5-9b,3017000,38,0.5263,47,102417.0
census_tract,qwen3.5-9b,3017100,42,0.6587,56,174646.0
census_tract,qwen3.5-9b,3017200,54,0.3549,71,136096.0
census_tract,qwen3.5-9b,3017400,40,-0.19,61,103594.0
census_tract,qwen3.5-9b,3017500,50,-0.11,72,
census_tract,qwen3.5-9b,3017600,20,-0.2417,28,90833.0
census_tract,qwen3.5-9b,3017700,169,0.0444,228,
census_tract,qwen3.5-9b,3017800,40,0.3917,55,91923.0
census_tract,qwen3.5-9b,3017900,34,0.4559,45,103836.0
census_tract,qwen3.5-9b,3018000,23,0.1594,28,59936.0
census_tract,qwen3.5-9b,3018100,38,0.4737,49,175294.0
census_tract,qwen3.5-9b,3018200,49,0.2993,60,78750.0
census_tract,qwen3.5-9b,3018300,13,0.9615,17,194519.0
census_tract,qwen3.5-9b,3018400,25,0.4933,34,81467.0
census_tract,qwen3.5-9b,3018501,31,0.1559,45,44877.0
census_tract,qwen3.5-9b,3018600,21,0.1111,27,76667.0
census_tract,qwen3.5-9b,3018700,21,0.0278,28,139231.0
census_tract,qwen3.5-9b,3018800,47,0.6028,65,38227.0
census_tract,qwen3.5-9b,3019000,51,0.317,65,48824.0
census_tract,qwen3.5-9b,3019100,77,-0.1093,105,148929.0
census_tract,qwen3.5-9b,3019200,47,0.367,57,72303.0
census_tract,qwen3.5-9b,3019300,24,0.1736,32,79505.0
census_tract,qwen3.5-9b,3019400,36,0.2963,44,66080.0
census_tract,qwen3.5-9b,3019500,18,0.2315,26,139329.0
census_tract,qwen3.5-9b,3019600,31,0.4516,41,74292.0
census_tract,qwen3.5-9b,3019700,36,0.5139,46,121235.0
census_tract,qwen3.5-9b,3019800,23,-0.0058,34,78673.0
census_tract,qwen3.5-9b,3019900,41,0.3171,55,130688.0
census_tract,qwen3.5-9b,3020000,22,0.7727,25,98214.0
census_tract,qwen3.5-9b,3020100,40,0.4188,53,150978.0
census_tract,qwen3.5-9b,3020200,34,0.0588,39,79643.0
census_tract,qwen3.5-9b,3020300,38,0.4781,50,160795.0
census_tract,qwen3.5-9b,3020400,27,0.2963,41,143162.0
census_tract,qwen3.5-9b,3020500,22,0.8409,32,164926.0
census_tract,qwen3.5-9b,3020600,37,0.3964,52,87446.0
census_tract,qwen3.5-9b,3020700,26,1.0769,32,190843.0
census_tract,qwen3.5-9b,3020800,26,0.3462,39,65491.0
census_tract,qwen3.5-9b,3021000,21,0.3413,29,69970.0
census_tract,qwen3.5-9b,3021100,50,-0.0367,64,85225.0
census_tract,qwen3.5-9b,3021200,42,0.4444,53,56250.0
census_tract,qwen3.5-9b,3021300,26,0.2308,32,82426.0
census_tract,qwen3.5-9b,3021400,39,0.4722,52,78214.0
census_tract,qwen3.5-9b,3021500,34,0.4412,46,151154.0
census_tract,qwen3.5-9b,3021600,33,0.197,44,47950.0
census_tract,qwen3.5-9b,3021700,27,0.6481,32,112957.0
census_tract,qwen3.5-9b,3021800,35,0.4286,41,69291.0
census_tract,qwen3.5-9b,3021900,28,0.619,39,122589.0
census_tract,qwen3.5-9b,3022000,43,0.5698,54,59395.0
census_tract,qwen3.5-9b,3022100,32,0.7016,46,87021.0
census_tract,qwen3.5-9b,3022200,55,0.297,72,52361.0
census_tract,qwen3.5-9b,3022400,37,0.3694,50,56105.0
census_tract,qwen3.5-9b,3022600,30,0.2,39,86655.0
census_tract,qwen3.5-9b,3022700,55,0.3485,70,119148.0
census_tract,qwen3.5-9b,3022800,44,0.1591,52,55898.0
census_tract,qwen3.5-9b,3022900,27,0.5123,36,139609.0
census_tract,qwen3.5-9b,3023000,36,0.3519,51,32725.0
census_tract,qwen3.5-9b,3023100,28,0.2202,39,160199.0
census_tract,qwen3.5-9b,3023200,42,0.4524,56,63094.0
census_tract,qwen3.5-9b,3023300,39,0.4829,53,78177.0
census_tract,qwen3.5-9b,3023400,29,0.1954,37,37587.0
census_tract,qwen3.5-9b,3023500,29,-0.0345,34,111917.0
census_tract,qwen3.5-9b,3023600,27,0.534,41,39479.0
census_tract,qwen3.5-9b,3023800,21,0.2698,32,43843.0
census_tract,qwen3.5-9b,3024000,30,0.2,41,37833.0
census_tract,qwen3.5-9b,3024100,33,0.4646,40,141717.0
census_tract,qwen3.5-9b,3024200,36,0.4954,48,59276.0
census_tract,qwen3.5-9b,3024300,27,0.2037,45,122203.0
census_tract,qwen3.5-9b,3024400,35,0.3857,44,76417.0
census_tract,qwen3.5-9b,3024500,30,0.4333,39,103194.0
census_tract,qwen3.5-9b,3024600,42,0.4167,60,71711.0
census_tract,qwen3.5-9b,3024700,44,0.0189,64,57106.0
census_tract,qwen3.5-9b,3024800,41,0.252,57,79340.0
census_tract,qwen3.5-9b,3024900,31,0.4785,44,84746.0
census_tract,qwen3.5-9b,3025000,41,0.2846,54,51250.0
census_tract,qwen3.5-9b,3025100,28,0.25,33,58856.0
census_tract,qwen3.5-9b,3025200,44,0.5303,58,54012.0
census_tract,qwen3.5-9b,3025300,32,0.4115,42,115700.0
census_tract,qwen3.5-9b,3025400,49,-0.0442,68,89021.0
census_tract,qwen3.5-9b,3025500,12,0.7083,15,26906.0
census_tract,qwen3.5-9b,3025600,41,0.3293,58,71250.0
census_tract,qwen3.5-9b,3025700,26,-0.3269,30,88750.0
census_tract,qwen3.5-9b,3025800,35,0.5143,45,67167.0
census_tract,qwen3.5-9b,3025901,11,0.2727,14,90000.0
census_tract,qwen3.5-9b,3025902,8,-0.625,9,
census_tract,qwen3.5-9b,3026000,28,0.4702,39,68043.0
census_tract,qwen3.5-9b,3026100,30,0.15,38,103274.0
census_tract,qwen3.5-9b,3026200,31,0.414,44,99750.0
census_tract,qwen3.5-9b,3026300,20,0.4,26,85546.0
census_tract,qwen3.5-9b,3026400,37,0.1946,56,69808.0
census_tract,qwen3.5-9b,3026500,27,0.6728,36,82088.0
census_tract,qwen3.5-9b,3026600,37,0.6036,45,47544.0
census_tract,qwen3.5-9b,3026700,17,0.3137,22,150386.0
census_tract,qwen3.5-9b,3026800,47,0.4823,63,90442.0
census_tract,qwen3.5-9b,3026900,22,0.7197,35,96006.0
census_tract,qwen3.5-9b,3027000,38,0.5219,50,62083.0
census_tract,qwen3.5-9b,3027100,47,0.0177,60,84412.0
census_tract,qwen3.5-9b,3027200,27,0.0648,40,59802.0
census_tract,qwen3.5-9b,3027300,29,0.1966,42,122093.0
census_tract,qwen3.5-9b,3027400,34,0.6676,48,49800.0
census_tract,qwen3.5-9b,3027500,20,0.5167,27,84756.0
census_tract,qwen3.5-9b,3027600,21,0.5397,29,63447.0
census_tract,qwen3.5-9b,3027700,33,0.1263,41,61042.0
census_tract,qwen3.5-9b,3027800,29,0.5276,38,68792.0
census_tract,qwen3.5-9b,3027900,22,0.1591,27,91771.0
census_tract,qwen3.5-9b,3028000,34,0.3382,44,95208.0
census_tract,qwen3.5-9b,3028100,25,0.0067,40,45850.0
census_tract,qwen3.5-9b,3028200,40,0.275,47,52926.0
census_tract,qwen3.5-9b,3028300,27,0.4722,36,53040.0
census_tract,qwen3.5-9b,3028400,34,0.5735,50,59954.0
census_tract,qwen3.5-9b,3028501,11,-0.1818,12,57969.0
census_tract,qwen3.5-9b,3028502,16,0.5625,22,14944.0
census_tract,qwen3.5-9b,3028600,45,0.0537,58,47923.0
census_tract,qwen3.5-9b,3028700,31,0.2957,47,106462.0
census_tract,qwen3.5-9b,3028800,27,0.2284,38,77042.0
census_tract,qwen3.5-9b,3028900,25,0.34,32,50152.0
census_tract,qwen3.5-9b,3029000,34,0.3186,49,62731.0
census_tract,qwen3.5-9b,3029100,22,0.3864,28,88153.0
census_tract,qwen3.5-9b,3029200,52,-0.2212,69,55653.0
census_tract,qwen3.5-9b,3029300,26,0.0705,35,36833.0
census_tract,qwen3.5-9b,3029400,51,-0.0261,65,91544.0
census_tract,qwen3.5-9b,3029500,22,0.8864,33,94227.0
census_tract,qwen3.5-9b,3029600,33,0.4066,52,66349.0
census_tract,qwen3.5-9b,3029700,35,0.1048,44,70536.0
census_tract,qwen3.5-9b,3029800,51,-0.0229,63,61059.0
census_tract,qwen3.5-9b,3029900,33,-0.0758,38,65433.0
census_tract,qwen3.5-9b,3030000,36,0.2917,44,73981.0
census_tract,qwen3.5-9b,3030100,54,0.287,70,98438.0
census_tract,qwen3.5-9b,3030200,25,0.3833,36,76005.0
census_tract,qwen3.5-9b,3030300,49,0.1327,66,43275.0
census_tract,qwen3.5-9b,3030400,113,-0.1416,153,68581.0
census_tract,qwen3.5-9b,3030500,66,0.2576,86,122353.0
census_tract,qwen3.5-9b,3030600,38,-0.0614,48,65985.0
census_tract,qwen3.5-9b,3030700,62,-0.1344,82,50049.0
census_tract,qwen3.5-9b,3030800,46,-0.2246,62,50865.0
census_tract,qwen3.5-9b,3030900,28,-0.1131,45,66889.0
census_tract,qwen3.5-9b,3031100,33,0.2652,45,106845.0
census_tract,qwen3.5-9b,3031300,28,0.2381,34,105407.0
census_tract,qwen3.5-9b,3031401,121,-0.0744,160,101193.0
census_tract,qwen3.5-9b,3031402,5,-0.2,5,
census_tract,qwen3.5-9b,3031500,44,0.017,66,100899.0
census_tract,qwen3.5-9b,3031701,19,0.7895,25,101806.0
census_tract,qwen3.5-9b,3031702,23,0.3406,30,115512.0
census_tract,qwen3.5-9b,3031900,31,0.4194,45,90357.0
census_tract,qwen3.5-9b,3032100,26,0.6026,39,86685.0
census_tract,qwen3.5-9b,3032300,23,0.6087,25,83815.0
census_tract,qwen3.5-9b,3032500,28,0.375,38,94328.0
census_tract,qwen3.5-9b,3032600,48,0.2604,56,49911.0
census_tract,qwen3.5-9b,3032700,35,0.219,51,82554.0
census_tract,qwen3.5-9b,3032800,41,0.122,57,53526.0
census_tract,qwen3.5-9b,3032900,35,0.2667,45,92193.0
census_tract,qwen3.5-9b,3033000,40,-0.3125,48,23583.0
census_tract,qwen3.5-9b,3033100,29,0.404,46,44347.0
census_tract,qwen3.5-9b,3033300,40,-0.075,49,103333.0
census_tract,qwen3.5-9b,3033500,38,-0.2158,55,102188.0
census_tract,qwen3.5-9b,3033600,68,0.1064,97,76719.0
census_tract,qwen3.5-9b,3033701,21,0.5238,27,93620.0
census_tract,qwen3.5-9b,3033702,19,0.5088,25,87165.0
census_tract,qwen3.5-9b,3033900,36,0.2917,49,61979.0
census_tract,qwen3.5-9b,3034000,18,0.2222,27,32983.0
census_tract,qwen3.5-9b,3034100,12,0.9028,22,95300.0
census_tract,qwen3.5-9b,3034200,37,-0.036,51,22872.0
census_tract,qwen3.5-9b,3034300,23,0.0435,28,28750.0
census_tract,qwen3.5-9b,3034500,25,0.4667,29,81850.0
census_tract,qwen3.5-9b,3034700,33,0.1212,41,42457.0
census_tract,qwen3.5-9b,3034800,142,-0.2289,190,53710.0
census_tract,qwen3.5-9b,3034901,12,0.4583,19,82521.0
census_tract,qwen3.5-9b,3034902,15,0.5167,20,34381.0
census_tract,qwen3.5-9b,3035000,21,0.119,27,56891.0
census_tract,qwen3.5-9b,3035101,20,0.65,24,53626.0
census_tract,qwen3.5-9b,3035102,18,0.5833,24,70030.0
census_tract,qwen3.5-9b,3035200,59,0.3023,76,13240.0
census_tract,qwen3.5-9b,3035301,11,0.0,16,46789.0
census_tract,qwen3.5-9b,3035302,36,-0.0556,48,85234.0
census_tract,qwen3.5-9b,3035400,72,-0.1806,95,63382.0
census_tract,qwen3.5-9b,3035500,38,0.1842,52,75139.0
census_tract,qwen3.5-9b,3035601,10,0.1,16,28750.0
census_tract,qwen3.5-9b,3035602,36,0.1435,51,50456.0
census_tract,qwen3.5-9b,3035701,16,0.5,16,45313.0
census_tract,qwen3.5-9b,3035702,17,-0.2647,24,
census_tract,qwen3.5-9b,3035900,37,0.5878,53,62774.0
census_tract,qwen3.5-9b,3036001,22,0.3939,30,30877.0
census_tract,qwen3.5-9b,3036002,19,0.2105,26,30176.0
census_tract,qwen3.5-9b,3036100,41,0.3171,53,37035.0
census_tract,qwen3.5-9b,3036200,23,0.4783,32,52023.0
census_tract,qwen3.5-9b,3036300,66,0.2449,87,58091.0
census_tract,qwen3.5-9b,3036400,40,0.35,54,63480.0
census_tract,qwen3.5-9b,3036501,27,0.3333,33,67165.0
census_tract,qwen3.5-9b,3036502,57,0.1462,76,67038.0
census_tract,qwen3.5-9b,3036600,91,-0.0385,120,52385.0
census_tract,qwen3.5-9b,3036700,50,0.04,68,70426.0
census_tract,qwen3.5-9b,3036900,54,0.4012,73,48583.0
census_tract,qwen3.5-9b,3037000,79,0.2099,112,69493.0
census_tract,qwen3.5-9b,3037100,35,0.2714,45,87679.0
census_tract,qwen3.5-9b,3037300,23,0.6304,35,71786.0
census_tract,qwen3.5-9b,3037401,67,0.2144,93,59004.0
census_tract,qwen3.5-9b,3037402,64,0.1875,101,57118.0
census_tract,qwen3.5-9b,3037500,31,0.0591,36,91985.0
census_tract,qwen3.5-9b,3037700,31,0.4462,46,71786.0
census_tract,qwen3.5-9b,3037900,33,0.2727,34,67949.0
census_tract,qwen3.5-9b,3038100,45,0.2556,66,70867.0
census_tract,qwen3.5-9b,3038200,26,0.1923,34,22332.0
census_tract,qwen3.5-9b,3038300,22,0.2576,30,87786.0
census_tract,qwen3.5-9b,3038500,30,0.6667,41,114375.0
census_tract,qwen3.5-9b,3038600,41,0.2927,49,91857.0
census_tract,qwen3.5-9b,3038700,33,0.1313,41,93221.0
census_tract,qwen3.5-9b,3038800,32,0.6875,39,83558.0
census_tract,qwen3.5-9b,3038900,33,0.4798,47,98819.0
census_tract,qwen3.5-9b,3039000,67,0.2356,97,72143.0
census_tract,qwen3.5-9b,3039100,37,0.3919,47,103796.0
census_tract,qwen3.5-9b,3039200,43,0.3798,58,54483.0
census_tract,qwen3.5-9b,3039300,46,0.221,58,112566.0
census_tract,qwen3.5-9b,3039400,55,0.3364,78,62875.0
census_tract,qwen3.5-9b,3039500,25,0.1733,37,84219.0
census_tract,qwen3.5-9b,3039600,30,0.3111,41,69563.0
census_tract,qwen3.5-9b,3039700,40,0.53,63,74291.0
census_tract,qwen3.5-9b,3039800,32,-0.1094,40,89750.0
census_tract,qwen3.5-9b,3039900,30,0.3944,42,50329.0
census_tract,qwen3.5-9b,3040000,41,0.5122,63,58941.0
census_tract,qwen3.5-9b,3040100,38,0.0175,56,69616.0
census_tract,qwen3.5-9b,3040200,48,0.1354,66,76250.0
census_tract,qwen3.5-9b,3040300,45,0.3815,61,103792.0
census_tract,qwen3.5-9b,3040400,27,-0.1543,34,106442.0
census_tract,qwen3.5-9b,3040500,28,-0.5536,37,69437.0
census_tract,qwen3.5-9b,3040600,15,0.5,19,79941.0
census_tract,qwen3.5-9b,3040700,14,-0.9464,20,
census_tract,qwen3.5-9b,3040800,23,0.0652,30,78750.0
census_tract,qwen3.5-9b,3040900,30,0.5667,37,78220.0
census_tract,qwen3.5-9b,3041000,20,0.1833,30,60694.0
census_tract,qwen3.5-9b,3041100,11,0.6364,14,63125.0
census_tract,qwen3.5-9b,3041200,35,0.1095,48,95152.0
census_tract,qwen3.5-9b,3041300,35,0.3619,47,110996.0
census_tract,qwen3.5-9b,3041401,24,0.6111,33,71944.0
census_tract,qwen3.5-9b,3041402,40,0.4125,53,39048.0
census_tract,qwen3.5-9b,3041500,40,0.3833,55,96110.0
census_tract,qwen3.5-9b,3041600,29,0.0805,39,63425.0
census_tract,qwen3.5-9b,3041700,35,0.1762,49,32028.0
census_tract,qwen3.5-9b,3041800,48,0.4097,64,46607.0
census_tract,qwen3.5-9b,3041900,31,0.3871,39,73958.0
census_tract,qwen3.5-9b,3042000,44,0.4129,56,88700.0
census_tract,qwen3.5-9b,3042100,25,-0.048,41,94209.0
census_tract,qwen3.5-9b,3042200,34,0.2157,48,73033.0
census_tract,qwen3.5-9b,3042300,22,0.2727,30,123750.0
census_tract,qwen3.5-9b,3042400,27,0.1296,30,70060.0
census_tract,qwen3.5-9b,3042500,36,0.1944,44,86316.0
census_tract,qwen3.5-9b,3042600,46,0.5,63,71840.0
census_tract,qwen3.5-9b,3042700,30,0.5167,33,92250.0
census_tract,qwen3.5-9b,3042800,37,0.4595,48,88656.0
census_tract,qwen3.5-9b,3042900,34,0.5147,41,65000.0
census_tract,qwen3.5-9b,3043000,48,0.2014,66,75417.0
census_tract,qwen3.5-9b,3043100,33,0.5707,39,90745.0
census_tract,qwen3.5-9b,3043200,33,0.3737,45,79667.0
census_tract,qwen3.5-9b,3043300,38,0.443,46,59551.0
census_tract,qwen3.5-9b,3043400,33,0.6768,46,66763.0
census_tract,qwen3.5-9b,3043500,28,0.5714,35,67778.0
census_tract,qwen3.5-9b,3043600,24,0.5035,37,83284.0
census_tract,qwen3.5-9b,3043700,43,0.0969,54,77904.0
census_tract,qwen3.5-9b,3043800,30,0.3333,40,70066.0
census_tract,qwen3.5-9b,3043900,45,0.4981,64,114318.0
census_tract,qwen3.5-9b,3044000,58,0.2931,79,88344.0
census_tract,qwen3.5-9b,3044100,29,0.6897,38,78526.0
census_tract,qwen3.5-9b,3044200,33,0.2778,46,62708.0
census_tract,qwen3.5-9b,3044300,46,0.5543,55,94517.0
census_tract,qwen3.5-9b,3044400,39,0.2308,51,67554.0
census_tract,qwen3.5-9b,3044500,35,0.2905,53,86717.0
census_tract,qwen3.5-9b,3044600,19,0.3596,28,69099.0
census_tract,qwen3.5-9b,3044700,40,0.6208,53,89511.0
census_tract,qwen3.5-9b,3044800,37,0.1892,48,96639.0
census_tract,qwen3.5-9b,3044901,100,-0.51,129,78774.0
census_tract,qwen3.5-9b,3044902,179,-0.596,252,
census_tract,qwen3.5-9b,3045000,37,0.5045,48,90893.0
census_tract,qwen3.5-9b,3045200,34,0.2353,46,74250.0
census_tract,qwen3.5-9b,3045300,85,0.0592,114,70598.0
census_tract,qwen3.5-9b,3045400,20,0.275,25,94607.0
census_tract,qwen3.5-9b,3045600,35,0.4286,42,70329.0
census_tract,qwen3.5-9b,3045800,25,0.26,30,58958.0
census_tract,qwen3.5-9b,3046000,26,0.109,36,97188.0
census_tract,qwen3.5-9b,3046201,33,0.1061,40,63375.0
census_tract,qwen3.5-9b,3046202,41,0.0813,52,85536.0
census_tract,qwen3.5-9b,3046400,37,0.3919,48,72422.0
census_tract,qwen3.5-9b,3046800,33,0.1515,38,41343.0
census_tract,qwen3.5-9b,3047000,20,0.5167,32,75069.0
census_tract,qwen3.5-9b,3047200,32,0.3438,42,71635.0
census_tract,qwen3.5-9b,3047400,25,0.2733,35,99769.0
census_tract,qwen3.5-9b,3047600,43,0.4264,54,61250.0
census_tract,qwen3.5-9b,3047700,83,-0.0763,106,179175.0
census_tract,qwen3.5-9b,3047800,40,0.275,49,60590.0
census_tract,qwen3.5-9b,3048000,37,0.0766,52,52940.0
census_tract,qwen3.5-9b,3048100,38,0.0351,56,94896.0
census_tract,qwen3.5-9b,3048200,49,0.2551,70,58234.0
census_tract,qwen3.5-9b,3048400,35,0.3714,44,96964.0
census_tract,qwen3.5-9b,3048500,108,-0.0142,157,130278.0
census_tract,qwen3.5-9b,3048600,32,0.2656,42,65714.0
census_tract,qwen3.5-9b,3048800,21,0.4048,27,76110.0
census_tract,qwen3.5-9b,3048900,15,0.4222,18,26070.0
census_tract,qwen3.5-9b,3049000,64,0.4141,86,77917.0
census_tract,qwen3.5-9b,3049100,36,0.4491,44,46137.0
census_tract,qwen3.5-9b,3049200,36,0.412,55,103269.0
census_tract,qwen3.5-9b,3049301,9,0.6667,9,19440.0
census_tract,qwen3.5-9b,3049302,40,0.5333,54,82423.0
census_tract,qwen3.5-9b,3049400,60,0.4972,79,97625.0
census_tract,qwen3.5-9b,3049500,45,0.5815,66,141250.0
census_tract,qwen3.5-9b,3049600,53,0.5409,68,66920.0
census_tract,qwen3.5-9b,3049700,30,0.25,37,144872.0
census_tract,qwen3.5-9b,3049800,30,-0.1167,46,77692.0
census_tract,qwen3.5-9b,3049900,38,0.2289,55,146106.0
census_tract,qwen3.5-9b,3050001,34,0.3824,45,124177.0
census_tract,qwen3.5-9b,3050002,9,0.4444,11,124107.0
census_tract,qwen3.5-9b,3050100,78,0.0085,103,126696.0
census_tract,qwen3.5-9b,3050202,30,0.0,44,132670.0
census_tract,qwen3.5-9b,3050300,23,0.1957,26,173548.0
census_tract,qwen3.5-9b,3050401,62,0.0565,82,156033.0
census_tract,qwen3.5-9b,3050402,40,0.1917,57,166100.0
census_tract,qwen3.5-9b,3050500,23,0.2319,34,57500.0
census_tract,qwen3.5-9b,3050600,18,-0.2685,24,69276.0
census_tract,qwen3.5-9b,3050700,42,0.0952,57,59158.0
census_tract,qwen3.5-9b,3050801,16,0.7292,22,74333.0
census_tract,qwen3.5-9b,3050803,16,0.25,22,68496.0
census_tract,qwen3.5-9b,3050804,11,0.3636,12,110317.0
census_tract,qwen3.5-9b,3050900,30,0.2833,39,42361.0
census_tract,qwen3.5-9b,3051001,28,0.2768,41,59583.0
census_tract,qwen3.5-9b,3051002,23,0.8406,30,71007.0
census_tract,qwen3.5-9b,3051100,32,0.2812,40,88457.0
census_tract,qwen3.5-9b,3051200,35,0.3857,45,96719.0
census_tract,qwen3.5-9b,3051300,103,0.1909,130,136207.0
census_tract,qwen3.5-9b,3051400,41,0.3008,58,100000.0
census_tract,qwen3.5-9b,3051500,23,0.529,30,246707.0
census_tract,qwen3.5-9b,3051601,26,0.5,31,72304.0
census_tract,qwen3.5-9b,3051602,15,0.6,23,77801.0
census_tract,qwen3.5-9b,3051700,39,0.6333,58,234444.0
census_tract,qwen3.5-9b,3051800,48,0.4028,66,112589.0
census_tract,qwen3.5-9b,3051900,47,0.2234,61,221375.0
census_tract,qwen3.5-9b,3052000,45,0.3259,54,126102.0
census_tract,qwen3.5-9b,3052300,38,0.5263,49,74454.0
census_tract,qwen3.5-9b,3052500,19,0.2105,22,70625.0
census_tract,qwen3.5-9b,3052600,41,0.5447,53,91500.0
census_tract,qwen3.5-9b,3052700,37,-0.0158,56,59632.0
census_tract,qwen3.5-9b,3052800,43,0.5705,61,121000.0
census_tract,qwen3.5-9b,3052900,25,0.7973,37,39549.0
census_tract,qwen3.5-9b,3053000,27,0.2469,33,78621.0
census_tract,qwen3.5-9b,3053101,11,0.2727,12,
census_tract,qwen3.5-9b,3053102,18,-0.0648,28,76635.0
census_tract,qwen3.5-9b,3053200,28,0.4762,37,72500.0
census_tract,qwen3.5-9b,3053300,55,0.0848,74,34519.0
census_tract,qwen3.5-9b,3053400,28,0.3333,40,83421.0
census_tract,qwen3.5-9b,3053500,31,0.3871,37,49244.0
census_tract,qwen3.5-9b,3053700,55,-0.2727,72,44085.0
census_tract,qwen3.5-9b,3053800,43,0.3101,54,65556.0
census_tract,qwen3.5-9b,3053900,16,-0.5625,21,46914.0
census_tract,qwen3.5-9b,3054200,35,0.2952,50,56481.0
census_tract,qwen3.5-9b,3054300,34,0.25,44,
census_tract,qwen3.5-9b,3054400,35,0.0476,51,55938.0
census_tract,qwen3.5-9b,3054500,31,-0.0161,35,42071.0
census_tract,qwen3.5-9b,3054600,47,0.4397,57,74651.0
census_tract,qwen3.5-9b,3054700,31,0.3871,45,87047.0
census_tract,qwen3.5-9b,3054800,23,0.2174,25,83500.0
census_tract,qwen3.5-9b,3054900,66,0.4874,79,183091.0
census_tract,qwen3.5-9b,3055000,34,0.6569,45,59955.0
census_tract,qwen3.5-9b,3055100,45,0.6185,56,171952.0
census_tract,qwen3.5-9b,3055200,35,0.3714,43,69861.0
census_tract,qwen3.5-9b,3055300,37,0.6802,50,144083.0
census_tract,qwen3.5-9b,3055400,46,0.4848,64,64894.0
census_tract,qwen3.5-9b,3055500,41,0.3618,52,205860.0
census_tract,qwen3.5-9b,3055600,34,0.4338,49,69485.0
census_tract,qwen3.5-9b,3055700,36,0.213,48,136250.0
census_tract,qwen3.5-9b,3055800,21,0.246,27,61786.0
census_tract,qwen3.5-9b,3056000,39,0.3547,53,74104.0
census_tract,qwen3.5-9b,3056100,93,0.1326,123,151875.0
census_tract,qwen3.5-9b,3056200,22,0.1439,31,102083.0
census_tract,qwen3.5-9b,3056301,30,0.6167,34,133636.0
census_tract,qwen3.5-9b,3056302,21,0.4286,26,76351.0
census_tract,qwen3.5-9b,3056400,50,0.1233,72,86392.0
census_tract,qwen3.5-9b,3056500,30,0.5833,41,115329.0
census_tract,qwen3.5-9b,3056600,50,-0.1933,69,69286.0
census_tract,qwen3.5-9b,3056800,31,0.1613,35,75521.0
census_tract,qwen3.5-9b,3056900,34,0.3088,45,159286.0
census_tract,qwen3.5-9b,3057000,75,-0.0911,99,80216.0
census_tract,qwen3.5-9b,3057100,50,0.2767,68,125272.0
census_tract,qwen3.5-9b,3057200,32,0.3542,42,31864.0
census_tract,qwen3.5-9b,3057300,49,0.1786,75,150885.0
census_tract,qwen3.5-9b,3057400,41,0.622,48,92813.0
census_tract,qwen3.5-9b,3057500,32,0.3073,46,128804.0
census_tract,qwen3.5-9b,3057600,22,0.1439,31,98750.0
census_tract,qwen3.5-9b,3057800,29,0.7874,39,61919.0
census_tract,qwen3.5-9b,3057901,71,0.0188,98,141754.0
census_tract,qwen3.5-9b,3057902,45,-0.763,62,
census_tract,qwen3.5-9b,3058000,29,0.2586,43,38945.0
census_tract,qwen3.5-9b,3058200,33,0.5,40,60811.0
census_tract,qwen3.5-9b,3058400,48,0.2535,62,70870.0
census_tract,qwen3.5-9b,3058600,50,-0.1033,62,70167.0
census_tract,qwen3.5-9b,3058800,32,0.2969,47,96838.0
census_tract,qwen3.5-9b,3058901,38,-0.4539,53,114659.0
census_tract,qwen3.5-9b,3058902,12,-0.9028,16,
census_tract,qwen3.5-9b,3059000,42,0.1587,58,103619.0
census_tract,qwen3.5-9b,3059100,22,0.2273,24,133795.0
census_tract,qwen3.5-9b,3059200,42,0.1429,50,61944.0
census_tract,qwen3.5-9b,3059300,51,-0.2255,69,110625.0
census_tract,qwen3.5-9b,3059402,71,0.3333,100,68625.0
census_tract,qwen3.5-9b,3059403,52,0.1218,80,67232.0
census_tract,qwen3.5-9b,3059404,44,0.214,60,65520.0
census_tract,qwen3.5-9b,3059600,34,0.3039,45,56757.0
census_tract,qwen3.5-9b,3059800,57,-0.0526,74,81051.0
census_tract,qwen3.5-9b,3060000,86,0.3459,119,75671.0
census_tract,qwen3.5-9b,3060600,47,0.1844,57,76080.0
census_tract,qwen3.5-9b,3060800,224,-0.1369,289,73546.0
census_tract,qwen3.5-9b,3061002,26,0.6615,41,71944.0
census_tract,qwen3.5-9b,3061003,23,0.2101,28,51054.0
census_tract,qwen3.5-9b,3061004,49,0.0646,70,40931.0
census_tract,qwen3.5-9b,3061200,41,0.439,56,141094.0
census_tract,qwen3.5-9b,3061600,54,0.1127,72,183095.0
census_tract,qwen3.5-9b,3062000,61,0.0041,73,111932.0
census_tract,qwen3.5-9b,3062200,75,-0.1811,103,68821.0
census_tract,qwen3.5-9b,3062600,62,-0.129,82,67218.0
census_tract,qwen3.5-9b,3062800,218,-0.119,306,110377.0
census_tract,qwen3.5-9b,3063200,25,-0.14,37,82941.0
census_tract,qwen3.5-9b,3063600,27,0.0741,33,148056.0
census_tract,qwen3.5-9b,3063800,36,0.4144,51,82188.0
census_tract,qwen3.5-9b,3064000,22,0.4773,31,143214.0
census_tract,qwen3.5-9b,3064200,53,0.3805,69,75735.0
census_tract,qwen3.5-9b,3064400,54,0.2932,67,79259.0
census_tract,qwen3.5-9b,3064600,25,0.176,37,99067.0
census_tract,qwen3.5-9b,3064800,29,0.1782,35,111406.0
census_tract,qwen3.5-9b,3065000,45,-0.2704,61,92673.0
census_tract,qwen3.5-9b,3065200,36,0.1667,47,94000.0
census_tract,qwen3.5-9b,3065400,32,0.3594,46,118000.0
census_tract,qwen3.5-9b,3065600,34,0.2402,42,126607.0
census_tract,qwen3.5-9b,3065800,26,0.2115,34,92014.0
census_tract,qwen3.5-9b,3066000,30,0.1889,40,151719.0
census_tract,qwen3.5-9b,3066200,62,0.2661,84,61083.0
census_tract,qwen3.5-9b,3066600,259,-0.5553,356,
census_tract,qwen3.5-9b,3067000,56,0.0595,70,91979.0
census_tract,qwen3.5-9b,3067200,34,-0.2304,51,84280.0
census_tract,qwen3.5-9b,3067400,46,-0.0761,61,126705.0
census_tract,qwen3.5-9b,3067600,40,0.0417,48,97750.0
census_tract,qwen3.5-9b,3067800,28,-0.2857,39,84612.0
census_tract,qwen3.5-9b,3068000,35,0.4143,46,114904.0
census_tract,qwen3.5-9b,3068200,52,-0.1859,68,102000.0
census_tract,qwen3.5-9b,3068600,34,-0.3578,43,112646.0
census_tract,qwen3.5-9b,3068800,29,0.0201,43,98750.0
census_tract,qwen3.5-9b,3069000,31,-0.0995,39,137650.0
census_tract,qwen3.5-9b,3069200,47,-0.0142,65,104712.0
census_tract,qwen3.5-9b,3069601,69,-0.4517,102,101760.0
census_tract,qwen3.5-9b,3069602,146,0.0434,200,119451.0
census_tract,qwen3.5-9b,3069800,67,-0.2711,83,128194.0
census_tract,qwen3.5-9b,3070000,44,-0.2955,62,95331.0
census_tract,qwen3.5-9b,3070201,167,0.1816,216,130174.0
census_tract,qwen3.5-9b,3070202,213,-1.1937,280,
census_tract,qwen3.5-9b,3070601,106,-0.0456,137,148214.0
census_tract,qwen3.5-9b,3070602,96,-0.4913,117,
census_tract,qwen3.5-9b,3072000,44,-0.0568,56,76912.0
census_tract,qwen3.5-9b,3072200,47,-0.0887,67,
census_tract,qwen3.5-9b,3072400,68,-0.1814,91,69263.0
census_tract,qwen3.5-9b,3072600,52,0.1378,68,97292.0
census_tract,qwen3.5-9b,3072800,37,0.2703,42,62333.0
census_tract,qwen3.5-9b,3073000,56,0.3452,73,132227.0
census_tract,qwen3.5-9b,3073200,45,0.0222,61,85846.0
census_tract,qwen3.5-9b,3073400,32,0.3229,40,138750.0
census_tract,qwen3.5-9b,3073600,58,0.1753,74,82358.0
census_tract,qwen3.5-9b,3073800,71,0.0704,92,73125.0
census_tract,qwen3.5-9b,3074000,23,0.1812,30,68125.0
census_tract,qwen3.5-9b,3074200,31,0.2527,44,80240.0
census_tract,qwen3.5-9b,3074400,28,0.3571,39,140391.0
census_tract,qwen3.5-9b,3074600,39,0.156,57,113750.0
census_tract,qwen3.5-9b,3074800,39,0.4808,50,82266.0
census_tract,qwen3.5-9b,3075000,37,0.3514,47,103125.0
census_tract,qwen3.5-9b,3075200,32,0.5469,43,141250.0
census_tract,qwen3.5-9b,3075400,26,0.3462,36,115851.0
census_tract,qwen3.5-9b,3075600,26,0.3269,34,77273.0
census_tract,qwen3.5-9b,3075800,39,0.1624,48,69662.0
census_tract,qwen3.5-9b,3076000,36,0.1019,50,75174.0
census_tract,qwen3.5-9b,3076200,28,0.369,40,54725.0
census_tract,qwen3.5-9b,3076400,26,0.6346,36,81813.0
census_tract,qwen3.5-9b,3076600,22,0.2197,31,95563.0
census_tract,qwen3.5-9b,3076800,46,0.2536,66,73125.0
census_tract,qwen3.5-9b,3077000,39,0.5214,51,76921.0
census_tract,qwen3.5-9b,3077200,55,0.4273,70,80855.0
census_tract,qwen3.5-9b,3077400,35,0.3667,48,72488.0
census_tract,qwen3.5-9b,3077600,36,0.3796,50,71983.0
census_tract,qwen3.5-9b,3078000,38,0.1272,52,138611.0
census_tract,qwen3.5-9b,3078200,32,0.1823,43,69558.0
census_tract,qwen3.5-9b,3078400,13,0.0256,19,99653.0
census_tract,qwen3.5-9b,3078601,30,0.5722,45,87614.0
census_tract,qwen3.5-9b,3078602,16,0.5,18,69615.0
census_tract,qwen3.5-9b,3078801,23,0.2174,31,55984.0
census_tract,qwen3.5-9b,3078802,14,0.2857,18,55179.0
census_tract,qwen3.5-9b,3079001,14,1.0119,20,67857.0
census_tract,qwen3.5-9b,3079002,23,0.4855,35,57672.0
census_tract,qwen3.5-9b,3079201,33,0.4394,47,88162.0
census_tract,qwen3.5-9b,3079202,29,0.1207,40,85833.0
census_tract,qwen3.5-9b,3079400,47,0.6135,63,128295.0
census_tract,qwen3.5-9b,3079601,15,0.7556,21,81629.0
census_tract,qwen3.5-9b,3079602,23,0.3696,27,77370.0
census_tract,qwen3.5-9b,3079801,29,0.569,46,94375.0
census_tract,qwen3.5-9b,3079802,21,0.7857,25,100438.0
census_tract,qwen3.5-9b,3080000,19,0.4386,28,95769.0
census_tract,qwen3.5-9b,3080200,34,0.5833,54,98942.0
census_tract,qwen3.5-9b,3080400,30,0.3389,37,58413.0
census_tract,qwen3.5-9b,3080600,30,-0.05,37,66632.0
census_tract,qwen3.5-9b,3080800,47,0.1879,59,13337.0
census_tract,qwen3.5-9b,3081000,28,-0.0833,37,88490.0
census_tract,qwen3.5-9b,3081400,33,0.2424,40,86705.0
census_tract,qwen3.5-9b,3081600,21,-0.119,31,92784.0
census_tract,qwen3.5-9b,3081800,21,0.5397,33,76607.0
census_tract,qwen3.5-9b,3082000,17,0.0784,24,56250.0
census_tract,qwen3.5-9b,3082200,32,0.4115,45,85645.0
census_tract,qwen3.5-9b,3082400,32,-0.0469,39,57204.0
census_tract,qwen3.5-9b,3082600,43,0.1279,55,72543.0
census_tract,qwen3.5-9b,3082800,30,0.7056,39,61313.0
census_tract,qwen3.5-9b,3083000,33,0.4899,43,83690.0
census_tract,qwen3.5-9b,3083200,30,0.25,32,100161.0
census_tract,qwen3.5-9b,3083400,28,0.5714,31,121000.0
census_tract,qwen3.5-9b,3083600,36,-0.3148,57,96094.0
census_tract,qwen3.5-9b,3083800,41,-0.0528,57,62950.0
census_tract,qwen3.5-9b,3084000,35,-0.1333,49,81058.0
census_tract,qwen3.5-9b,3084600,52,-0.0288,77,78304.0
census_tract,qwen3.5-9b,3084800,24,0.0,35,86012.0
census_tract,qwen3.5-9b,3085000,48,0.184,65,124219.0
census_tract,qwen3.5-9b,3085200,10,-1.05,11,
census_tract,qwen3.5-9b,3085400,39,0.3462,53,78828.0
census_tract,qwen3.5-9b,3085600,22,0.3182,27,79107.0
census_tract,qwen3.5-9b,3085800,15,0.4667,17,83640.0
census_tract,qwen3.5-9b,3086000,28,0.2262,34,77955.0
census_tract,qwen3.5-9b,3086200,37,0.6369,51,50438.0
census_tract,qwen3.5-9b,3086400,59,-0.1554,84,71016.0
census_tract,qwen3.5-9b,3086600,28,0.3452,37,79508.0
census_tract,qwen3.5-9b,3086800,32,-0.0625,42,45764.0
census_tract,qwen3.5-9b,3087000,36,0.3889,50,61136.0
census_tract,qwen3.5-9b,3087200,27,0.1296,40,67650.0
census_tract,qwen3.5-9b,3087401,16,0.2812,18,37207.0
census_tract,qwen3.5-9b,3087600,26,-0.4103,36,48125.0
census_tract,qwen3.5-9b,3087800,32,-0.3281,40,56633.0
census_tract,qwen3.5-9b,3088001,18,-0.4259,22,42351.0
census_tract,qwen3.5-9b,3088002,20,-0.325,23,73750.0
census_tract,qwen3.5-9b,3088200,37,0.0608,48,50754.0
census_tract,qwen3.5-9b,3088400,36,0.2685,51,38594.0
census_tract,qwen3.5-9b,3088600,59,0.2203,75,57674.0
census_tract,qwen3.5-9b,3088800,71,0.1268,89,55053.0
census_tract,qwen3.5-9b,3089000,79,0.0802,110,72535.0
census_tract,qwen3.5-9b,3089200,45,0.1704,63,
census_tract,qwen3.5-9b,3089400,37,0.3874,55,63125.0
census_tract,qwen3.5-9b,3089600,26,0.1538,29,
census_tract,qwen3.5-9b,3089800,36,0.4444,47,66976.0
census_tract,qwen3.5-9b,3090000,65,0.1256,94,20500.0
census_tract,qwen3.5-9b,3090200,24,-0.1667,31,42612.0
census_tract,qwen3.5-9b,3090600,29,0.5632,38,27908.0
census_tract,qwen3.5-9b,3090800,74,-0.4077,105,44875.0
census_tract,qwen3.5-9b,3091000,42,-0.2262,58,22321.0
census_tract,qwen3.5-9b,3091200,16,-0.125,21,36899.0
census_tract,qwen3.5-9b,3091600,33,-0.2727,37,44825.0
census_tract,qwen3.5-9b,3091800,40,0.0292,47,45942.0
census_tract,qwen3.5-9b,3092000,54,-0.287,73,44978.0
census_tract,qwen3.5-9b,3092200,52,-0.1442,69,50994.0
census_tract,qwen3.5-9b,3092400,43,0.1628,60,37271.0
census_tract,qwen3.5-9b,3092800,36,-0.25,45,82250.0
census_tract,qwen3.5-9b,3093000,28,-0.2024,41,105848.0
census_tract,qwen3.5-9b,3093200,61,-0.3306,80,
census_tract,qwen3.5-9b,3093400,59,-0.0028,80,73321.0
census_tract,qwen3.5-9b,3093600,33,-0.1111,43,79773.0
census_tract,qwen3.5-9b,3093800,28,0.4048,42,61827.0
census_tract,qwen3.5-9b,3094401,113,-0.1726,135,82500.0
census_tract,qwen3.5-9b,3094402,12,0.2083,14,24676.0
census_tract,qwen3.5-9b,3094600,78,0.0427,106,93667.0
census_tract,qwen3.5-9b,3095000,51,0.1046,68,90083.0
census_tract,qwen3.5-9b,3095400,65,-0.2603,87,108309.0
census_tract,qwen3.5-9b,3095600,71,-0.3756,95,85603.0
census_tract,qwen3.5-9b,3095800,47,0.1277,61,66452.0
census_tract,qwen3.5-9b,3096000,61,-0.6189,91,
census_tract,qwen3.5-9b,3096200,53,-0.1069,68,73750.0
census_tract,qwen3.5-9b,3096400,31,0.3118,43,79934.0
census_tract,qwen3.5-9b,3096600,34,0.2471,43,76174.0
census_tract,qwen3.5-9b,3096800,32,0.1094,42,106250.0
census_tract,qwen3.5-9b,3097000,32,-0.2135,44,108864.0
census_tract,qwen3.5-9b,3097400,52,0.141,69,88688.0
census_tract,qwen3.5-9b,3098200,42,0.0516,55,25125.0
census_tract,qwen3.5-9b,3098400,33,0.0909,37,102200.0
census_tract,qwen3.5-9b,3098600,34,0.1127,53,95508.0
census_tract,qwen3.5-9b,3098800,36,-0.0324,49,81985.0
census_tract,qwen3.5-9b,3099000,42,0.0357,62,95326.0
census_tract,qwen3.5-9b,3099200,40,0.0708,53,95597.0
census_tract,qwen3.5-9b,3099400,17,0.1765,23,92738.0
census_tract,qwen3.5-9b,3099600,61,0.3115,78,86426.0
census_tract,qwen3.5-9b,3099800,55,0.0106,76,98153.0
census_tract,qwen3.5-9b,3100400,33,0.0152,39,67063.0
census_tract,qwen3.5-9b,3100600,21,0.5,27,120518.0
census_tract,qwen3.5-9b,3100800,24,-0.0833,32,79250.0
census_tract,qwen3.5-9b,3101000,30,0.05,42,72115.0
census_tract,qwen3.5-9b,3101200,28,-0.0595,37,96726.0
census_tract,qwen3.5-9b,3101400,25,0.2933,39,67961.0
census_tract,qwen3.5-9b,3101600,25,0.2267,37,179803.0
census_tract,qwen3.5-9b,3101800,47,0.0248,67,101996.0
census_tract,qwen3.5-9b,3102000,30,-0.0333,39,138672.0
census_tract,qwen3.5-9b,3102200,43,0.0271,54,84063.0
census_tract,qwen3.5-9b,3102400,32,-0.0104,44,72955.0
census_tract,qwen3.5-9b,3102600,37,0.2658,50,89055.0
census_tract,qwen3.5-9b,3102801,32,-0.0677,46,47063.0
census_tract,qwen3.5-9b,3102802,87,-0.5115,109,
census_tract,qwen3.5-9b,3103401,18,0.25,22,17853.0
census_tract,qwen3.5-9b,3103402,73,-0.5594,98,
census_tract,qwen3.5-9b,3105801,77,-0.1104,103,20988.0
census_tract,qwen3.5-9b,3105804,83,-0.1566,107,38380.0
census_tract,qwen3.5-9b,3107001,279,-0.3638,369,62028.0
census_tract,qwen3.5-9b,3107002,45,-0.6704,57,
census_tract,qwen3.5-9b,3107003,23,-0.5507,35,
census_tract,qwen3.5-9b,3107800,97,-0.3333,125,85947.0
census_tract,qwen3.5-9b,3109800,141,-0.5437,191,71635.0
census_tract,qwen3.5-9b,3110400,227,-0.1938,316,72229.0
census_tract,qwen3.5-9b,3110600,15,0.1333,19,26536.0
census_tract,qwen3.5-9b,3111000,21,0.2381,24,35174.0
census_tract,qwen3.5-9b,3111600,123,-0.2493,169,71021.0
census_tract,qwen3.5-9b,3111800,23,0.3043,33,66838.0
census_tract,qwen3.5-9b,3112000,35,-0.0857,47,72167.0
census_tract,qwen3.5-9b,3112200,34,-0.1029,47,44188.0
census_tract,qwen3.5-9b,3112400,30,0.0111,42,65472.0
census_tract,qwen3.5-9b,3112600,40,0.1625,61,52039.0
census_tract,qwen3.5-9b,3112800,40,0.3625,56,50426.0
census_tract,qwen3.5-9b,3113000,33,0.2374,44,51938.0
census_tract,qwen3.5-9b,3113200,49,-0.148,61,46812.0
census_tract,qwen3.5-9b,3113400,38,-0.5439,57,47994.0
census_tract,qwen3.5-9b,3114201,99,-0.2121,132,39531.0
census_tract,qwen3.5-9b,3114202,32,0.0625,47,57826.0
census_tract,qwen3.5-9b,3114400,103,-0.534,135,82422.0
census_tract,qwen3.5-9b,3114600,29,0.4425,38,82228.0
census_tract,qwen3.5-9b,3115000,32,0.1094,42,71044.0
census_tract,qwen3.5-9b,3115200,27,0.3025,38,58542.0
census_tract,qwen3.5-9b,3115600,39,0.1111,50,
census_tract,qwen3.5-9b,3115800,28,0.4643,45,80091.0
census_tract,qwen3.5-9b,3116000,31,0.2258,38,63839.0
census_tract,qwen3.5-9b,3116200,38,-0.1579,44,72614.0
census_tract,qwen3.5-9b,3116400,33,0.1212,41,76713.0
census_tract,qwen3.5-9b,3116600,28,0.1667,40,42158.0
census_tract,qwen3.5-9b,3116800,31,0.3871,38,86563.0
census_tract,qwen3.5-9b,3117000,39,-0.1026,48,27840.0
census_tract,qwen3.5-9b,3117201,31,0.4301,43,73214.0
census_tract,qwen3.5-9b,3117202,19,0.3816,30,78190.0
census_tract,qwen3.5-9b,3117400,48,0.1042,68,46583.0
census_tract,qwen3.5-9b,3117601,24,-0.125,33,80882.0
census_tract,qwen3.5-9b,3117602,18,-0.2963,26,86848.0
census_tract,qwen3.5-9b,3117800,37,-0.0225,48,59034.0
census_tract,qwen3.5-9b,3118000,40,-0.2583,60,
census_tract,qwen3.5-9b,3118201,19,-0.1316,26,82976.0
census_tract,qwen3.5-9b,3118202,28,0.1964,41,91802.0
census_tract,qwen3.5-9b,3118400,48,0.2986,70,68093.0
census_tract,qwen3.5-9b,3118600,28,0.4762,37,78971.0
census_tract,qwen3.5-9b,3118800,30,0.5556,40,75394.0
census_tract,qwen3.5-9b,3119000,44,-0.2939,61,39733.0
census_tract,qwen3.5-9b,3119200,48,0.1285,64,89286.0
census_tract,qwen3.5-9b,3119400,35,0.3333,46,84332.0
census_tract,qwen3.5-9b,3119600,69,0.3063,98,56513.0
census_tract,qwen3.5-9b,3119800,110,0.2098,146,60289.0
census_tract,qwen3.5-9b,3120000,50,-0.0767,61,47031.0
census_tract,qwen3.5-9b,3120200,62,0.2688,83,100559.0
census_tract,qwen3.5-9b,3120801,37,0.2838,46,109091.0
census_tract,qwen3.5-9b,3120802,9,-0.3333,12,30853.0
census_tract,qwen3.5-9b,3120803,55,-0.2091,67,45125.0
census_tract,qwen3.5-9b,3121000,14,0.4464,21,23136.0
census_tract,qwen3.5-9b,3121400,33,-0.1212,46,38094.0
census_tract,qwen3.5-9b,3122000,161,-0.441,215,83594.0
census_tract,qwen3.5-9b,3123700,59,0.1006,82,55861.0
census_tract,qwen3.5-9b,3150200,109,0.0061,145,132727.0
census_tract,qwen3.5-9b,3152200,83,0.5703,114,215602.0
census_tract,qwen3.5-9b,4000101,62,-0.0323,76,134304.0
census_tract,qwen3.5-9b,4000102,20,-0.225,24,213135.0
census_tract,qwen3.5-9b,4000103,10,-0.5,11,
census_tract,qwen3.5-9b,4000104,78,-0.2436,100,
census_tract,qwen3.5-9b,4000200,13,-0.3692,21,84643.0
census_tract,qwen3.5-9b,4000400,36,-0.0231,54,74107.0
census_tract,qwen3.5-9b,4000600,28,-0.3036,36,101042.0
census_tract,qwen3.5-9b,4000701,54,0.4907,70,136875.0
census_tract,qwen3.5-9b,4000702,40,0.2083,54,132368.0
census_tract,qwen3.5-9b,4000800,22,-0.1364,28,111856.0
census_tract,qwen3.5-9b,4001000,11,0.4545,14,85625.0
census_tract,qwen3.5-9b,4001200,21,-0.4365,30,86524.0
census_tract,qwen3.5-9b,4001400,32,0.0885,41,80456.0
census_tract,qwen3.5-9b,4001600,19,0.0877,26,77500.0
census_tract,qwen3.5-9b,4001800,25,-0.0333,37,118694.0
census_tract,qwen3.5-9b,4001901,26,0.3077,31,232109.0
census_tract,qwen3.5-9b,4001902,44,0.3693,67,171458.0
census_tract,qwen3.5-9b,4001903,108,-0.2099,142,172986.0
census_tract,qwen3.5-9b,4002000,34,0.0343,44,138750.0
census_tract,qwen3.5-9b,4002200,20,0.4667,27,71667.0
census_tract,qwen3.5-9b,4002400,18,0.3056,21,88421.0
census_tract,qwen3.5-9b,4002500,26,0.0192,29,26044.0
census_tract,qwen3.5-9b,4002600,19,0.2193,26,135267.0
census_tract,qwen3.5-9b,4002800,38,0.0702,51,89545.0
census_tract,qwen3.5-9b,4003000,16,0.1771,22,120417.0
census_tract,qwen3.5-9b,4003100,24,0.2847,32,121908.0
census_tract,qwen3.5-9b,4003200,26,-0.0577,36,130160.0
census_tract,qwen3.5-9b,4003301,28,-0.0238,40,152056.0
census_tract,qwen3.5-9b,4003302,43,-0.2636,56,80385.0
census_tract,qwen3.5-9b,4003400,37,0.1486,50,74922.0
census_tract,qwen3.5-9b,4003600,29,0.0172,40,64459.0
census_tract,qwen3.5-9b,4003700,16,0.25,19,
census_tract,qwen3.5-9b,4003800,36,0.0093,48,86146.0
census_tract,qwen3.5-9b,4003900,18,-0.2778,23,59988.0
census_tract,qwen3.5-9b,4004001,27,-0.1407,40,92500.0
census_tract,qwen3.5-9b,4004002,28,-0.3036,35,49379.0
census_tract,qwen3.5-9b,4004200,36,0.1852,42,67270.0
census_tract,qwen3.5-9b,4004300,25,0.02,33,26814.0
census_tract,qwen3.5-9b,4004401,53,0.195,72,61920.0
census_tract,qwen3.5-9b,4004500,35,-0.1286,46,97462.0
census_tract,qwen3.5-9b,4004700,17,0.9706,24,56333.0
census_tract,qwen3.5-9b,4005000,5,0.2,8,
census_tract,qwen3.5-9b,4005100,17,-0.1471,23,90104.0
census_tract,qwen3.5-9b,4005200,25,0.128,39,76300.0
census_tract,qwen3.5-9b,4005300,23,0.1304,35,113816.0
census_tract,qwen3.5-9b,4005400,77,0.2338,106,78633.0
census_tract,qwen3.5-9b,4005500,22,-0.1818,32,81310.0
census_tract,qwen3.5-9b,4005700,18,-0.037,24,94142.0
census_tract,qwen3.5-9b,4005800,93,0.0448,126,91875.0
census_tract,qwen3.5-9b,4005900,22,0.0909,25,76813.0
census_tract,qwen3.5-9b,4006100,22,0.3409,26,106413.0
census_tract,qwen3.5-9b,4006201,62,-0.2446,83,61954.0
census_tract,qwen3.5-9b,4006202,232,-0.2805,309,91902.0
census_tract,qwen3.5-9b,4006300,22,0.7841,29,137746.0
census_tract,qwen3.5-9b,4006501,18,0.537,25,94628.0
census_tract,qwen3.5-9b,4006502,13,0.9744,20,80539.0
census_tract,qwen3.5-9b,4006900,25,0.4067,36,121526.0
census_tract,qwen3.5-9b,4007100,19,0.4211,22,89562.0
census_tract,qwen3.5-9b,4007300,13,0.1026,17,101691.0
census_tract,qwen3.5-9b,4007500,9,0.8889,11,79634.0
census_tract,qwen3.5-9b,4007700,17,0.4412,25,139267.0
census_tract,qwen3.5-9b,4007900,32,0.2031,46,111875.0
census_tract,qwen3.5-9b,4008100,13,0.1923,20,122798.0
census_tract,qwen3.5-9b,4008300,20,0.1417,26,94803.0
census_tract,qwen3.5-9b,4008500,24,-0.0625,30,82708.0
census_tract,qwen3.5-9b,4008600,51,0.0425,70,89667.0
census_tract,qwen3.5-9b,4008700,12,-0.0278,20,
census_tract,qwen3.5-9b,4008800,60,0.0056,78,127313.0
census_tract,qwen3.5-9b,4009100,17,0.1176,19,99070.0
census_tract,qwen3.5-9b,4009400,33,0.1253,46,73636.0
census_tract,qwen3.5-9b,4009500,42,0.1151,62,127946.0
census_tract,qwen3.5-9b,4009600,32,0.4479,40,124423.0
census_tract,qwen3.5-9b,4009700,23,-0.0652,29,121088.0
census_tract,qwen3.5-9b,4009800,9,0.1111,14,84458.0
census_tract,qwen3.5-9b,4009900,14,-0.6429,16,
census_tract,qwen3.5-9b,4010000,37,0.1351,47,114327.0
census_tract,qwen3.5-9b,4010100,25,0.16,36,147308.0
census_tract,qwen3.5-9b,4010200,32,0.3438,49,107270.0
census_tract,qwen3.5-9b,4010300,22,0.4394,31,84821.0
census_tract,qwen3.5-9b,4010400,24,0.5417,29,95781.0
census_tract,qwen3.5-9b,4010500,39,-0.2521,51,65233.0
census_tract,qwen3.5-9b,4010600,26,0.4359,38,121250.0
census_tract,qwen3.5-9b,4010800,23,0.3261,33,108299.0
census_tract,qwen3.5-9b,4011000,23,0.6739,29,77031.0
census_tract,qwen3.5-9b,4011100,29,0.3103,32,111125.0
census_tract,qwen3.5-9b,4011200,31,-0.171,42,69030.0
census_tract,qwen3.5-9b,4011300,16,0.4688,20,87393.0
census_tract,qwen3.5-9b,4011400,15,-0.1667,20,121442.0
census_tract,qwen3.5-9b,4011500,25,0.56,32,113370.0
census_tract,qwen3.5-9b,4011600,14,0.3214,19,71576.0
census_tract,qwen3.5-9b,4011700,26,0.141,33,125550.0
census_tract,qwen3.5-9b,4011800,22,0.5909,29,86754.0
census_tract,qwen3.5-9b,4011900,15,0.5222,23,84886.0
census_tract,qwen3.5-9b,4012000,14,0.0,22,82500.0
census_tract,qwen3.5-9b,4012100,10,0.3,12,108125.0
census_tract,qwen3.5-9b,4012200,28,0.0119,38,118015.0
census_tract,qwen3.5-9b,4012301,69,-0.1667,98,106328.0
census_tract,qwen3.5-9b,4012400,21,0.2619,26,71435.0
census_tract,qwen3.5-9b,4012500,64,-0.0911,80,93309.0
census_tract,qwen3.5-9b,4012601,27,0.2531,34,82450.0
census_tract,qwen3.5-9b,4012602,11,-0.0909,20,79531.0
census_tract,qwen3.5-9b,4012800,13,-0.0231,21,103750.0
census_tract,qwen3.5-9b,4013000,26,0.3205,38,82708.0
census_tract,qwen3.5-9b,4013200,32,-0.0625,44,84452.0
census_tract,qwen3.5-9b,4013400,16,0.1667,22,77073.0
census_tract,qwen3.5-9b,4013500,13,0.1923,16,103250.0
census_tract,qwen3.5-9b,4013600,23,0.1594,33,86601.0
census_tract,qwen3.5-9b,4013700,73,-0.1621,89,108056.0
census_tract,qwen3.5-9b,4013800,17,0.1765,22,76938.0
census_tract,qwen3.5-9b,4014000,32,0.1198,42,117631.0
census_tract,qwen3.5-9b,4014100,27,-0.6728,42,100568.0
census_tract,qwen3.5-9b,4014201,27,0.5741,36,70813.0
census_tract,qwen3.5-9b,4014202,54,-0.2407,69,88750.0
census_tract,qwen3.5-9b,4014300,16,0.4375,22,95446.0
census_tract,qwen3.5-9b,4014400,23,0.0797,33,80101.0
census_tract,qwen3.5-9b,4014500,14,0.5,16,88462.0
census_tract,qwen3.5-9b,4014700,10,0.2,12,94180.0
census_tract,qwen3.5-9b,4014800,21,-0.0556,24,
census_tract,qwen3.5-9b,4014900,22,0.6667,27,66000.0
census_tract,qwen3.5-9b,4015000,16,-0.0208,22,91116.0
census_tract,qwen3.5-9b,4015100,14,0.1429,15,68932.0
census_tract,qwen3.5-9b,4015200,37,0.2703,55,82093.0
census_tract,qwen3.5-9b,4015300,19,0.1842,23,88636.0
census_tract,qwen3.5-9b,4015400,18,-0.1667,22,69414.0
census_tract,qwen3.5-9b,4015500,11,0.3712,17,94375.0
census_tract,qwen3.5-9b,4015600,24,0.0417,26,79063.0
census_tract,qwen3.5-9b,4015700,17,0.0294,25,75982.0
census_tract,qwen3.5-9b,4015801,41,0.0732,52,98387.0
census_tract,qwen3.5-9b,4015802,37,0.3649,43,105149.0
census_tract,qwen3.5-9b,4015900,19,-0.2105,22,71615.0
census_tract,qwen3.5-9b,4016100,15,0.1333,15,92042.0
census_tract,qwen3.5-9b,4016300,31,0.0645,41,35237.0
census_tract,qwen3.5-9b,4016400,21,0.5,26,80568.0
census_tract,qwen3.5-9b,4016600,29,-0.069,37,78108.0
census_tract,qwen3.5-9b,4016800,33,0.3485,43,108173.0
census_tract,qwen3.5-9b,4016900,21,0.4762,24,89679.0
census_tract,qwen3.5-9b,4017000,30,0.1,40,108229.0
census_tract,qwen3.5-9b,4017101,31,-0.4677,40,
census_tract,qwen3.5-9b,4017102,32,-0.1641,51,184083.0
census_tract,qwen3.5-9b,4017200,35,-0.081,54,74760.0
census_tract,qwen3.5-9b,4017400,26,0.1474,36,121759.0
census_tract,qwen3.5-9b,4017600,30,0.1611,36,83906.0
census_tract,qwen3.5-9b,4017800,24,0.0208,29,90096.0
census_tract,qwen3.5-9b,4017901,16,0.2812,24,81319.0
census_tract,qwen3.5-9b,4017902,67,-0.1493,93,
census_tract,qwen3.5-9b,4018000,23,0.2174,31,80147.0
census_tract,qwen3.5-9b,4018101,8,0.3333,11,78864.0
census_tract,qwen3.5-9b,4018102,14,0.2381,23,83750.0
census_tract,qwen3.5-9b,4018200,51,-0.0523,63,93043.0
census_tract,qwen3.5-9b,4018300,34,0.3676,46,71891.0
census_tract,qwen3.5-9b,4018401,35,-0.1429,42,57679.0
census_tract,qwen3.5-9b,4018402,25,0.12,40,89766.0
census_tract,qwen3.5-9b,4018501,15,0.3333,24,88027.0
census_tract,qwen3.5-9b,4018502,7,0.5,9,112260.0
census_tract,qwen3.5-9b,4018600,28,-0.2143,38,94840.0
census_tract,qwen3.5-9b,4018700,71,-0.4718,88,89479.0
census_tract,qwen3.5-9b,4018800,29,-0.2356,37,84688.0
census_tract,qwen3.5-9b,4018900,33,-0.1212,38,93333.0
census_tract,qwen3.5-9b,4019000,24,0.3194,32,87051.0
census_tract,qwen3.5-9b,4019200,38,-0.3421,49,93403.0
census_tract,qwen3.5-9b,4019400,65,-0.4462,85,100938.0
census_tract,qwen3.5-9b,4019600,21,0.4222,32,72000.0
census_tract,qwen3.5-9b,4019800,35,-0.1381,49,68828.0
census_tract,qwen3.5-9b,4019901,59,-0.4605,81,
census_tract,qwen3.5-9b,4019902,91,-0.5513,120,
census_tract,qwen3.5-9b,4019903,46,-0.7572,64,
census_tract,qwen3.5-9b,4020200,41,-0.3171,51,
census_tract,qwen3.5-9b,4020400,33,-0.197,39,63750.0
census_tract,qwen3.5-9b,4020500,88,-0.5928,121,76786.0
census_tract,qwen3.5-9b,4020600,20,-0.175,23,56667.0
census_tract,qwen3.5-9b,4020800,63,-0.455,83,60486.0
census_tract,qwen3.5-9b,4021200,57,-0.0819,77,70776.0
census_tract,qwen3.5-9b,4021400,68,-0.038,94,87356.0
census_tract,qwen3.5-9b,4021601,69,-0.5126,101,92609.0
census_tract,qwen3.5-9b,4021602,32,-0.2448,42,73446.0
census_tract,qwen3.5-9b,4021603,11,-0.8485,15,
census_tract,qwen3.5-9b,4021900,92,-0.742,125,
census_tract,qwen3.5-9b,4022001,75,-0.5378,92,86915.0
census_tract,qwen3.5-9b,4022002,62,-0.2699,87,89600.0
census_tract,qwen3.5-9b,4022900,67,-0.8756,84,
census_tract,qwen3.5-9b,4023000,18,0.0833,21,118494.0
census_tract,qwen3.5-9b,4023200,37,0.1216,50,102386.0
census_tract,qwen3.5-9b,4023501,15,-0.1667,19,60044.0
census_tract,qwen3.5-9b,4023502,17,-0.0196,22,82676.0
census_tract,qwen3.5-9b,4023600,30,0.2,36,81557.0
census_tract,qwen3.5-9b,4023800,29,0.3391,39,59938.0
census_tract,qwen3.5-9b,4024000,28,0.4643,36,59421.0
census_tract,qwen3.5-9b,4024300,93,-0.1774,121,60880.0
census_tract,qwen3.5-9b,4024500,43,-0.4322,67,62647.0
census_tract,qwen3.5-9b,4024600,17,-0.4216,29,
census_tract,qwen3.5-9b,4024700,33,-0.6061,42,57143.0
census_tract,qwen3.5-9b,4024900,33,0.4091,37,76987.0
census_tract,qwen3.5-9b,4025100,37,-0.0811,54,90996.0
census_tract,qwen3.5-9b,4025301,27,0.6111,33,70664.0
census_tract,qwen3.5-9b,4025302,22,0.4545,28,66393.0
census_tract,qwen3.5-9b,4025401,26,0.2372,35,76434.0
census_tract,qwen3.5-9b,4025402,36,-0.169,48,41822.0
census_tract,qwen3.5-9b,4025500,18,-0.0417,25,92260.0
census_tract,qwen3.5-9b,4025700,27,0.2716,41,95139.0
census_tract,qwen3.5-9b,4025800,40,0.0042,53,107442.0
census_tract,qwen3.5-9b,4025900,27,0.037,30,61289.0
census_tract,qwen3.5-9b,4026000,30,-0.1611,34,63565.0
census_tract,qwen3.5-9b,4026100,24,-0.0069,36,79419.0
census_tract,qwen3.5-9b,4026200,22,0.0152,25,83667.0
census_tract,qwen3.5-9b,4026300,55,-0.5576,78,87232.0
census_tract,qwen3.5-9b,4026400,39,-0.2863,60,86411.0
census_tract,qwen3.5-9b,4026501,12,0.6667,14,73641.0
census_tract,qwen3.5-9b,4026502,17,-0.4706,25,74643.0
census_tract,qwen3.5-9b,4026600,31,-0.172,37,55441.0
census_tract,qwen3.5-9b,4026700,36,0.213,46,58274.0
census_tract,qwen3.5-9b,4026901,12,0.2917,14,58163.0
census_tract,qwen3.5-9b,4026902,8,0.125,10,53694.0
census_tract,qwen3.5-9b,4027000,33,0.0303,46,110938.0
census_tract,qwen3.5-9b,4027101,6,-0.6667,9,54568.0
census_tract,qwen3.5-9b,4027200,11,-0.0455,14,97357.0
census_tract,qwen3.5-9b,4027301,12,0.5833,14,69631.0
census_tract,qwen3.5-9b,4027302,12,0.1667,15,81532.0
census_tract,qwen3.5-9b,4027400,26,-0.1346,32,65234.0
census_tract,qwen3.5-9b,4027500,14,0.75,23,66971.0
census_tract,qwen3.5-9b,4027600,19,-0.3421,24,111250.0
census_tract,qwen3.5-9b,4027701,5,0.5,6,67602.0
census_tract,qwen3.5-9b,4027702,15,-0.0667,19,69521.0
census_tract,qwen3.5-9b,4027800,13,0.0769,15,51992.0
census_tract,qwen3.5-9b,4027900,12,0.1667,13,81417.0
census_tract,qwen3.5-9b,4028000,18,-0.037,25,80286.0
census_tract,qwen3.5-9b,4028100,25,0.0133,32,86631.0
census_tract,qwen3.5-9b,4028200,38,-0.0044,54,92368.0
census_tract,qwen3.5-9b,4028300,19,0.4561,25,79340.0
census_tract,qwen3.5-9b,4028400,54,-0.0556,65,72633.0
census_tract,qwen3.5-9b,4028500,19,-0.0877,22,126991.0
census_tract,qwen3.5-9b,4028700,14,0.7262,22,83108.0
census_tract,qwen3.5-9b,4028801,36,-0.5509,58,120234.0
census_tract,qwen3.5-9b,4028802,28,-0.0179,32,89653.0
census_tract,qwen3.5-9b,4028803,18,0.0463,23,
census_tract,qwen3.5-9b,4028900,16,0.7188,23,83870.0
census_tract,qwen3.5-9b,4029100,46,-0.2931,71,53384.0
census_tract,qwen3.5-9b,4029300,28,-0.0476,38,70556.0
census_tract,qwen3.5-9b,4029400,133,-0.3496,178,102984.0
census_tract,qwen3.5-9b,4029500,30,-0.05,37,81051.0
census_tract,qwen3.5-9b,4029700,88,-0.4545,105,101538.0
census_tract,qwen3.5-9b,4029900,19,-0.4605,32,
census_tract,qwen3.5-9b,4030600,355,-0.6782,481,111458.0
census_tract,qwen3.5-9b,4030903,37,0.5113,47,75728.0
census_tract,qwen3.5-9b,4030904,68,-0.3407,85,58726.0
census_tract,qwen3.5-9b,4030905,25,0.0867,30,74339.0
census_tract,qwen3.5-9b,4030906,36,-0.2778,50,84907.0
census_tract,qwen3.5-9b,4031700,128,-0.321,180,75591.0
census_tract,qwen3.5-9b,4032000,169,-0.2579,223,100417.0
census_tract,qwen3.5-9b,4032700,16,0.2188,19,88167.0
census_tract,qwen3.5-9b,4032800,57,-0.3246,76,94398.0
census_tract,qwen3.5-9b,4032900,79,-0.2405,102,66573.0
census_tract,qwen3.5-9b,4033000,96,-0.4097,128,105013.0
census_tract,qwen3.5-9b,4033100,154,-0.9821,207,
census_tract,qwen3.5-9b,4033401,61,-0.285,83,63892.0
census_tract,qwen3.5-9b,4033403,17,-0.1471,22,53013.0
census_tract,qwen3.5-9b,4033404,9,-0.1111,13,52574.0
census_tract,qwen3.5-9b,4033405,35,0.281,50,86065.0
census_tract,qwen3.5-9b,4033700,19,0.4035,25,107750.0
census_tract,qwen3.5-9b,4033900,13,0.2308,15,69755.0
census_tract,qwen3.5-9b,4034700,82,-0.4004,116,77025.0
census_tract,qwen3.5-9b,4035100,14,0.1667,21,85284.0
census_tract,qwen3.5-9b,4035200,72,-0.1343,95,105139.0
census_tract,qwen3.5-9b,4035300,26,-0.0513,39,104107.0
census_tract,qwen3.5-9b,4035700,112,-0.4345,150,93153.0
census_tract,qwen3.5-9b,4035800,76,-0.2774,108,97128.0
census_tract,qwen3.5-9b,4036100,21,0.0079,32,92500.0
census_tract,qwen3.5-9b,4036300,12,0.6111,16,76613.0
census_tract,qwen3.5-9b,4036500,25,0.0,30,72031.0
census_tract,qwen3.5-9b,4036600,53,-0.2516,71,75395.0
census_tract,qwen3.5-9b,4036700,38,0.1842,45,78200.0
census_tract,qwen3.5-9b,4036800,43,-0.0581,49,125882.0
census_tract,qwen3.5-9b,4037100,28,-0.2917,35,81607.0
census_tract,qwen3.5-9b,4037300,73,-0.3973,94,59821.0
census_tract,qwen3.5-9b,4037502,9,-0.0185,13,70625.0
census_tract,qwen3.5-9b,4037600,100,-0.1067,131,112955.0
census_tract,qwen3.5-9b,4037700,20,0.2583,25,81797.0
census_tract,qwen3.5-9b,4037900,28,0.1786,39,80927.0
census_tract,qwen3.5-9b,4038100,53,-0.0377,67,83654.0
census_tract,qwen3.5-9b,4038301,106,-0.8884,133,
census_tract,qwen3.5-9b,4038302,762,-0.7948,1036,
census_tract,qwen3.5-9b,4038400,42,0.0734,56,100337.0
census_tract,qwen3.5-9b,4039400,43,0.1008,62,100833.0
census_tract,qwen3.5-9b,4039800,32,-0.1562,39,86948.0
census_tract,qwen3.5-9b,4039901,18,-0.0972,29,118319.0
census_tract,qwen3.5-9b,4039902,12,-0.1667,16,58640.0
census_tract,qwen3.5-9b,4040000,44,0.1705,63,112560.0
census_tract,qwen3.5-9b,4040102,16,0.2917,20,75660.0
census_tract,qwen3.5-9b,4040200,31,0.3387,35,103214.0
census_tract,qwen3.5-9b,4040301,8,-0.5,13,37018.0
census_tract,qwen3.5-9b,4040302,9,-0.2222,15,70179.0
census_tract,qwen3.5-9b,4040400,64,0.1615,87,87917.0
census_tract,qwen3.5-9b,4040501,15,0.6222,20,102682.0
census_tract,qwen3.5-9b,4040502,7,0.2143,9,74091.0
census_tract,qwen3.5-9b,4040701,12,0.2083,16,77944.0
census_tract,qwen3.5-9b,4040702,12,-0.2917,17,99722.0
census_tract,qwen3.5-9b,4040901,9,0.0,11,83320.0
census_tract,qwen3.5-9b,4040902,9,-0.0741,16,84091.0
census_tract,qwen3.5-9b,4041100,25,-0.28,29,73899.0
census_tract,qwen3.5-9b,4041300,24,0.2083,28,72519.0
census_tract,qwen3.5-9b,4041400,43,-0.0543,58,92939.0
census_tract,qwen3.5-9b,4041500,21,0.0238,28,63411.0
census_tract,qwen3.5-9b,4042400,61,-0.235,83,95855.0
census_tract,qwen3.5-9b,4042600,26,-0.641,34,
census_tract,qwen3.5-9b,4042700,29,-0.1322,39,70921.0
census_tract,qwen3.5-9b,4043200,32,-0.0234,44,92750.0
census_tract,qwen3.5-9b,4043400,32,-0.0729,40,95057.0
census_tract,qwen3.5-9b,4043701,36,-0.1296,42,60188.0
census_tract,qwen3.5-9b,4043702,21,-0.3492,27,66731.0
census_tract,qwen3.5-9b,4043900,15,-0.2,18,68922.0
census_tract,qwen3.5-9b,4044000,54,-0.0741,70,67463.0
census_tract,qwen3.5-9b,4044301,10,0.1,12,36467.0
census_tract,qwen3.5-9b,4044302,16,0.0,19,62731.0
census_tract,qwen3.5-9b,4044400,83,-0.0843,111,46434.0
census_tract,qwen3.5-9b,4044601,18,0.5278,22,57614.0
census_tract,qwen3.5-9b,4044602,34,0.3578,44,45688.0
census_tract,qwen3.5-9b,4044800,18,0.3667,27,72371.0
census_tract,qwen3.5-9b,4045000,48,-0.0347,69,148424.0
census_tract,qwen3.5-9b,4045200,32,-0.2083,40,76071.0
census_tract,qwen3.5-9b,4045400,28,-0.2679,38,84100.0
census_tract,qwen3.5-9b,4045500,10,0.5,13,80100.0
census_tract,qwen3.5-9b,4045600,26,-0.0705,36,75357.0
census_tract,qwen3.5-9b,4045700,19,-0.0526,23,82176.0
census_tract,qwen3.5-9b,4045800,27,0.0679,38,79236.0
census_tract,qwen3.5-9b,4045900,23,0.3478,30,72279.0
census_tract,qwen3.5-9b,4046000,29,0.6351,42,57184.0
census_tract,qwen3.5-9b,4046100,10,0.4,11,77000.0
census_tract,qwen3.5-9b,4046200,39,0.2607,56,60647.0
census_tract,qwen3.5-9b,4046300,22,-0.3561,34,75539.0
census_tract,qwen3.5-9b,4046400,40,-0.5292,54,118472.0
census_tract,qwen3.5-9b,4046500,14,-0.0357,18,94125.0
census_tract,qwen3.5-9b,4046600,30,0.1167,41,76885.0
census_tract,qwen3.5-9b,4046700,17,0.2353,21,77246.0
census_tract,qwen3.5-9b,4046800,28,0.131,39,83388.0
census_tract,qwen3.5-9b,4046901,19,0.4211,28,73538.0
census_tract,qwen3.5-9b,4046902,16,0.125,18,68353.0
census_tract,qwen3.5-9b,4047000,35,0.3571,48,72955.0
census_tract,qwen3.5-9b,4047100,17,0.0784,25,60616.0
census_tract,qwen3.5-9b,4047200,74,-0.107,103,128274.0
census_tract,qwen3.5-9b,4047300,47,0.2199,67,72441.0
census_tract,qwen3.5-9b,4047500,45,-0.0926,58,86271.0
census_tract,qwen3.5-9b,4047600,75,-0.5178,108,115335.0
census_tract,qwen3.5-9b,4047801,70,-0.0071,95,56848.0
census_tract,qwen3.5-9b,4047802,26,0.2436,36,116198.0
census_tract,qwen3.5-9b,4047900,79,0.0401,102,87515.0
census_tract,qwen3.5-9b,4048000,34,0.0,44,86250.0
census_tract,qwen3.5-9b,4048100,20,0.3917,27,73983.0
census_tract,qwen3.5-9b,4048200,33,0.0556,48,110729.0
census_tract,qwen3.5-9b,4048301,10,0.0,13,60568.0
census_tract,qwen3.5-9b,4048302,18,0.1944,26,85724.0
census_tract,qwen3.5-9b,4048400,58,0.4109,73,86726.0
census_tract,qwen3.5-9b,4048500,33,-0.0101,47,77614.0
census_tract,qwen3.5-9b,4048900,68,-0.1176,90,61552.0
census_tract,qwen3.5-9b,4049201,48,-0.7795,62,60797.0
census_tract,qwen3.5-9b,4049202,39,-0.0043,55,107063.0
census_tract,qwen3.5-9b,4049301,23,-0.0435,36,86429.0
census_tract,qwen3.5-9b,4049302,39,0.1026,47,59940.0
census_tract,qwen3.5-9b,4049500,43,-0.6395,58,92800.0
census_tract,qwen3.5-9b,4049600,40,0.4375,55,91991.0
census_tract,qwen3.5-9b,4049700,26,0.1154,30,86031.0
census_tract,qwen3.5-9b,4049900,64,-0.0521,94,85045.0
census_tract,qwen3.5-9b,4050000,40,-0.05,54,68850.0
census_tract,qwen3.5-9b,4050201,24,0.2292,34,90972.0
census_tract,qwen3.5-9b,4050202,19,-0.2105,27,85147.0
census_tract,qwen3.5-9b,4050400,39,-0.1667,53,131168.0
census_tract,qwen3.5-9b,4050500,16,-0.3438,21,113438.0
census_tract,qwen3.5-9b,4050600,17,0.1176,22,93000.0
census_tract,qwen3.5-9b,4050700,64,-0.4531,91,84476.0
census_tract,qwen3.5-9b,4050800,36,0.2778,52,77040.0
census_tract,qwen3.5-9b,4051000,23,0.5217,29,85179.0
census_tract,qwen3.5-9b,4051100,56,-0.3661,77,92647.0
census_tract,qwen3.5-9b,4051200,63,0.2778,84,122778.0
census_tract,qwen3.5-9b,4051300,25,0.0867,34,83618.0
census_tract,qwen3.5-9b,4051500,45,0.0067,63,102833.0
census_tract,qwen3.5-9b,4051600,34,0.2108,43,107500.0
census_tract,qwen3.5-9b,4051700,78,-0.1838,101,113125.0
census_tract,qwen3.5-9b,4051800,25,0.14,27,124423.0
census_tract,qwen3.5-9b,4052000,27,-0.3519,33,105163.0
census_tract,qwen3.5-9b,4052100,40,-0.1083,51,84009.0
census_tract,qwen3.5-9b,4052200,26,-0.1538,39,86818.0
census_tract,qwen3.5-9b,4052400,30,0.0,34,112838.0
census_tract,qwen3.5-9b,4052500,25,-0.18,32,77037.0
census_tract,qwen3.5-9b,4052600,20,0.025,23,96695.0
census_tract,qwen3.5-9b,4052800,33,-0.3333,45,79542.0
census_tract,qwen3.5-9b,4053000,29,0.1897,40,102381.0
census_tract,qwen3.5-9b,4053100,51,-0.2124,74,73938.0
census_tract,qwen3.5-9b,4053200,35,-0.1,47,97419.0
census_tract,qwen3.5-9b,4053401,38,-0.0614,49,103594.0
census_tract,qwen3.5-9b,4053501,32,-0.1875,42,73042.0
census_tract,qwen3.5-9b,4053502,18,-0.2778,18,
census_tract,qwen3.5-9b,4053601,19,0.4474,29,
census_tract,qwen3.5-9b,4053800,27,0.0741,30,121034.0
census_tract,qwen3.5-9b,4053901,62,-0.2339,84,91027.0
census_tract,qwen3.5-9b,4053902,12,0.25,16,
census_tract,qwen3.5-9b,4054000,55,-0.103,70,102174.0
census_tract,qwen3.5-9b,4054200,83,0.2699,116,94125.0
census_tract,qwen3.5-9b,4054500,25,0.4267,31,66076.0
census_tract,qwen3.5-9b,4054700,23,0.7174,35,119732.0
census_tract,qwen3.5-9b,4054800,27,0.3704,33,84601.0
census_tract,qwen3.5-9b,4054900,25,-0.0733,38,104821.0
census_tract,qwen3.5-9b,4055100,28,0.6905,36,80268.0
census_tract,qwen3.5-9b,4055200,90,-0.4241,109,71213.0
census_tract,qwen3.5-9b,4055300,28,0.3095,42,90114.0
census_tract,qwen3.5-9b,4055400,38,0.0,44,89375.0
census_tract,qwen3.5-9b,4055500,30,-0.1667,35,86667.0
census_tract,qwen3.5-9b,4055600,23,-0.0616,33,135052.0
census_tract,qwen3.5-9b,4055700,30,0.0556,41,101636.0
census_tract,qwen3.5-9b,4055800,16,0.3125,18,78672.0
census_tract,qwen3.5-9b,4055900,24,-0.1042,30,70481.0
census_tract,qwen3.5-9b,4056000,29,0.0345,40,139615.0
census_tract,qwen3.5-9b,4056100,160,-0.5109,206,
census_tract,qwen3.5-9b,4056200,31,-0.086,41,102125.0
census_tract,qwen3.5-9b,4056400,26,0.1346,34,95000.0
census_tract,qwen3.5-9b,4056500,18,-0.0185,23,129647.0
census_tract,qwen3.5-9b,4056600,24,0.5764,34,71974.0
census_tract,qwen3.5-9b,4056700,39,0.1368,53,111477.0
census_tract,qwen3.5-9b,4056800,138,-0.099,171,101321.0
census_tract,qwen3.5-9b,4057700,28,0.3036,38,75750.0
census_tract,qwen3.5-9b,4057900,7,-0.2143,11,76023.0
census_tract,qwen3.5-9b,4058000,104,-0.3558,135,139342.0
census_tract,qwen3.5-9b,4058100,23,0.5217,30,78950.0
census_tract,qwen3.5-9b,4058200,75,-0.3044,96,123583.0
census_tract,qwen3.5-9b,4058300,17,0.2941,24,109327.0
census_tract,qwen3.5-9b,4058500,32,0.4271,42,101157.0
census_tract,qwen3.5-9b,4058700,14,0.1429,17,100385.0
census_tract,qwen3.5-9b,4058900,28,0.2798,37,60224.0
census_tract,qwen3.5-9b,4059000,19,0.3684,20,93750.0
census_tract,qwen3.5-9b,4059100,14,0.4881,18,53832.0
census_tract,qwen3.5-9b,4059200,39,-0.1368,53,77857.0
census_tract,qwen3.5-9b,4059300,32,0.2031,43,90975.0
census_tract,qwen3.5-9b,4059400,32,-0.3828,45,134297.0
census_tract,qwen3.5-9b,4059501,19,-0.0526,29,80515.0
census_tract,qwen3.5-9b,4059502,29,0.0172,38,75833.0
census_tract,qwen3.5-9b,4059600,30,0.0889,38,92162.0
census_tract,qwen3.5-9b,4059800,37,0.0991,48,96250.0
census_tract,qwen3.5-9b,4059900,11,0.4091,17,120979.0
census_tract,qwen3.5-9b,4060000,29,0.1609,39,129519.0
census_tract,qwen3.5-9b,4060100,22,0.3273,35,75811.0
census_tract,qwen3.5-9b,4060300,31,0.2968,41,95909.0
census_tract,qwen3.5-9b,4060600,23,-0.2101,35,131250.0
census_tract,qwen3.5-9b,4060701,11,0.0455,14,
census_tract,qwen3.5-9b,4060800,25,0.32,32,115000.0
census_tract,qwen3.5-9b,4061000,38,-0.1667,58,97788.0
census_tract,qwen3.5-9b,4061200,36,0.0278,42,133214.0
census_tract,qwen3.5-9b,4061301,67,-0.097,84,93669.0
census_tract,qwen3.5-9b,4061400,36,0.0926,47,132159.0
census_tract,qwen3.5-9b,4061601,53,-0.1777,70,107838.0
census_tract,qwen3.5-9b,4061602,81,-0.4794,107,127857.0
census_tract,qwen3.5-9b,4061800,34,-0.1912,49,112868.0
census_tract,qwen3.5-9b,4061900,28,-0.1607,34,62083.0
census_tract,qwen3.5-9b,4062000,24,0.0833,31,129457.0
census_tract,qwen3.5-9b,4062100,34,-0.0588,49,77011.0
census_tract,qwen3.5-9b,4062200,78,-0.4188,106,122938.0
census_tract,qwen3.5-9b,4062300,21,0.127,27,77563.0
census_tract,qwen3.5-9b,4062500,20,-0.1,25,83631.0
census_tract,qwen3.5-9b,4062600,53,-0.1289,79,139602.0
census_tract,qwen3.5-9b,4062700,27,0.4815,35,76439.0
census_tract,qwen3.5-9b,4062900,22,-0.1515,28,101097.0
census_tract,qwen3.5-9b,4063000,17,-0.2059,22,120821.0
census_tract,qwen3.5-9b,4063200,44,0.1705,56,107672.0
census_tract,qwen3.5-9b,4063301,19,-0.2719,25,142768.0
census_tract,qwen3.5-9b,4063302,16,0.4021,25,102292.0
census_tract,qwen3.5-9b,4063500,19,0.1404,28,86219.0
census_tract,qwen3.5-9b,4063700,97,-0.2225,144,91488.0
census_tract,qwen3.5-9b,4063800,111,-0.2862,151,164604.0
census_tract,qwen3.5-9b,4063900,55,-0.2197,85,102083.0
census_tract,qwen3.5-9b,4064101,14,0.0,21,99393.0
census_tract,qwen3.5-9b,4064102,150,-0.7067,186,
census_tract,qwen3.5-9b,4064500,47,-0.3014,58,81250.0
census_tract,qwen3.5-9b,4064600,71,-0.2465,95,125875.0
census_tract,qwen3.5-9b,4065000,73,-0.0479,97,133482.0
census_tract,qwen3.5-9b,4065401,60,-0.2014,78,104622.0
census_tract,qwen3.5-9b,4065402,18,-0.0556,19,
census_tract,qwen3.5-9b,4065501,33,-0.0202,50,
census_tract,qwen3.5-9b,4065600,88,-0.2064,111,117800.0
census_tract,qwen3.5-9b,4065702,24,0.3333,32,74821.0
census_tract,qwen3.5-9b,4065703,37,0.0676,54,122434.0
census_tract,qwen3.5-9b,4065900,33,0.0939,42,112917.0
census_tract,qwen3.5-9b,4066000,43,-0.3178,54,137843.0
census_tract,qwen3.5-9b,4066100,16,-0.125,21,116806.0
census_tract,qwen3.5-9b,4066301,47,0.4255,65,92318.0
census_tract,qwen3.5-9b,4066302,16,0.4688,22,
census_tract,qwen3.5-9b,4066401,73,-0.8128,97,110000.0
census_tract,qwen3.5-9b,4066402,41,0.1951,53,111494.0
census_tract,qwen3.5-9b,4066403,33,0.2121,47,100441.0
census_tract,qwen3.5-9b,4066404,27,-1.4938,37,
census_tract,qwen3.5-9b,4066501,42,0.3214,53,100391.0
census_tract,qwen3.5-9b,4066701,33,0.1465,44,103594.0
census_tract,qwen3.5-9b,4066900,17,0.0532,32,96484.0
census_tract,qwen3.5-9b,4067100,41,0.1626,53,121266.0
census_tract,qwen3.5-9b,4067700,34,-0.1176,41,100313.0
census_tract,qwen3.5-9b,4067900,53,0.2767,74,78538.0
census_tract,qwen3.5-9b,4068000,177,-0.4058,245,133510.0
census_tract,qwen3.5-9b,4068200,37,-0.3153,47,89732.0
census_tract,qwen3.5-9b,4068300,57,-0.193,75,85771.0
census_tract,qwen3.5-9b,4068700,75,-0.0178,109,86193.0
census_tract,qwen3.5-9b,4069000,39,0.0,58,111464.0
census_tract,qwen3.5-9b,4069300,35,0.119,43,57099.0
census_tract,qwen3.5-9b,4069400,51,-0.4183,72,117692.0
census_tract,qwen3.5-9b,4069500,32,0.0,39,91591.0
census_tract,qwen3.5-9b,4069701,16,-0.125,22,102500.0
census_tract,qwen3.5-9b,4069702,54,0.1204,77,92489.0
census_tract,qwen3.5-9b,4070300,35,0.4952,51,106250.0
census_tract,qwen3.5-9b,4070700,38,-0.1447,48,138237.0
census_tract,qwen3.5-9b,4070900,32,0.1302,48,117375.0
census_tract,qwen3.5-9b,4071100,60,0.275,76,100149.0
census_tract,qwen3.5-9b,4071303,41,0.2967,50,97563.0
census_tract,qwen3.5-9b,4071304,26,0.1154,38,100238.0
census_tract,qwen3.5-9b,4071305,20,0.1333,30,118409.0
census_tract,qwen3.5-9b,4071306,40,0.1875,53,88329.0
census_tract,qwen3.5-9b,4071600,601,-1.0287,826,
census_tract,qwen3.5-9b,4071701,17,-0.0294,27,67566.0
census_tract,qwen3.5-9b,4071702,76,-0.3487,94,87958.0
census_tract,qwen3.5-9b,4071900,24,-0.2812,29,62408.0
census_tract,qwen3.5-9b,4072100,23,-0.058,32,100976.0
census_tract,qwen3.5-9b,4072300,56,0.2649,70,181250.0
census_tract,qwen3.5-9b,4072900,16,0.3333,20,104767.0
census_tract,qwen3.5-9b,4073100,30,-0.1222,38,170913.0
census_tract,qwen3.5-9b,4073700,33,0.548,43,151731.0
census_tract,qwen3.5-9b,4073900,45,0.6852,64,116815.0
census_tract,qwen3.5-9b,4074100,21,0.381,28,96894.0
census_tract,qwen3.5-9b,4074300,38,0.1053,49,66972.0
census_tract,qwen3.5-9b,4074500,36,-0.0833,44,63268.0
census_tract,qwen3.5-9b,4074700,35,-0.0571,42,99769.0
census_tract,qwen3.5-9b,4074900,38,-0.2895,45,224313.0
census_tract,qwen3.5-9b,4075701,39,0.2479,51,117361.0
census_tract,qwen3.5-9b,4075702,37,-0.3874,52,125316.0
census_tract,qwen3.5-9b,4076901,30,0.4722,45,111389.0
census_tract,qwen3.5-9b,4076902,26,0.1667,37,134545.0
census_tract,qwen3.5-9b,4077300,51,-0.0458,66,106964.0
census_tract,qwen3.5-9b,4077500,29,0.0575,41,84427.0
census_tract,qwen3.5-9b,4077902,88,0.1686,128,102363.0
census_tract,qwen3.5-9b,4077903,40,-0.1917,54,96944.0
census_tract,qwen3.5-9b,4077904,82,0.0325,115,107279.0
census_tract,qwen3.5-9b,4077905,46,-0.3152,61,94000.0
census_tract,qwen3.5-9b,4077906,46,0.1812,57,86324.0
census_tract,qwen3.5-9b,4077907,47,-0.0674,67,68226.0
census_tract,qwen3.5-9b,4077908,22,-0.1591,28,79265.0
census_tract,qwen3.5-9b,4078800,22,-0.3182,25,105529.0
census_tract,qwen3.5-9b,4079000,34,-0.4265,49,97500.0
census_tract,qwen3.5-9b,4079200,59,-0.1709,81,71510.0
census_tract,qwen3.5-9b,4079300,10,-1.0,11,
census_tract,qwen3.5-9b,4079701,9,0.1111,11,62173.0
census_tract,qwen3.5-9b,4079702,33,0.3889,47,48147.0
census_tract,qwen3.5-9b,4079900,35,0.1024,50,48980.0
census_tract,qwen3.5-9b,4080301,65,-0.0692,84,59817.0
census_tract,qwen3.5-9b,4080302,102,-0.2647,138,82358.0
census_tract,qwen3.5-9b,4080900,46,-0.163,60,55716.0
census_tract,qwen3.5-9b,4081400,59,-0.5367,74,105179.0
census_tract,qwen3.5-9b,4081800,59,-0.0003,80,130457.0
census_tract,qwen3.5-9b,4083700,82,-0.1699,120,70028.0
census_tract,qwen3.5-9b,4083800,88,0.2405,114,100354.0
census_tract,qwen3.5-9b,4084000,88,0.1227,122,87614.0
census_tract,qwen3.5-9b,4084500,27,0.4259,36,29552.0
census_tract,qwen3.5-9b,4084601,39,-0.2885,62,102692.0
census_tract,qwen3.5-9b,4084602,188,-0.6956,256,91953.0
census_tract,qwen3.5-9b,4084901,19,-0.3684,26,95551.0
census_tract,qwen3.5-9b,4084902,13,0.7949,23,40901.0
census_tract,qwen3.5-9b,4085300,22,0.5833,31,35985.0
census_tract,qwen3.5-9b,4085500,12,0.0833,16,42611.0
census_tract,qwen3.5-9b,4085700,9,0.8333,13,54914.0
census_tract,qwen3.5-9b,4085900,16,0.2708,21,60460.0
census_tract,qwen3.5-9b,4086100,28,0.5536,33,42026.0
census_tract,qwen3.5-9b,4086300,14,-0.0595,22,53839.0
census_tract,qwen3.5-9b,4086400,79,0.0527,109,128398.0
census_tract,qwen3.5-9b,4086500,26,0.4423,33,65433.0
census_tract,qwen3.5-9b,4086900,130,-0.2513,161,95469.0
census_tract,qwen3.5-9b,4087100,49,0.0357,65,52250.0
census_tract,qwen3.5-9b,4088400,210,-0.1841,270,96806.0
census_tract,qwen3.5-9b,4088902,42,-0.381,53,59200.0
census_tract,qwen3.5-9b,4088903,79,-0.5316,97,53393.0
census_tract,qwen3.5-9b,4089201,265,0.0805,364,155291.0
census_tract,qwen3.5-9b,4089202,29,-1.0,33,
census_tract,qwen3.5-9b,4090700,144,-0.6291,187,101023.0
census_tract,qwen3.5-9b,4091602,40,-1.0333,60,
census_tract,qwen3.5-9b,4091603,33,-0.9444,47,122443.0
census_tract,qwen3.5-9b,4091604,15,-1.2,19,
census_tract,qwen3.5-9b,4091800,88,-1.3617,117,
census_tract,qwen3.5-9b,4091900,54,-0.1358,75,106612.0
census_tract,qwen3.5-9b,4092200,87,-0.3352,112,175682.0
census_tract,qwen3.5-9b,4092500,33,-0.1616,43,64107.0
census_tract,qwen3.5-9b,4092800,106,-0.136,151,162798.0
census_tract,qwen3.5-9b,4092900,89,0.0056,112,112324.0
census_tract,qwen3.5-9b,4093401,71,-0.1819,95,131471.0
census_tract,qwen3.5-9b,4093402,35,0.0571,45,107371.0
census_tract,qwen3.5-9b,4093800,67,-0.3209,97,81573.0
census_tract,qwen3.5-9b,4093900,61,-0.2951,81,79471.0
census_tract,qwen3.5-9b,4094201,50,-0.4467,71,75966.0
census_tract,qwen3.5-9b,4094202,93,-0.3297,122,56800.0
census_tract,qwen3.5-9b,4094203,57,-0.2602,71,48482.0
census_tract,qwen3.5-9b,4094500,157,-0.3815,220,79406.0
census_tract,qwen3.5-9b,4094700,27,-0.179,33,85819.0
census_tract,qwen3.5-9b,4095400,102,-0.1013,128,82053.0
census_tract,qwen3.5-9b,4096400,81,-0.3951,104,89432.0
census_tract,qwen3.5-9b,4097202,21,-0.6349,27,22500.0
census_tract,qwen3.5-9b,4097204,55,-0.247,72,73180.0
census_tract,qwen3.5-9b,4097205,13,-0.2821,18,21295.0
census_tract,qwen3.5-9b,4097206,26,-0.6538,34,34679.0
census_tract,qwen3.5-9b,4097207,12,-1.0,16,
census_tract,qwen3.5-9b,4097300,91,0.1667,119,86008.0
census_tract,qwen3.5-9b,4098100,82,-0.1687,107,129250.0
census_tract,qwen3.5-9b,4098700,72,-0.0706,94,105313.0
census_tract,qwen3.5-9b,4099100,152,-0.1919,222,110250.0
census_tract,qwen3.5-9b,4099200,72,-0.463,99,36736.0
census_tract,qwen3.5-9b,4099701,73,-0.395,92,93368.0
census_tract,qwen3.5-9b,4099703,96,-0.276,124,122188.0
census_tract,qwen3.5-9b,4099704,74,0.0574,101,87323.0
census_tract,qwen3.5-9b,4099705,83,-0.3956,108,117283.0
census_tract,qwen3.5-9b,4099801,49,0.0884,60,70278.0
census_tract,qwen3.5-9b,4099802,36,-0.3426,47,41654.0
census_tract,qwen3.5-9b,4099900,43,-0.2171,57,
census_tract,qwen3.5-9b,4100801,37,0.2072,51,136800.0
census_tract,qwen3.5-9b,4100803,57,-0.0877,78,46534.0
census_tract,qwen3.5-9b,4100804,43,-0.1465,67,106235.0
census_tract,qwen3.5-9b,4101002,62,-0.2675,85,77188.0
census_tract,qwen3.5-9b,4101003,20,0.2708,32,72254.0
census_tract,qwen3.5-9b,4101004,56,0.0238,76,48236.0
census_tract,qwen3.5-9b,4101700,139,-0.024,190,110572.0
census_tract,qwen3.5-9b,4102900,68,-0.0564,86,102972.0
census_tract,qwen3.5-9b,4103201,40,-0.0125,54,50123.0
census_tract,qwen3.5-9b,4103202,88,0.0341,122,77069.0
census_tract,qwen3.5-9b,4103300,73,-0.121,109,123810.0
census_tract,qwen3.5-9b,4103900,127,-0.3556,174,76587.0
census_tract,qwen3.5-9b,4104700,102,0.2565,137,66683.0
census_tract,qwen3.5-9b,4105900,90,-0.0972,111,109000.0
census_tract,qwen3.5-9b,4107201,81,-0.3889,100,111354.0
census_tract,qwen3.5-9b,4107202,48,-0.9444,60,
census_tract,qwen3.5-9b,4108500,54,-0.0833,60,71111.0
census_tract,qwen3.5-9b,4109300,127,0.0151,170,125536.0
census_tract,qwen3.5-9b,4109700,55,-0.2924,79,134145.0
census_tract,qwen3.5-9b,4109900,55,-0.0212,76,96250.0
census_tract,qwen3.5-9b,4111300,75,0.0769,102,143917.0
census_tract,qwen3.5-9b,4112300,32,0.3281,38,93194.0
census_tract,qwen3.5-9b,4112900,56,0.2113,75,104688.0
census_tract,qwen3.5-9b,4113300,48,0.0312,59,111094.0
census_tract,qwen3.5-9b,4113900,60,-0.0667,72,85485.0
census_tract,qwen3.5-9b,4114100,54,0.0401,72,121579.0
census_tract,qwen3.5-9b,4114700,42,-0.0873,53,102135.0
census_tract,qwen3.5-9b,4115100,32,0.151,43,108542.0
census_tract,qwen3.5-9b,4115500,23,0.2899,32,109063.0
census_tract,qwen3.5-9b,4115700,42,0.504,62,64153.0
census_tract,qwen3.5-9b,4115900,25,0.42,34,61776.0
census_tract,qwen3.5-9b,4116100,22,-0.2667,31,43417.0
census_tract,qwen3.5-9b,4116301,18,0.3333,21,65526.0
census_tract,qwen3.5-9b,4116302,15,0.0667,18,53631.0
census_tract,qwen3.5-9b,4116700,22,-0.0909,24,62857.0
census_tract,qwen3.5-9b,4117100,52,0.1346,61,78856.0
census_tract,qwen3.5-9b,4117500,81,0.0617,121,78098.0
census_tract,qwen3.5-9b,4118100,28,0.2024,35,100536.0
census_tract,qwen3.5-9b,4118500,25,0.4267,38,67277.0
census_tract,qwen3.5-9b,4118700,15,0.2,18,71657.0
census_tract,qwen3.5-9b,4118900,21,0.5397,29,56446.0
census_tract,qwen3.5-9b,4119100,21,0.4444,31,68355.0
census_tract,qwen3.5-9b,4119300,16,0.7188,20,54273.0
census_tract,qwen3.5-9b,4119500,33,0.1465,50,94010.0
census_tract,qwen3.5-9b,4119900,14,0.0357,22,123519.0
census_tract,qwen3.5-9b,4120100,24,0.2083,29,86125.0
census_tract,qwen3.5-9b,4120300,38,0.1228,53,61000.0
census_tract,qwen3.5-9b,4120500,31,0.2473,39,26563.0
census_tract,qwen3.5-9b,4120701,38,0.0965,46,115750.0
census_tract,qwen3.5-9b,4120702,5,-0.1,9,
census_tract,qwen3.5-9b,4121100,20,-0.475,25,
census_tract,qwen3.5-9b,4121500,84,0.1111,111,92412.0
census_tract,qwen3.5-9b,4122300,88,0.0405,118,96313.0
census_tract,qwen3.5-9b,4122702,49,-0.1497,58,26161.0
census_tract,qwen3.5-9b,4122703,70,-0.3667,93,68089.0
census_tract,qwen3.5-9b,4122704,30,-0.5,42,82292.0
census_tract,qwen3.5-9b,4124100,72,-0.0995,93,96560.0
census_tract,qwen3.5-9b,4124700,82,-0.0254,116,118813.0
census_tract,qwen3.5-9b,4125700,46,-0.0652,65,107125.0
census_tract,qwen3.5-9b,4126500,30,0.2556,39,146250.0
census_tract,qwen3.5-9b,4126700,102,-0.3742,130,98000.0
census_tract,qwen3.5-9b,4127700,140,-0.0845,179,119591.0
census_tract,qwen3.5-9b,4128300,234,-0.7984,314,
census_tract,qwen3.5-9b,4129102,161,-0.2298,210,150263.0
census_tract,qwen3.5-9b,4129103,46,0.058,59,79367.0
census_tract,qwen3.5-9b,4129104,78,-0.1175,104,127303.0
census_tract,qwen3.5-9b,4130100,114,-0.0051,145,94854.0
census_tract,qwen3.5-9b,4133300,84,-0.0337,100,138602.0
census_tract,qwen3.5-9b,4133900,42,-0.1548,51,129934.0
census_tract,qwen3.5-9b,4134100,113,0.0265,145,59033.0
census_tract,qwen3.5-9b,4134701,69,-0.0459,86,92125.0
census_tract,qwen3.5-9b,4134702,80,-0.0812,104,84031.0
census_tract,qwen3.5-9b,4136700,112,-0.1369,143,82139.0
census_tract,qwen3.5-9b,4137700,85,0.1745,112,99140.0
census_tract,qwen3.5-9b,4138501,121,-0.2039,152,92132.0
census_tract,qwen3.5-9b,4138502,191,-0.6619,263,
census_tract,qwen3.5-9b,4139900,53,-0.2642,63,128000.0
census_tract,qwen3.5-9b,4140300,58,-0.4655,84,71842.0
census_tract,qwen3.5-9b,4140901,52,-0.2756,68,130281.0
census_tract,qwen3.5-9b,4140902,97,0.0679,134,120208.0
census_tract,qwen3.5-9b,4141700,125,-0.0847,157,76275.0
census_tract,qwen3.5-9b,4142900,61,0.1148,87,100864.0
census_tract,qwen3.5-9b,4143500,56,-0.0625,71,121875.0
census_tract,qwen3.5-9b,4144100,37,0.2432,47,111410.0
census_tract,qwen3.5-9b,4144700,55,-0.1364,76,94766.0
census_tract,qwen3.5-9b,4145101,33,0.3788,41,71154.0
census_tract,qwen3.5-9b,4145102,66,-0.2955,91,93523.0
census_tract,qwen3.5-9b,4145900,39,0.1538,52,125962.0
census_tract,qwen3.5-9b,4146300,59,-0.1695,69,87244.0
census_tract,qwen3.5-9b,4146700,53,0.2453,60,106538.0
census_tract,qwen3.5-9b,4147100,81,-0.037,116,106615.0
census_tract,qwen3.5-9b,4147900,89,0.2472,117,92045.0
census_tract,qwen3.5-9b,4148300,144,0.0203,210,178509.0
census_tract,qwen3.5-9b,4150701,143,-0.1154,201,158875.0
census_tract,qwen3.5-9b,4150702,134,-0.1045,170,107375.0
census_tract,qwen3.5-9b,4152901,145,-0.2602,190,100909.0
census_tract,qwen3.5-9b,4152902,146,-0.1398,193,129832.0
census_tract,qwen3.5-9b,4155101,40,-0.7667,55,89931.0
census_tract,qwen3.5-9b,4155103,73,0.0995,100,114526.0
census_tract,qwen3.5-9b,4155104,74,0.014,102,88882.0
census_tract,qwen3.5-9b,4156700,183,-0.5829,252,59722.0
census_tract,qwen3.5-9b,4157101,188,-0.0538,251,90575.0
census_tract,qwen3.5-9b,4157102,76,-0.0,97,118250.0
census_tract,qwen3.5-9b,4157901,107,0.0093,132,133542.0
census_tract,qwen3.5-9b,4157902,84,0.0813,113,107153.0
census_tract,qwen3.5-9b,4157903,115,0.0638,144,127533.0
census_tract,qwen3.5-9b,4161700,88,-0.0246,113,119688.0
census_tract,qwen3.5-9b,4162100,108,-0.016,135,121101.0
census_tract,qwen3.5-9b,5000300,125,-0.0627,148,77981.0
census_tract,qwen3.5-9b,5000600,170,-0.5225,234,34492.0
census_tract,qwen3.5-9b,5000700,134,-0.0025,175,52813.0
census_tract,qwen3.5-9b,5000800,284,-0.3175,396,91438.0
census_tract,qwen3.5-9b,5000900,64,-0.0573,85,66208.0
census_tract,qwen3.5-9b,5001100,79,-0.1646,105,57368.0
census_tract,qwen3.5-9b,5001700,103,-0.0484,142,64006.0
census_tract,qwen3.5-9b,5001800,245,-0.6834,328,67273.0
census_tract,qwen3.5-9b,5002001,214,-0.7399,283,69620.0
census_tract,qwen3.5-9b,5002002,356,-0.2832,462,66641.0
census_tract,qwen3.5-9b,5002100,258,-0.2481,358,46667.0
census_tract,qwen3.5-9b,5002700,67,-0.1654,93,45848.0
census_tract,qwen3.5-9b,5002900,160,-0.1844,203,50189.0
census_tract,qwen3.5-9b,5003300,169,-0.4014,213,95317.0
census_tract,qwen3.5-9b,5003600,138,-0.603,193,88929.0
census_tract,qwen3.5-9b,5003900,113,-0.5022,150,103702.0
census_tract,qwen3.5-9b,5004001,86,-0.4147,108,59962.0
census_tract,qwen3.5-9b,5004002,42,-0.5159,58,74759.0
census_tract,qwen3.5-9b,5004003,56,-0.3095,72,24896.0
census_tract,qwen3.5-9b,5004004,194,-0.4974,259,120497.0
census_tract,qwen3.5-9b,5004700,271,-0.266,373,108750.0
census_tract,qwen3.5-9b,5005000,239,-0.5488,313,74890.0
census_tract,qwen3.5-9b,5005901,212,-0.171,279,95863.0
census_tract,qwen3.5-9b,5005902,29,-0.1552,44,
census_tract,qwen3.5-9b,5006400,229,-0.2919,316,67946.0
census_tract,qwen3.5-9b,5006700,249,0.0666,332,97432.0
census_tract,qwen3.5-9b,5007001,152,-0.0954,201,78558.0
census_tract,qwen3.5-9b,5007002,409,-0.6123,546,98574.0
census_tract,qwen3.5-9b,5007400,202,-0.2756,262,78701.0
census_tract,qwen3.5-9b,5007500,144,-0.2112,199,81200.0
census_tract,qwen3.5-9b,5007700,67,-0.2612,92,89961.0
census_tract,qwen3.5-9b,5008100,168,0.0069,229,91274.0
census_tract,qwen3.5-9b,5009601,214,-0.4007,275,105670.0
census_tract,qwen3.5-9b,5009602,229,-0.0459,307,89392.0
census_tract,qwen3.5-9b,5009701,194,-0.0031,265,100996.0
census_tract,qwen3.5-9b,5009702,51,-0.1242,66,
census_tract,qwen3.5-9b,5010500,226,-0.02,313,96607.0
census_tract,qwen3.5-9b,5011201,352,-0.6252,467,92387.0
census_tract,qwen3.5-9b,5011203,394,-0.3698,521,72935.0
census_tract,qwen3.5-9b,5011204,94,-1.0567,117,
census_tract,qwen3.5-9b,5011401,135,-0.0321,173,50878.0
census_tract,qwen3.5-9b,5011402,212,-0.1484,293,111058.0
census_tract,qwen3.5-9b,5012100,206,0.0291,263,202699.0
census_tract,qwen3.5-9b,5012200,304,0.0312,393,127824.0
census_tract,qwen3.5-9b,5012500,116,0.0704,171,138000.0
census_tract,qwen3.5-9b,5012804,273,-0.148,347,97624.0
census_tract,qwen3.5-9b,5012805,191,-0.7461,251,134512.0
census_tract,qwen3.5-9b,5012806,241,-0.1808,331,67857.0
census_tract,qwen3.5-9b,5013201,158,-0.2236,202,117083.0
census_tract,qwen3.5-9b,5013203,266,-0.1835,353,102750.0
census_tract,qwen3.5-9b,5013204,330,-0.318,457,108447.0
census_tract,qwen3.5-9b,5013301,10,-0.1,13,33705.0
census_tract,qwen3.5-9b,5013302,175,-0.1838,231,92070.0
census_tract,qwen3.5-9b,5013400,306,-0.1032,413,93145.0
census_tract,qwen3.5-9b,5013800,452,-0.206,600,146975.0
census_tract,qwen3.5-9b,5014100,87,0.0546,112,92500.0
census_tract,qwen3.5-9b,5014604,366,0.0772,500,126950.0
census_tract,qwen3.5-9b,5014605,266,-0.0079,365,148065.0
census_tract,qwen3.5-9b,5014606,277,-0.3057,361,97247.0
census_tract,qwen3.5-9b,5014607,246,-0.1042,323,130294.0
census_tract,qwen3.5-9b,5014608,135,-0.0951,170,105625.0
census_tract,qwen3.5-9b,5014700,290,-0.1327,391,123015.0
census_tract,qwen3.5-9b,5015100,322,0.111,424,115769.0
census_tract,qwen3.5-9b,5015400,92,-1.1957,120,
census_tract,qwen3.5-9b,5015601,491,0.0711,637,112076.0
census_tract,qwen3.5-9b,5015602,304,0.0123,409,145682.0
census_tract,qwen3.5-9b,5015603,303,-0.08,408,102792.0
census_tract,qwen3.5-9b,5016901,418,-0.4458,569,129583.0
census_tract,qwen3.5-9b,5017005,469,-0.1926,640,100965.0
census_tract,qwen3.5-9b,5017007,198,-0.2319,262,107003.0
census_tract,qwen3.5-9b,5017009,391,-0.2937,508,124196.0
census_tract,qwen3.5-9b,5017011,252,0.0168,354,128933.0
census_tract,qwen3.5-9b,5017012,331,-0.1259,452,126250.0
census_tract,qwen3.5-9b,5017013,161,-0.1796,212,99914.0
census_tract,qwen3.5-9b,5017014,169,-0.0039,209,112567.0
census_tract,qwen3.5-9b,5017015,176,-0.2524,247,116923.0
census_tract,qwen3.5-9b,5017016,278,-0.0588,358,104313.0
census_tract,qwen3.5-9b,5017300,116,-0.2011,152,55114.0
census_tract,qwen3.5-9b,5017600,630,-0.1405,823,111786.0
census_tract,qwen3.5-9b,5017701,691,-0.4833,933,131719.0
census_tract,qwen3.5-9b,5017702,214,-0.1324,289,118743.0
census_tract,qwen3.5-9b,5018100,456,-0.568,608,98807.0
census_tract,qwen3.5-9b,5018701,129,-0.292,170,100903.0
census_tract,qwen3.5-9b,5018703,174,-0.2419,228,96642.0
census_tract,qwen3.5-9b,5018704,212,-0.3,295,145432.0
census_tract,qwen3.5-9b,5018901,415,-0.1351,549,136370.0
census_tract,qwen3.5-9b,5018902,349,-0.2601,468,101700.0
census_tract,qwen3.5-9b,5019700,106,-0.011,133,111250.0
census_tract,qwen3.5-9b,5019800,842,-0.2207,1129,131496.0
census_tract,qwen3.5-9b,5020100,195,0.0795,261,116591.0
census_tract,qwen3.5-9b,5020701,153,-0.1117,217,58495.0
census_tract,qwen3.5-9b,5020702,134,-0.1667,174,46638.0
census_tract,qwen3.5-9b,5020803,612,-0.2104,802,108076.0
census_tract,qwen3.5-9b,5020804,439,0.0211,570,104049.0
census_tract,qwen3.5-9b,5020805,453,-0.1251,625,129939.0
census_tract,qwen3.5-9b,5020806,311,-0.2299,390,98683.0
census_tract,qwen3.5-9b,5021300,228,-0.2878,308,103992.0
census_tract,qwen3.5-9b,5022300,145,-0.1092,188,64964.0
census_tract,qwen3.5-9b,5022601,606,-0.3949,808,104385.0
census_tract,qwen3.5-9b,5022602,790,-0.8517,1057,
census_tract,qwen3.5-9b,5022801,259,-1.029,369,
census_tract,qwen3.5-9b,5022802,245,-0.6517,341,
census_tract,qwen3.5-9b,5023100,171,-0.0774,238,86589.0
census_tract,qwen3.5-9b,5023900,183,-0.2144,261,66833.0
census_tract,qwen3.5-9b,5024401,445,-0.0019,589,176363.0
census_tract,qwen3.5-9b,5024402,330,-0.1409,446,131042.0
census_tract,qwen3.5-9b,5024700,162,-0.3004,209,79833.0
census_tract,qwen3.5-9b,5024800,329,0.0927,436,131745.0
census_tract,qwen3.5-9b,5025100,399,-0.3053,514,109494.0
census_tract,qwen3.5-9b,5027301,531,-0.4311,705,116181.0
census_tract,qwen3.5-9b,5027302,169,-0.1889,228,106979.0
census_tract,qwen3.5-9b,5027702,563,-0.3491,740,88295.0
census_tract,qwen3.5-9b,5027704,149,-0.0671,198,82315.0
census_tract,qwen3.5-9b,5027705,179,0.0904,240,99803.0
census_tract,qwen3.5-9b,5027706,152,-0.1116,207,60781.0
census_tract,qwen3.5-9b,5027900,410,-0.7022,541,167934.0
census_tract,qwen3.5-9b,5029102,991,-0.8364,1325,123393.0
census_tract,qwen3.5-9b,5029104,568,-0.2697,752,97412.0
census_tract,qwen3.5-9b,5029105,323,-0.298,443,118597.0
census_tract,qwen3.5-9b,5029106,138,-0.0827,192,75347.0
census_tract,qwen3.5-9b,5030301,332,-0.1493,435,118913.0
census_tract,qwen3.5-9b,5030302,256,-0.0427,338,89917.0
census_tract,qwen3.5-9b,5031901,115,-0.2341,159,51743.0
census_tract,qwen3.5-9b,5031902,158,-0.4014,227,92083.0
census_tract,qwen3.5-9b,5032300,317,-0.8799,430,79688.0
census_tract,gemma-4-12b,1000201,35,-0.0786,47,37353.0
census_tract,gemma-4-12b,1000202,154,-0.1136,208,36688.0
census_tract,gemma-4-12b,1000600,115,0.2804,160,36893.0
census_tract,gemma-4-12b,1000700,134,0.1328,179,190388.0
census_tract,gemma-4-12b,1000800,216,0.0679,288,31262.0
census_tract,gemma-4-12b,1000900,134,0.2102,175,
census_tract,gemma-4-12b,1001001,67,-0.1045,84,140000.0
census_tract,gemma-4-12b,1001002,87,-0.0747,112,23796.0
census_tract,gemma-4-12b,1001200,107,0.1698,149,114318.0
census_tract,gemma-4-12b,1001300,184,0.5498,255,171923.0
census_tract,gemma-4-12b,1001401,42,0.629,56,103750.0
census_tract,gemma-4-12b,1001402,107,0.4361,149,90469.0
census_tract,gemma-4-12b,1001501,234,0.3415,332,125712.0
census_tract,gemma-4-12b,1001502,111,0.6441,150,204310.0
census_tract,gemma-4-12b,1001600,171,0.5897,217,35875.0
census_tract,gemma-4-12b,1001800,230,0.6569,300,76726.0
census_tract,gemma-4-12b,1002000,72,-0.044,102,30792.0
census_tract,gemma-4-12b,1002100,139,0.5669,189,
census_tract,gemma-4-12b,1002201,52,0.2756,67,39961.0
census_tract,gemma-4-12b,1002202,32,0.7812,35,151711.0
census_tract,gemma-4-12b,1002400,88,-0.2102,117,21092.0
census_tract,gemma-4-12b,1002500,92,0.096,124,20597.0
census_tract,gemma-4-12b,1002601,50,0.7133,72,30350.0
census_tract,gemma-4-12b,1002602,50,0.5867,63,89970.0
census_tract,gemma-4-12b,1002700,31,0.5914,44,124063.0
census_tract,gemma-4-12b,1002800,72,0.3681,96,70691.0
census_tract,gemma-4-12b,1002901,75,0.4133,96,11094.0
census_tract,gemma-4-12b,1002902,61,0.623,87,
census_tract,gemma-4-12b,1003001,60,0.5361,84,88889.0
census_tract,gemma-4-12b,1003002,45,0.643,66,74691.0
census_tract,gemma-4-12b,1003100,111,0.682,151,189250.0
census_tract,gemma-4-12b,1003200,72,0.7454,96,101294.0
census_tract,gemma-4-12b,1003300,242,0.699,320,
census_tract,gemma-4-12b,1003400,63,0.6984,81,121413.0
census_tract,gemma-4-12b,1003601,64,0.3177,83,57000.0
census_tract,gemma-4-12b,1003602,58,0.4382,82,155000.0
census_tract,gemma-4-12b,1003700,269,0.2321,371,
census_tract,gemma-4-12b,1003800,105,0.5492,140,78220.0
census_tract,gemma-4-12b,1003900,216,0.5094,275,202542.0
census_tract,gemma-4-12b,1004001,40,0.725,54,150661.0
census_tract,gemma-4-12b,1004002,58,0.5408,87,196833.0
census_tract,gemma-4-12b,1004100,113,0.6165,148,101893.0
census_tract,gemma-4-12b,1004200,82,0.6443,106,131083.0
census_tract,gemma-4-12b,1004300,70,0.9143,97,122730.0
census_tract,gemma-4-12b,1004400,175,0.0654,239,153280.0
census_tract,gemma-4-12b,1004500,55,0.9061,77,170714.0
census_tract,gemma-4-12b,1004700,93,0.8566,113,148750.0
census_tract,gemma-4-12b,1004800,109,0.4557,149,161973.0
census_tract,gemma-4-12b,1004900,113,0.7581,153,146967.0
census_tract,gemma-4-12b,1005000,113,0.6357,137,205250.0
census_tract,gemma-4-12b,1005200,96,0.6823,121,238750.0
census_tract,gemma-4-12b,1005400,84,0.7083,109,124732.0
census_tract,gemma-4-12b,1005501,74,0.5045,96,214306.0
census_tract,gemma-4-12b,1005502,70,0.7143,84,179844.0
census_tract,gemma-4-12b,1005600,111,0.718,156,183068.0
census_tract,gemma-4-12b,1005700,50,0.6533,68,201116.0
census_tract,gemma-4-12b,1005800,112,0.7068,151,206827.0
census_tract,gemma-4-12b,1005900,49,0.6939,61,181375.0
census_tract,gemma-4-12b,1006000,86,-0.0329,107,202600.0
census_tract,gemma-4-12b,1006100,45,0.9015,68,179167.0
census_tract,gemma-4-12b,1006200,218,-0.0009,293,104255.0
census_tract,gemma-4-12b,1006300,93,0.8477,124,173995.0
census_tract,gemma-4-12b,1006400,116,0.546,161,130385.0
census_tract,gemma-4-12b,1006500,127,0.729,183,133781.0
census_tract,gemma-4-12b,1006600,90,0.5111,122,101990.0
census_tract,gemma-4-12b,1006700,103,0.5874,131,131304.0
census_tract,gemma-4-12b,1006800,115,0.7132,163,128919.0
census_tract,gemma-4-12b,1006900,113,0.4572,144,238563.0
census_tract,gemma-4-12b,1007001,47,0.3298,64,163287.0
census_tract,gemma-4-12b,1007002,67,0.6119,91,154965.0
census_tract,gemma-4-12b,1007100,96,0.6024,131,150449.0
census_tract,gemma-4-12b,1007200,123,0.6287,162,136979.0
census_tract,gemma-4-12b,1007300,124,0.7897,167,175590.0
census_tract,gemma-4-12b,1007400,118,0.4703,172,215511.0
census_tract,gemma-4-12b,1007500,115,0.5768,145,187647.0
census_tract,gemma-4-12b,1007600,100,0.8758,143,193644.0
census_tract,gemma-4-12b,1007700,102,0.5997,129,230044.0
census_tract,gemma-4-12b,1007800,174,0.2835,246,134092.0
census_tract,gemma-4-12b,1007900,187,0.6053,268,200079.0
census_tract,gemma-4-12b,1008000,107,0.6539,141,177105.0
census_tract,gemma-4-12b,1008100,90,0.5259,117,134538.0
census_tract,gemma-4-12b,1008200,116,0.648,156,162143.0
census_tract,gemma-4-12b,1008300,75,0.3467,102,75000.0
census_tract,gemma-4-12b,1008400,109,0.7907,148,231546.0
census_tract,gemma-4-12b,1008601,172,-0.0019,221,145054.0
census_tract,gemma-4-12b,1008602,111,-0.53,141,
census_tract,gemma-4-12b,1008603,142,0.2289,180,200735.0
census_tract,gemma-4-12b,1008700,89,0.5918,114,150384.0
census_tract,gemma-4-12b,1008800,109,0.419,141,112782.0
census_tract,gemma-4-12b,1008900,80,0.4042,105,102260.0
census_tract,gemma-4-12b,1009000,87,0.7031,111,156381.0
census_tract,gemma-4-12b,1009100,83,0.5562,119,160866.0
census_tract,gemma-4-12b,1009200,128,0.4388,176,166638.0
census_tract,gemma-4-12b,1009300,83,0.6225,119,122586.0
census_tract,gemma-4-12b,1009400,115,0.4913,151,81875.0
census_tract,gemma-4-12b,1009500,76,0.5461,103,222321.0
census_tract,gemma-4-12b,1009600,98,0.699,124,
census_tract,gemma-4-12b,1009700,90,0.1574,113,71537.0
census_tract,gemma-4-12b,1009800,96,0.6181,121,171745.0
census_tract,gemma-4-12b,1009901,222,0.1824,300,
census_tract,gemma-4-12b,1009902,97,0.3445,127,162845.0
census_tract,gemma-4-12b,1009903,177,0.1685,238,187596.0
census_tract,gemma-4-12b,1010000,109,0.7248,152,99875.0
census_tract,gemma-4-12b,1010100,102,0.6446,138,108304.0
census_tract,gemma-4-12b,1010200,121,0.5813,151,
census_tract,gemma-4-12b,1010300,92,0.2627,120,180200.0
census_tract,gemma-4-12b,1010400,93,0.8996,118,193026.0
census_tract,gemma-4-12b,1010601,100,0.0626,137,249091.0
census_tract,gemma-4-12b,1010602,160,-0.0328,214,207717.0
census_tract,gemma-4-12b,1010801,39,0.4231,53,160719.0
census_tract,gemma-4-12b,1010802,57,0.3304,75,134004.0
census_tract,gemma-4-12b,1010803,45,0.7333,63,119178.0
census_tract,gemma-4-12b,1010900,108,0.7887,147,163542.0
census_tract,gemma-4-12b,1011000,160,0.4141,204,150164.0
census_tract,gemma-4-12b,1011100,109,0.433,147,104451.0
census_tract,gemma-4-12b,1011201,77,0.6353,107,163750.0
census_tract,gemma-4-12b,1011202,66,0.5177,95,211563.0
census_tract,gemma-4-12b,1011203,65,0.5923,84,167083.0
census_tract,gemma-4-12b,1011300,71,0.7242,101,93750.0
census_tract,gemma-4-12b,1011401,53,0.7453,73,155809.0
census_tract,gemma-4-12b,1011402,71,0.7183,89,206818.0
census_tract,gemma-4-12b,1011500,96,0.4688,127,138750.0
census_tract,gemma-4-12b,1011600,138,-0.122,189,90212.0
census_tract,gemma-4-12b,1011700,118,-0.048,159,116048.0
census_tract,gemma-4-12b,1011800,102,0.3864,141,139332.0
census_tract,gemma-4-12b,1011900,82,0.8069,105,18050.0
census_tract,gemma-4-12b,1012000,100,0.5567,133,192644.0
census_tract,gemma-4-12b,1012101,46,0.7391,61,63690.0
census_tract,gemma-4-12b,1012102,46,0.5399,71,62727.0
census_tract,gemma-4-12b,1012200,97,0.8067,132,222909.0
census_tract,gemma-4-12b,1012400,135,0.2488,181,120709.0
census_tract,gemma-4-12b,1012500,88,0.6506,125,171250.0
census_tract,gemma-4-12b,1012601,59,0.6949,83,136781.0
census_tract,gemma-4-12b,1012602,69,0.8744,86,232600.0
census_tract,gemma-4-12b,1012700,76,0.5855,102,120214.0
census_tract,gemma-4-12b,1012800,118,0.6596,152,220256.0
census_tract,gemma-4-12b,1012901,92,0.3768,133,110917.0
census_tract,gemma-4-12b,1012902,94,0.1631,124,128625.0
census_tract,gemma-4-12b,1013000,120,0.8181,159,212414.0
census_tract,gemma-4-12b,1013100,76,0.5614,101,136346.0
census_tract,gemma-4-12b,1013201,46,0.3116,70,162054.0
census_tract,gemma-4-12b,1013202,47,0.0709,58,101836.0
census_tract,gemma-4-12b,1013203,46,0.5543,61,122083.0
census_tract,gemma-4-12b,1013300,81,0.5617,100,156829.0
census_tract,gemma-4-12b,1013400,113,0.4971,160,122163.0
census_tract,gemma-4-12b,1013501,105,0.1473,143,99265.0
census_tract,gemma-4-12b,1013502,188,0.117,238,95693.0
census_tract,gemma-4-12b,1013601,54,-0.2963,64,
census_tract,gemma-4-12b,1013602,24,0.6389,33,188628.0
census_tract,gemma-4-12b,1013603,44,0.3333,65,171912.0
census_tract,gemma-4-12b,1013604,43,0.7054,56,168970.0
census_tract,gemma-4-12b,1013700,123,0.6287,167,167929.0
census_tract,gemma-4-12b,1013800,107,0.7165,137,141343.0
census_tract,gemma-4-12b,1013900,103,0.5005,149,108071.0
census_tract,gemma-4-12b,1014000,114,0.7553,155,220066.0
census_tract,gemma-4-12b,1014200,119,0.7409,149,
census_tract,gemma-4-12b,1014300,397,0.3457,523,
census_tract,gemma-4-12b,1014401,50,0.4833,73,202966.0
census_tract,gemma-4-12b,1014402,127,-0.0269,163,163086.0
census_tract,gemma-4-12b,1014500,96,0.467,129,186389.0
census_tract,gemma-4-12b,1014601,30,0.4667,39,139000.0
census_tract,gemma-4-12b,1014602,66,0.6667,93,132457.0
census_tract,gemma-4-12b,1014700,27,0.0864,35,202250.0
census_tract,gemma-4-12b,1014801,41,0.6463,54,202670.0
census_tract,gemma-4-12b,1014802,60,0.6167,78,179304.0
census_tract,gemma-4-12b,1014900,98,0.3869,127,184896.0
census_tract,gemma-4-12b,1015001,41,0.8272,56,194659.0
census_tract,gemma-4-12b,1015002,66,0.7285,90,243480.0
census_tract,gemma-4-12b,1015101,45,0.0815,55,44107.0
census_tract,gemma-4-12b,1015102,161,0.0973,214,163274.0
census_tract,gemma-4-12b,1015200,165,0.1746,228,114940.0
census_tract,gemma-4-12b,1015301,35,0.7286,48,186949.0
census_tract,gemma-4-12b,1015302,74,0.5428,101,189453.0
census_tract,gemma-4-12b,1015401,41,0.4553,57,122860.0
census_tract,gemma-4-12b,1015402,28,0.7929,39,147589.0
census_tract,gemma-4-12b,1015403,32,0.2312,45,129848.0
census_tract,gemma-4-12b,1015501,24,0.25,27,186563.0
census_tract,gemma-4-12b,1015502,75,0.0711,109,177841.0
census_tract,gemma-4-12b,1015601,43,0.4031,53,127741.0
census_tract,gemma-4-12b,1015602,50,0.0733,58,75147.0
census_tract,gemma-4-12b,1015700,93,0.6505,117,163712.0
census_tract,gemma-4-12b,1015801,70,0.5798,89,177750.0
census_tract,gemma-4-12b,1015802,26,0.3077,36,95391.0
census_tract,gemma-4-12b,1015900,97,0.311,132,156830.0
census_tract,gemma-4-12b,1016001,86,0.6531,116,
census_tract,gemma-4-12b,1016002,29,0.7069,36,121216.0
census_tract,gemma-4-12b,1016100,77,0.763,113,179179.0
census_tract,gemma-4-12b,1016200,244,0.0378,324,21942.0
census_tract,gemma-4-12b,1016300,177,0.3489,239,137829.0
census_tract,gemma-4-12b,1016400,87,0.3755,114,26544.0
census_tract,gemma-4-12b,1016500,102,0.7549,142,213661.0
census_tract,gemma-4-12b,1016600,88,0.5341,112,50231.0
census_tract,gemma-4-12b,1016700,170,0.4706,221,
census_tract,gemma-4-12b,1016800,108,0.1582,147,38833.0
census_tract,gemma-4-12b,1016900,117,0.6667,150,184268.0
census_tract,gemma-4-12b,1017000,110,0.4265,156,40027.0
census_tract,gemma-4-12b,1017100,138,0.5882,168,149587.0
census_tract,gemma-4-12b,1017200,110,0.547,145,34024.0
census_tract,gemma-4-12b,1017300,109,0.682,141,162625.0
census_tract,gemma-4-12b,1017401,78,0.4145,102,37975.0
census_tract,gemma-4-12b,1017402,32,0.5312,41,81364.0
census_tract,gemma-4-12b,1017500,123,0.3019,158,154118.0
census_tract,gemma-4-12b,1017700,92,0.5924,123,108429.0
census_tract,gemma-4-12b,1017800,139,0.0983,185,56875.0
census_tract,gemma-4-12b,1017900,162,0.4897,209,168859.0
census_tract,gemma-4-12b,1018000,112,0.4348,146,50560.0
census_tract,gemma-4-12b,1018100,98,0.6105,123,114966.0
census_tract,gemma-4-12b,1018200,80,0.5146,97,38942.0
census_tract,gemma-4-12b,1018300,201,0.335,285,149367.0
census_tract,gemma-4-12b,1018400,84,0.4663,115,51866.0
census_tract,gemma-4-12b,1018500,45,0.5111,59,162188.0
census_tract,gemma-4-12b,1018600,44,0.4364,70,50862.0
census_tract,gemma-4-12b,1018700,150,0.4892,193,145459.0
census_tract,gemma-4-12b,1018800,95,0.3175,131,27237.0
census_tract,gemma-4-12b,1018900,128,0.4909,167,44263.0
census_tract,gemma-4-12b,1019000,68,0.451,88,121438.0
census_tract,gemma-4-12b,1019100,171,0.4942,222,142500.0
census_tract,gemma-4-12b,1019200,229,-0.3377,310,19525.0
census_tract,gemma-4-12b,1019300,105,0.5365,134,67090.0
census_tract,gemma-4-12b,1019400,118,0.246,159,45750.0
census_tract,gemma-4-12b,1019500,145,0.473,194,122103.0
census_tract,gemma-4-12b,1019600,118,0.3192,152,28069.0
census_tract,gemma-4-12b,1019701,90,0.5481,122,57292.0
census_tract,gemma-4-12b,1019702,35,0.4524,45,111250.0
census_tract,gemma-4-12b,1019800,88,0.3996,118,108250.0
census_tract,gemma-4-12b,1019900,143,0.5769,186,83929.0
census_tract,gemma-4-12b,1020000,68,0.7929,88,57034.0
census_tract,gemma-4-12b,1020101,27,0.8827,32,152250.0
census_tract,gemma-4-12b,1020102,42,0.4048,48,83375.0
census_tract,gemma-4-12b,1020300,84,0.6111,107,67528.0
census_tract,gemma-4-12b,1020500,183,0.3215,239,196576.0
census_tract,gemma-4-12b,1020600,71,0.3615,92,50864.0
census_tract,gemma-4-12b,1020701,25,0.64,31,92788.0
census_tract,gemma-4-12b,1020800,71,0.615,90,73197.0
census_tract,gemma-4-12b,1020901,72,0.5694,97,25357.0
census_tract,gemma-4-12b,1021000,214,-0.1028,272,43645.0
census_tract,gemma-4-12b,1021100,234,0.391,333,65753.0
census_tract,gemma-4-12b,1021200,81,0.0823,112,69702.0
census_tract,gemma-4-12b,1021303,78,0.2201,105,57119.0
census_tract,gemma-4-12b,1021400,50,0.1373,76,51068.0
census_tract,gemma-4-12b,1021500,48,0.2604,67,56884.0
census_tract,gemma-4-12b,1021600,84,0.5992,122,73831.0
census_tract,gemma-4-12b,1021703,73,0.3516,96,
census_tract,gemma-4-12b,1021800,104,0.5513,132,47193.0
census_tract,gemma-4-12b,1021900,185,0.177,251,21938.0
census_tract,gemma-4-12b,1022000,86,0.8605,110,74151.0
census_tract,gemma-4-12b,1022102,62,0.3871,75,67669.0
census_tract,gemma-4-12b,1022200,100,0.665,133,84071.0
census_tract,gemma-4-12b,1022301,114,0.1564,157,50668.0
census_tract,gemma-4-12b,1022302,55,-0.0273,68,50238.0
census_tract,gemma-4-12b,1022400,79,0.6118,109,19326.0
census_tract,gemma-4-12b,1022500,139,0.2686,170,53424.0
census_tract,gemma-4-12b,1022600,76,0.5329,99,86559.0
census_tract,gemma-4-12b,1022700,89,0.5487,122,63574.0
census_tract,gemma-4-12b,1022800,97,0.4897,127,63413.0
census_tract,gemma-4-12b,1022900,110,0.2212,140,60346.0
census_tract,gemma-4-12b,1023000,64,0.4049,98,27860.0
census_tract,gemma-4-12b,1023100,98,0.5527,126,69949.0
census_tract,gemma-4-12b,1023200,96,0.2413,123,27967.0
census_tract,gemma-4-12b,1023300,134,0.1219,176,84927.0
census_tract,gemma-4-12b,1023400,56,0.4643,66,62346.0
census_tract,gemma-4-12b,1023501,112,0.2857,152,71893.0
census_tract,gemma-4-12b,1023502,30,0.3333,36,44491.0
census_tract,gemma-4-12b,1023600,207,-0.1498,277,43679.0
census_tract,gemma-4-12b,1023700,173,0.0615,230,60404.0
census_tract,gemma-4-12b,1023802,59,0.1102,77,100870.0
census_tract,gemma-4-12b,1023803,33,0.3333,44,80724.0
census_tract,gemma-4-12b,1023804,85,0.3382,116,183536.0
census_tract,gemma-4-12b,1023900,46,0.4746,61,48816.0
census_tract,gemma-4-12b,1024000,716,-0.4545,940,
census_tract,gemma-4-12b,1024100,177,0.1252,237,59500.0
census_tract,gemma-4-12b,1024200,367,-0.2699,493,42617.0
census_tract,gemma-4-12b,1024301,51,0.6634,67,74226.0
census_tract,gemma-4-12b,1024302,242,-0.0758,325,23574.0
census_tract,gemma-4-12b,1024500,92,0.3424,130,51403.0
census_tract,gemma-4-12b,1024700,148,-0.214,191,83605.0
census_tract,gemma-4-12b,1024900,35,0.3714,44,68000.0
census_tract,gemma-4-12b,1025100,73,0.4361,97,37839.0
census_tract,gemma-4-12b,1025300,103,0.2864,145,72763.0
census_tract,gemma-4-12b,1025500,339,-0.1539,458,78315.0
census_tract,gemma-4-12b,1025700,115,0.5333,157,104033.0
census_tract,gemma-4-12b,1025900,38,0.6228,51,79429.0
census_tract,gemma-4-12b,1026100,149,-0.1302,213,40352.0
census_tract,gemma-4-12b,1026300,148,-0.0878,220,67024.0
census_tract,gemma-4-12b,1026500,320,-0.4344,420,92434.0
census_tract,gemma-4-12b,1026700,20,0.3,21,51250.0
census_tract,gemma-4-12b,1026900,89,0.4625,117,52389.0
census_tract,gemma-4-12b,1027100,102,0.4837,138,71595.0
census_tract,gemma-4-12b,1027300,76,0.5329,102,122654.0
census_tract,gemma-4-12b,1027500,201,-0.4154,272,170000.0
census_tract,gemma-4-12b,1027700,56,0.5804,75,58086.0
census_tract,gemma-4-12b,1027900,84,0.2688,112,68596.0
census_tract,gemma-4-12b,1028100,40,0.0983,59,143194.0
census_tract,gemma-4-12b,1028300,88,0.2292,112,64803.0
census_tract,gemma-4-12b,1028500,50,0.38,56,51026.0
census_tract,gemma-4-12b,1028700,316,0.1479,424,89476.0
census_tract,gemma-4-12b,1029100,78,0.2107,112,62348.0
census_tract,gemma-4-12b,1029300,76,0.443,98,35987.0
census_tract,gemma-4-12b,1029500,63,0.2302,81,87108.0
census_tract,gemma-4-12b,1029700,193,-0.3787,265,
census_tract,gemma-4-12b,1029900,177,-0.2213,239,34731.0
census_tract,gemma-4-12b,1030300,79,0.3059,110,94208.0
census_tract,gemma-4-12b,1030700,34,0.098,48,108073.0
census_tract,gemma-4-12b,1030900,151,0.1242,205,40438.0
census_tract,gemma-4-12b,1031100,453,-0.2007,594,
census_tract,gemma-4-12b,1031703,136,0.723,196,
census_tract,gemma-4-12b,1031704,140,0.5286,188,218917.0
census_tract,gemma-4-12b,1031900,43,-1.4457,59,
census_tract,gemma-4-12b,2000200,133,-0.166,161,123729.0
census_tract,gemma-4-12b,2000400,151,-0.2009,188,105924.0
census_tract,gemma-4-12b,2001600,135,-0.016,180,52147.0
census_tract,gemma-4-12b,2001901,120,-0.0208,162,58083.0
census_tract,gemma-4-12b,2001902,371,-0.4474,490,48953.0
census_tract,gemma-4-12b,2001903,217,-0.6106,277,
census_tract,gemma-4-12b,2002001,32,0.2083,41,22311.0
census_tract,gemma-4-12b,2002002,65,0.1308,93,18649.0
census_tract,gemma-4-12b,2002300,32,0.151,43,16332.0
census_tract,gemma-4-12b,2002400,67,-0.4179,102,
census_tract,gemma-4-12b,2002500,49,0.3129,63,35582.0
census_tract,gemma-4-12b,2002701,26,-0.0321,34,20266.0
census_tract,gemma-4-12b,2002702,45,0.063,58,30895.0
census_tract,gemma-4-12b,2002800,184,-0.5572,268,58068.0
census_tract,gemma-4-12b,2003100,68,-0.0993,88,59297.0
census_tract,gemma-4-12b,2003300,47,0.1099,67,31289.0
census_tract,gemma-4-12b,2003500,68,0.0931,87,36569.0
census_tract,gemma-4-12b,2003700,17,0.1765,23,53029.0
census_tract,gemma-4-12b,2003800,32,-0.0833,44,54214.0
census_tract,gemma-4-12b,2003900,71,0.4061,98,25625.0
census_tract,gemma-4-12b,2004001,46,0.2391,63,78935.0
census_tract,gemma-4-12b,2004100,53,0.305,74,14592.0
census_tract,gemma-4-12b,2004200,203,-0.234,260,55404.0
census_tract,gemma-4-12b,2004300,89,0.471,125,23393.0
census_tract,gemma-4-12b,2004400,78,0.0064,110,24375.0
census_tract,gemma-4-12b,2004600,59,-0.1808,73,30714.0
census_tract,gemma-4-12b,2004800,61,-0.3497,79,35870.0
census_tract,gemma-4-12b,2005001,35,0.1571,52,33632.0
census_tract,gemma-4-12b,2005002,33,0.0707,47,34688.0
census_tract,gemma-4-12b,2005100,239,-0.1165,308,25851.0
census_tract,gemma-4-12b,2005200,49,-0.0578,67,39743.0
census_tract,gemma-4-12b,2005300,50,-0.29,65,20608.0
census_tract,gemma-4-12b,2005400,54,0.2176,72,54884.0
census_tract,gemma-4-12b,2005600,41,0.122,56,41684.0
census_tract,gemma-4-12b,2005902,26,-0.1538,31,51364.0
census_tract,gemma-4-12b,2006000,179,-0.446,238,78269.0
census_tract,gemma-4-12b,2006100,50,0.17,63,72123.0
census_tract,gemma-4-12b,2006200,96,-0.1649,119,27453.0
census_tract,gemma-4-12b,2006301,398,-0.4179,533,59924.0
census_tract,gemma-4-12b,2006302,62,-0.0833,85,
census_tract,gemma-4-12b,2006400,90,-0.1278,120,41429.0
census_tract,gemma-4-12b,2006500,86,0.3062,116,22740.0
census_tract,gemma-4-12b,2006700,56,0.1458,71,30191.0
census_tract,gemma-4-12b,2006800,66,-0.1202,89,32550.0
census_tract,gemma-4-12b,2006900,66,0.0947,81,26608.0
census_tract,gemma-4-12b,2007000,62,0.4785,79,40417.0
census_tract,gemma-4-12b,2007100,73,0.1655,98,23148.0
census_tract,gemma-4-12b,2007200,91,0.0696,123,58244.0
census_tract,gemma-4-12b,2007300,43,0.0233,54,29978.0
census_tract,gemma-4-12b,2007400,41,-0.1829,61,69363.0
census_tract,gemma-4-12b,2007500,78,0.2543,99,34259.0
census_tract,gemma-4-12b,2007600,60,0.0806,84,53320.0
census_tract,gemma-4-12b,2007700,45,0.3296,61,50733.0
census_tract,gemma-4-12b,2007800,138,-0.1824,189,47216.0
census_tract,gemma-4-12b,2007900,87,0.0843,114,43081.0
census_tract,gemma-4-12b,2008300,86,0.2597,122,48634.0
census_tract,gemma-4-12b,2008400,53,-0.239,68,63631.0
census_tract,gemma-4-12b,2008500,61,0.1148,78,41535.0
census_tract,gemma-4-12b,2008600,39,-0.0726,59,22671.0
census_tract,gemma-4-12b,2008700,87,0.1446,133,40188.0
census_tract,gemma-4-12b,2008900,45,0.4111,55,35914.0
census_tract,gemma-4-12b,2009000,374,-0.887,503,36806.0
census_tract,gemma-4-12b,2009200,208,-0.2731,269,58717.0
census_tract,gemma-4-12b,2009301,293,-0.3861,412,50962.0
census_tract,gemma-4-12b,2009302,398,-0.8903,521,
census_tract,gemma-4-12b,2009600,170,-0.3664,235,47212.0
census_tract,gemma-4-12b,2009800,257,-0.3365,330,97896.0
census_tract,gemma-4-12b,2011000,306,-0.7631,403,
census_tract,gemma-4-12b,2011502,176,-0.483,233,30922.0
census_tract,gemma-4-12b,2011701,94,-0.6684,128,36857.0
census_tract,gemma-4-12b,2011702,94,-1.2128,134,
census_tract,gemma-4-12b,2011800,236,0.0099,305,93319.0
census_tract,gemma-4-12b,2011900,60,0.1833,77,44122.0
census_tract,gemma-4-12b,2012101,45,0.3481,59,34464.0
census_tract,gemma-4-12b,2012102,19,0.1228,25,28200.0
census_tract,gemma-4-12b,2012300,109,0.0757,146,36435.0
census_tract,gemma-4-12b,2012500,59,-0.024,78,55772.0
census_tract,gemma-4-12b,2012701,48,0.1701,63,34688.0
census_tract,gemma-4-12b,2012901,71,0.0465,106,39409.0
census_tract,gemma-4-12b,2013000,61,-0.2186,86,59595.0
census_tract,gemma-4-12b,2013100,76,0.2895,100,19760.0
census_tract,gemma-4-12b,2013200,168,0.0754,226,107563.0
census_tract,gemma-4-12b,2013300,30,0.3778,39,28560.0
census_tract,gemma-4-12b,2013500,50,0.3967,69,26125.0
census_tract,gemma-4-12b,2013800,415,-0.6324,562,92567.0
census_tract,gemma-4-12b,2014100,68,0.4277,89,38816.0
census_tract,gemma-4-12b,2014300,39,-0.3333,47,12367.0
census_tract,gemma-4-12b,2014400,140,-0.3845,193,30288.0
census_tract,gemma-4-12b,2014500,51,0.1895,71,28104.0
census_tract,gemma-4-12b,2014701,26,-0.1474,32,35277.0
census_tract,gemma-4-12b,2014702,32,0.349,45,23825.0
census_tract,gemma-4-12b,2014900,39,0.2991,49,35982.0
census_tract,gemma-4-12b,2015100,81,0.1728,113,31298.0
census_tract,gemma-4-12b,2015200,138,-0.2705,172,81875.0
census_tract,gemma-4-12b,2015300,76,0.261,103,33028.0
census_tract,gemma-4-12b,2015500,32,0.1823,44,43913.0
census_tract,gemma-4-12b,2015700,89,0.0178,113,46504.0
census_tract,gemma-4-12b,2015800,54,-0.213,63,87656.0
census_tract,gemma-4-12b,2015900,32,0.4792,40,25686.0
census_tract,gemma-4-12b,2016000,198,-0.3552,262,90221.0
census_tract,gemma-4-12b,2016100,94,0.0479,122,23210.0
census_tract,gemma-4-12b,2016200,43,0.155,66,121645.0
census_tract,gemma-4-12b,2016300,57,0.4064,74,
census_tract,gemma-4-12b,2016400,64,-0.0104,89,69057.0
census_tract,gemma-4-12b,2016500,134,-0.4341,177,52446.0
census_tract,gemma-4-12b,2016600,115,-0.3543,152,109519.0
census_tract,gemma-4-12b,2016700,73,0.0,108,45363.0
census_tract,gemma-4-12b,2016900,35,-0.019,45,42168.0
census_tract,gemma-4-12b,2017100,25,0.1467,34,
census_tract,gemma-4-12b,2017300,51,0.281,79,33269.0
census_tract,gemma-4-12b,2017500,54,0.3302,79,18474.0
census_tract,gemma-4-12b,2017701,36,0.4037,48,62126.0
census_tract,gemma-4-12b,2017702,42,0.3492,57,40125.0
census_tract,gemma-4-12b,2017901,31,0.1613,40,47778.0
census_tract,gemma-4-12b,2017902,22,0.3409,32,42870.0
census_tract,gemma-4-12b,2018101,22,0.1439,32,55664.0
census_tract,gemma-4-12b,2018102,37,0.4595,49,31618.0
census_tract,gemma-4-12b,2018301,20,-0.05,26,46389.0
census_tract,gemma-4-12b,2018302,46,0.2333,75,68627.0
census_tract,gemma-4-12b,2018400,146,-0.161,186,92273.0
census_tract,gemma-4-12b,2018501,55,0.137,82,49444.0
census_tract,gemma-4-12b,2018502,76,0.2303,102,28963.0
census_tract,gemma-4-12b,2018900,184,-0.1938,242,54056.0
census_tract,gemma-4-12b,2019300,113,-0.5634,164,46794.0
census_tract,gemma-4-12b,2019400,384,-0.6565,491,100950.0
census_tract,gemma-4-12b,2019500,92,0.363,121,45661.0
census_tract,gemma-4-12b,2019700,73,0.1884,108,25439.0
census_tract,gemma-4-12b,2019900,66,0.2008,95,34311.0
census_tract,gemma-4-12b,2020000,105,-0.0921,137,46622.0
census_tract,gemma-4-12b,2020100,210,-0.5817,283,32692.0
census_tract,gemma-4-12b,2020200,45,0.1741,61,53491.0
census_tract,gemma-4-12b,2020400,43,0.0814,54,55947.0
census_tract,gemma-4-12b,2020501,179,-0.5037,260,27349.0
census_tract,gemma-4-12b,2020502,9,0.1111,10,39688.0
census_tract,gemma-4-12b,2020601,48,0.1562,64,86701.0
census_tract,gemma-4-12b,2020900,59,0.2599,83,38333.0
census_tract,gemma-4-12b,2021001,44,0.2689,54,52629.0
census_tract,gemma-4-12b,2021002,52,0.109,68,73188.0
census_tract,gemma-4-12b,2021100,57,0.3216,82,52128.0
census_tract,gemma-4-12b,2021200,30,0.2667,37,68926.0
census_tract,gemma-4-12b,2021301,78,-0.2863,101,37171.0
census_tract,gemma-4-12b,2021302,57,0.1623,89,37049.0
census_tract,gemma-4-12b,2021501,23,0.0652,32,37171.0
census_tract,gemma-4-12b,2021502,46,-0.0362,57,20415.0
census_tract,gemma-4-12b,2021601,79,-0.3397,103,33990.0
census_tract,gemma-4-12b,2021602,72,-0.044,88,58569.0
census_tract,gemma-4-12b,2021700,73,-0.0411,99,36195.0
census_tract,gemma-4-12b,2021800,177,-0.427,245,60108.0
census_tract,gemma-4-12b,2021900,49,0.1891,71,48444.0
census_tract,gemma-4-12b,2022000,67,-0.4453,87,23910.0
census_tract,gemma-4-12b,2022101,28,0.4583,38,52176.0
census_tract,gemma-4-12b,2022102,33,0.2828,52,33614.0
census_tract,gemma-4-12b,2022200,74,0.232,97,48110.0
census_tract,gemma-4-12b,2022300,42,0.0714,55,45257.0
census_tract,gemma-4-12b,2022401,45,0.2556,64,53398.0
census_tract,gemma-4-12b,2022403,49,0.1701,65,72143.0
census_tract,gemma-4-12b,2022404,34,0.3088,45,61760.0
census_tract,gemma-4-12b,2022500,79,0.0316,108,50243.0
census_tract,gemma-4-12b,2022701,66,-0.2525,81,37828.0
census_tract,gemma-4-12b,2022702,49,-0.1701,60,34145.0
census_tract,gemma-4-12b,2022703,33,-0.0606,43,60694.0
census_tract,gemma-4-12b,2022800,46,0.2355,57,83859.0
census_tract,gemma-4-12b,2022901,90,-0.0315,114,52222.0
census_tract,gemma-4-12b,2022902,53,-0.1736,74,47833.0
census_tract,gemma-4-12b,2023000,67,-0.1244,87,53826.0
census_tract,gemma-4-12b,2023100,61,-0.1858,86,
census_tract,gemma-4-12b,2023200,44,0.3485,62,50893.0
census_tract,gemma-4-12b,2023301,43,0.1202,53,37936.0
census_tract,gemma-4-12b,2023302,30,0.1833,39,69030.0
census_tract,gemma-4-12b,2023501,35,0.1,44,19940.0
census_tract,gemma-4-12b,2023502,55,0.1521,73,41780.0
census_tract,gemma-4-12b,2023600,43,0.1977,60,52368.0
census_tract,gemma-4-12b,2023702,31,0.3387,38,34922.0
census_tract,gemma-4-12b,2023703,60,0.3722,77,32892.0
census_tract,gemma-4-12b,2023704,23,-0.1304,28,32228.0
census_tract,gemma-4-12b,2023800,84,-0.1548,110,64408.0
census_tract,gemma-4-12b,2023900,74,0.2207,103,37543.0
census_tract,gemma-4-12b,2024000,120,-0.0819,171,68832.0
census_tract,gemma-4-12b,2024100,48,0.5833,70,22361.0
census_tract,gemma-4-12b,2024300,25,0.48,29,30446.0
census_tract,gemma-4-12b,2024400,76,0.0219,98,82083.0
census_tract,gemma-4-12b,2024501,37,0.2297,52,45900.0
census_tract,gemma-4-12b,2024502,26,0.0577,33,60221.0
census_tract,gemma-4-12b,2024600,50,0.1267,63,97115.0
census_tract,gemma-4-12b,2024700,60,-0.3833,81,48906.0
census_tract,gemma-4-12b,2024800,127,0.2612,173,61210.0
census_tract,gemma-4-12b,2024900,26,-0.3462,30,
census_tract,gemma-4-12b,2025000,53,0.3836,62,109896.0
census_tract,gemma-4-12b,2025100,59,0.1328,81,36845.0
census_tract,gemma-4-12b,2025200,54,0.1173,70,83688.0
census_tract,gemma-4-12b,2025300,39,0.6624,53,42976.0
census_tract,gemma-4-12b,2025400,60,0.1278,76,90108.0
census_tract,gemma-4-12b,2025500,44,0.25,61,49159.0
census_tract,gemma-4-12b,2025600,56,0.2107,70,60815.0
census_tract,gemma-4-12b,2025700,77,-0.5866,106,38667.0
census_tract,gemma-4-12b,2026100,31,-0.0645,41,59242.0
census_tract,gemma-4-12b,2026300,43,0.4264,49,42100.0
census_tract,gemma-4-12b,2026400,141,0.0652,181,65337.0
census_tract,gemma-4-12b,2026500,60,0.3939,79,71688.0
census_tract,gemma-4-12b,2026601,75,0.0689,95,51042.0
census_tract,gemma-4-12b,2026602,93,0.4409,124,53969.0
census_tract,gemma-4-12b,2026701,29,0.3333,35,52286.0
census_tract,gemma-4-12b,2026702,69,0.2585,90,75924.0
census_tract,gemma-4-12b,2026900,222,-0.3416,292,27569.0
census_tract,gemma-4-12b,2027300,76,-0.0482,103,51730.0
census_tract,gemma-4-12b,2027401,361,-0.3414,478,105346.0
census_tract,gemma-4-12b,2027402,89,0.1854,133,108235.0
census_tract,gemma-4-12b,2027600,452,-0.6017,622,
census_tract,gemma-4-12b,2027700,120,-0.1639,163,48750.0
census_tract,gemma-4-12b,2027900,137,0.0462,178,72721.0
census_tract,gemma-4-12b,2028100,61,0.1913,72,65982.0
census_tract,gemma-4-12b,2028300,120,-0.0938,152,13796.0
census_tract,gemma-4-12b,2028400,398,-0.3926,545,
census_tract,gemma-4-12b,2028500,72,0.1019,98,70659.0
census_tract,gemma-4-12b,2028600,46,0.1413,60,72692.0
census_tract,gemma-4-12b,2028700,37,0.2027,51,62500.0
census_tract,gemma-4-12b,2028800,74,0.0541,116,97969.0
census_tract,gemma-4-12b,2028900,85,-0.0451,104,61797.0
census_tract,gemma-4-12b,2029301,52,-0.1939,73,145951.0
census_tract,gemma-4-12b,2029302,196,0.0692,270,133102.0
census_tract,gemma-4-12b,2029500,68,0.2071,86,98125.0
census_tract,gemma-4-12b,2029600,275,-0.0255,353,57474.0
census_tract,gemma-4-12b,2029700,119,0.1485,153,100548.0
census_tract,gemma-4-12b,2030000,123,0.1883,162,78155.0
census_tract,gemma-4-12b,2030100,36,0.3009,45,80357.0
census_tract,gemma-4-12b,2030201,87,-0.3659,122,69500.0
census_tract,gemma-4-12b,2030202,49,-0.0238,66,74044.0
census_tract,gemma-4-12b,2030701,70,0.206,99,109890.0
census_tract,gemma-4-12b,2030900,134,-0.0719,184,117333.0
census_tract,gemma-4-12b,2031000,183,0.0013,248,148168.0
census_tract,gemma-4-12b,2031200,75,0.1689,104,108056.0
census_tract,gemma-4-12b,2031400,67,0.2562,91,111800.0
census_tract,gemma-4-12b,2031600,46,0.1623,70,79263.0
census_tract,gemma-4-12b,2031800,56,0.1696,74,96000.0
census_tract,gemma-4-12b,2031900,11,0.7273,11,
census_tract,gemma-4-12b,2032300,126,0.0392,159,95556.0
census_tract,gemma-4-12b,2032400,51,0.0163,67,31489.0
census_tract,gemma-4-12b,2032600,140,0.15,186,89323.0
census_tract,gemma-4-12b,2032800,78,0.1806,104,49720.0
census_tract,gemma-4-12b,2033000,63,0.0635,82,40133.0
census_tract,gemma-4-12b,2033201,40,0.0083,56,35360.0
census_tract,gemma-4-12b,2033202,36,0.1944,52,50245.0
census_tract,gemma-4-12b,2033400,631,-0.6397,828,
census_tract,gemma-4-12b,2033500,235,0.033,305,109867.0
census_tract,gemma-4-12b,2033601,34,0.0882,44,20765.0
census_tract,gemma-4-12b,2033602,26,0.1282,36,70475.0
census_tract,gemma-4-12b,2033700,121,0.0661,161,125273.0
census_tract,gemma-4-12b,2033801,45,0.1278,60,72725.0
census_tract,gemma-4-12b,2033802,19,0.0789,23,62153.0
census_tract,gemma-4-12b,2034000,62,0.0215,85,63500.0
census_tract,gemma-4-12b,2034200,62,-0.0349,80,73298.0
census_tract,gemma-4-12b,2034300,44,0.2348,57,76940.0
census_tract,gemma-4-12b,2034400,73,-0.0023,96,79167.0
census_tract,gemma-4-12b,2034500,103,0.2225,133,100539.0
census_tract,gemma-4-12b,2034800,158,-0.0458,212,55700.0
census_tract,gemma-4-12b,2035000,66,-0.1944,88,72778.0
census_tract,gemma-4-12b,2035100,171,0.0175,236,94948.0
census_tract,gemma-4-12b,2035600,154,-0.395,202,85962.0
census_tract,gemma-4-12b,2035800,232,-0.0765,302,87553.0
census_tract,gemma-4-12b,2035900,81,-0.3107,115,34472.0
census_tract,gemma-4-12b,2036000,99,0.1397,136,85708.0
census_tract,gemma-4-12b,2036100,53,0.1777,71,29250.0
census_tract,gemma-4-12b,2036300,88,0.303,113,27273.0
census_tract,gemma-4-12b,2036400,82,-0.165,111,64850.0
census_tract,gemma-4-12b,2036501,36,0.1019,55,47739.0
census_tract,gemma-4-12b,2036502,48,-0.2188,62,27110.0
census_tract,gemma-4-12b,2036700,46,0.1123,56,27465.0
census_tract,gemma-4-12b,2036800,65,-0.1538,88,65781.0
census_tract,gemma-4-12b,2036901,63,-0.455,79,16232.0
census_tract,gemma-4-12b,2036902,17,-0.2353,20,36484.0
census_tract,gemma-4-12b,2037000,51,0.0196,58,108523.0
census_tract,gemma-4-12b,2037100,51,0.1324,68,39932.0
census_tract,gemma-4-12b,2037200,72,-0.0926,93,75224.0
census_tract,gemma-4-12b,2037300,57,0.1228,84,50000.0
census_tract,gemma-4-12b,2037400,43,0.0698,64,35785.0
census_tract,gemma-4-12b,2037504,73,0.2283,90,40219.0
census_tract,gemma-4-12b,2037600,38,0.1316,49,60288.0
census_tract,gemma-4-12b,2037800,46,0.0217,61,65964.0
census_tract,gemma-4-12b,2037900,58,0.1897,72,50250.0
census_tract,gemma-4-12b,2038000,70,0.0381,98,48073.0
census_tract,gemma-4-12b,2038100,59,0.2345,74,42015.0
census_tract,gemma-4-12b,2038200,51,0.0451,74,83125.0
census_tract,gemma-4-12b,2038301,35,0.4476,44,44040.0
census_tract,gemma-4-12b,2038303,21,0.4286,28,45258.0
census_tract,gemma-4-12b,2038304,25,0.2333,34,26842.0
census_tract,gemma-4-12b,2038500,67,0.2463,87,13554.0
census_tract,gemma-4-12b,2038600,154,-0.0563,210,68481.0
census_tract,gemma-4-12b,2038700,63,0.3492,88,44982.0
census_tract,gemma-4-12b,2038800,36,-0.0278,57,61000.0
census_tract,gemma-4-12b,2038900,50,0.32,54,46471.0
census_tract,gemma-4-12b,2039000,56,0.0655,76,56563.0
census_tract,gemma-4-12b,2039100,73,0.5171,111,34663.0
census_tract,gemma-4-12b,2039200,36,0.1204,49,67917.0
census_tract,gemma-4-12b,2039300,43,0.0504,60,27776.0
census_tract,gemma-4-12b,2039400,38,0.1842,45,60373.0
census_tract,gemma-4-12b,2039500,163,-0.1857,212,21674.0
census_tract,gemma-4-12b,2039600,73,0.1119,94,48798.0
census_tract,gemma-4-12b,2039700,107,-0.0576,143,31964.0
census_tract,gemma-4-12b,2039800,51,-0.0196,67,28491.0
census_tract,gemma-4-12b,2039901,103,0.0817,138,43503.0
census_tract,gemma-4-12b,2039902,50,0.21,63,43491.0
census_tract,gemma-4-12b,2040100,61,0.0792,79,28649.0
census_tract,gemma-4-12b,2040302,31,0.2817,48,37756.0
census_tract,gemma-4-12b,2040303,38,0.0263,48,42750.0
census_tract,gemma-4-12b,2040304,31,0.4785,43,36913.0
census_tract,gemma-4-12b,2040400,63,-0.1032,83,65451.0
census_tract,gemma-4-12b,2040501,15,0.4,21,42386.0
census_tract,gemma-4-12b,2040502,40,0.0625,53,38884.0
census_tract,gemma-4-12b,2040600,58,0.0589,82,48857.0
census_tract,gemma-4-12b,2040701,24,-0.0417,29,46188.0
census_tract,gemma-4-12b,2040702,75,0.3022,103,33946.0
census_tract,gemma-4-12b,2040800,36,0.2917,54,41555.0
census_tract,gemma-4-12b,2040900,136,0.2414,177,67793.0
census_tract,gemma-4-12b,2041100,69,0.1836,87,54219.0
census_tract,gemma-4-12b,2041300,75,0.0933,106,60254.0
census_tract,gemma-4-12b,2041400,152,-0.1732,196,125302.0
census_tract,gemma-4-12b,2041500,60,0.3944,82,50579.0
census_tract,gemma-4-12b,2041800,116,-0.467,153,62567.0
census_tract,gemma-4-12b,2041900,124,0.457,166,57079.0
census_tract,gemma-4-12b,2042000,47,0.1277,71,31776.0
census_tract,gemma-4-12b,2042100,98,0.0935,119,52824.0
census_tract,gemma-4-12b,2042200,47,0.0035,64,75201.0
census_tract,gemma-4-12b,2042300,39,0.2564,54,71422.0
census_tract,gemma-4-12b,2042400,53,-0.066,69,106468.0
census_tract,gemma-4-12b,2042500,106,0.3318,133,48280.0
census_tract,gemma-4-12b,2042600,166,-0.0653,224,99764.0
census_tract,gemma-4-12b,2042800,49,0.2211,61,168646.0
census_tract,gemma-4-12b,2042901,52,0.0929,73,46779.0
census_tract,gemma-4-12b,2042902,30,0.3167,37,44663.0
census_tract,gemma-4-12b,2043000,70,0.281,94,85074.0
census_tract,gemma-4-12b,2043101,38,-0.1053,56,40089.0
census_tract,gemma-4-12b,2043102,46,0.1594,58,50926.0
census_tract,gemma-4-12b,2043400,107,0.1854,142,76036.0
census_tract,gemma-4-12b,2043501,232,-0.7374,313,
census_tract,gemma-4-12b,2043502,78,-0.4564,115,
census_tract,gemma-4-12b,2043503,787,-0.5162,1037,
census_tract,gemma-4-12b,2043600,53,0.044,73,84735.0
census_tract,gemma-4-12b,2044200,79,-0.0612,106,56434.0
census_tract,gemma-4-12b,2044400,125,0.1543,176,89615.0
census_tract,gemma-4-12b,2044800,52,-0.0256,76,104094.0
census_tract,gemma-4-12b,2044901,57,0.1988,78,91419.0
census_tract,gemma-4-12b,2044902,41,-0.0935,53,99297.0
census_tract,gemma-4-12b,2045101,66,-0.0657,87,77246.0
census_tract,gemma-4-12b,2045102,86,-0.1783,116,99395.0
census_tract,gemma-4-12b,2045600,316,-0.4177,417,79386.0
census_tract,gemma-4-12b,2045800,52,-0.1474,69,30453.0
census_tract,gemma-4-12b,2046000,67,-0.107,90,44355.0
census_tract,gemma-4-12b,2046203,266,-0.5749,358,40755.0
census_tract,gemma-4-12b,2046204,34,-0.0098,54,63652.0
census_tract,gemma-4-12b,2046205,380,-0.4989,495,75679.0
census_tract,gemma-4-12b,2046206,5,0.0,6,67234.0
census_tract,gemma-4-12b,2046207,71,-0.4507,105,59838.0
census_tract,gemma-4-12b,2046208,192,-0.2474,233,87061.0
census_tract,gemma-4-12b,2046209,144,-0.6244,203,30185.0
census_tract,gemma-4-12b,2048401,185,-0.1437,248,88862.0
census_tract,gemma-4-12b,2048402,17,-0.1176,21,
census_tract,gemma-4-12b,2050400,589,-0.5463,795,
census_tract,gemma-4-12b,2051601,273,0.0763,387,103125.0
census_tract,gemma-4-12b,3000100,82,0.0528,102,178162.0
census_tract,gemma-4-12b,3000200,96,-0.217,126,79375.0
census_tract,gemma-4-12b,3000301,43,0.0891,55,185128.0
census_tract,gemma-4-12b,3000501,17,0.4314,25,141364.0
census_tract,gemma-4-12b,3000502,18,0.4444,20,168013.0
census_tract,gemma-4-12b,3000700,59,0.178,74,201827.0
census_tract,gemma-4-12b,3000900,31,0.7419,43,205500.0
census_tract,gemma-4-12b,3001100,34,0.5245,47,203958.0
census_tract,gemma-4-12b,3001300,94,0.1826,125,139866.0
census_tract,gemma-4-12b,3001501,56,0.3452,70,142560.0
census_tract,gemma-4-12b,3001502,39,0.1026,47,138179.0
census_tract,gemma-4-12b,3001801,156,-0.5515,216,
census_tract,gemma-4-12b,3001802,72,-0.0359,101,
census_tract,gemma-4-12b,3001803,59,-0.5395,79,
census_tract,gemma-4-12b,3001804,10,-0.7,11,
census_tract,gemma-4-12b,3002000,72,-0.5556,91,81458.0
census_tract,gemma-4-12b,3002100,128,0.3633,173,
census_tract,gemma-4-12b,3002200,93,-0.4857,125,41852.0
census_tract,gemma-4-12b,3002300,73,0.1872,107,34977.0
census_tract,gemma-4-12b,3002901,28,0.1667,37,22855.0
census_tract,gemma-4-12b,3003000,52,0.3365,69,130473.0
census_tract,gemma-4-12b,3003101,24,0.0417,29,158500.0
census_tract,gemma-4-12b,3003102,11,0.6061,15,
census_tract,gemma-4-12b,3003300,39,0.4188,47,136217.0
census_tract,gemma-4-12b,3003400,100,0.005,138,113143.0
census_tract,gemma-4-12b,3003500,52,0.4776,78,123417.0
census_tract,gemma-4-12b,3003600,32,0.7656,37,91583.0
census_tract,gemma-4-12b,3003700,49,0.5476,69,181404.0
census_tract,gemma-4-12b,3003800,31,0.2742,43,135313.0
census_tract,gemma-4-12b,3003900,35,0.6024,50,187273.0
census_tract,gemma-4-12b,3004100,27,0.7963,33,229002.0
census_tract,gemma-4-12b,3004300,39,0.453,53,161875.0
census_tract,gemma-4-12b,3004400,83,0.3635,120,142143.0
census_tract,gemma-4-12b,3004500,35,0.8048,53,189833.0
census_tract,gemma-4-12b,3004600,72,0.2486,94,134773.0
census_tract,gemma-4-12b,3004700,78,-0.3397,108,145341.0
census_tract,gemma-4-12b,3004900,28,0.75,35,166667.0
census_tract,gemma-4-12b,3005000,51,0.2157,60,134013.0
census_tract,gemma-4-12b,3005100,53,-0.1921,73,178913.0
census_tract,gemma-4-12b,3005201,30,0.0167,39,40789.0
census_tract,gemma-4-12b,3005202,38,0.0702,50,107143.0
census_tract,gemma-4-12b,3005301,64,-0.1241,89,126071.0
census_tract,gemma-4-12b,3005302,114,-0.5073,144,139609.0
census_tract,gemma-4-12b,3005303,28,-1.4464,36,203750.0
census_tract,gemma-4-12b,3005400,39,0.0769,47,85342.0
census_tract,gemma-4-12b,3005601,35,0.5619,45,104598.0
census_tract,gemma-4-12b,3005602,34,0.451,43,96397.0
census_tract,gemma-4-12b,3005800,44,0.3182,52,77648.0
census_tract,gemma-4-12b,3005900,124,-0.2325,167,110288.0
census_tract,gemma-4-12b,3006000,49,0.1054,65,88542.0
census_tract,gemma-4-12b,3006200,29,0.6379,39,83500.0
census_tract,gemma-4-12b,3006300,28,-0.0357,36,188519.0
census_tract,gemma-4-12b,3006400,33,0.3061,46,98846.0
census_tract,gemma-4-12b,3006500,50,0.3967,66,202355.0
census_tract,gemma-4-12b,3006600,33,0.4192,54,98158.0
census_tract,gemma-4-12b,3006700,27,0.6173,38,214931.0
census_tract,gemma-4-12b,3006800,27,0.4506,34,80938.0
census_tract,gemma-4-12b,3006901,12,0.1667,13,149936.0
census_tract,gemma-4-12b,3006902,17,0.4118,22,226136.0
census_tract,gemma-4-12b,3007000,38,-0.2018,49,87198.0
census_tract,gemma-4-12b,3007100,32,0.6667,52,53786.0
census_tract,gemma-4-12b,3007200,33,-0.2576,49,64000.0
census_tract,gemma-4-12b,3007400,30,0.3333,37,73454.0
census_tract,gemma-4-12b,3007500,56,0.3973,73,169375.0
census_tract,gemma-4-12b,3007600,23,0.4203,40,73681.0
census_tract,gemma-4-12b,3007700,94,0.094,127,212827.0
census_tract,gemma-4-12b,3007800,23,0.471,28,79981.0
census_tract,gemma-4-12b,3008000,22,0.8788,25,71250.0
census_tract,gemma-4-12b,3008200,33,0.399,44,53500.0
census_tract,gemma-4-12b,3008400,58,0.1379,68,116100.0
census_tract,gemma-4-12b,3008500,35,-0.1048,49,27854.0
census_tract,gemma-4-12b,3008600,9,0.6667,9,
census_tract,gemma-4-12b,3008800,12,0.0833,16,95707.0
census_tract,gemma-4-12b,3009001,9,0.0,11,45945.0
census_tract,gemma-4-12b,3009002,6,0.0833,7,62225.0
census_tract,gemma-4-12b,3009201,15,0.5333,21,83824.0
census_tract,gemma-4-12b,3009202,9,0.3333,10,53641.0
census_tract,gemma-4-12b,3009401,11,0.2424,14,49620.0
census_tract,gemma-4-12b,3009402,13,0.1538,17,85929.0
census_tract,gemma-4-12b,3009600,24,0.3472,34,83664.0
census_tract,gemma-4-12b,3009800,25,1.0,28,60679.0
census_tract,gemma-4-12b,3010000,37,0.7523,50,57881.0
census_tract,gemma-4-12b,3010100,51,-0.0,77,136705.0
census_tract,gemma-4-12b,3010200,23,0.8261,28,65668.0
census_tract,gemma-4-12b,3010401,7,-0.2857,7,56875.0
census_tract,gemma-4-12b,3010402,15,0.2,22,40255.0
census_tract,gemma-4-12b,3010601,20,0.625,25,45106.0
census_tract,gemma-4-12b,3010602,13,0.2692,21,65372.0
census_tract,gemma-4-12b,3010801,10,0.2,13,66143.0
census_tract,gemma-4-12b,3010802,6,0.6667,6,69479.0
census_tract,gemma-4-12b,3011000,27,0.0617,31,86932.0
census_tract,gemma-4-12b,3011200,31,0.3473,45,60348.0
census_tract,gemma-4-12b,3011400,31,0.3763,42,74063.0
census_tract,gemma-4-12b,3011600,42,0.3651,59,65551.0
census_tract,gemma-4-12b,3011700,53,-0.0126,70,153348.0
census_tract,gemma-4-12b,3011800,29,0.3103,38,62273.0
census_tract,gemma-4-12b,3011901,73,0.1918,111,165179.0
census_tract,gemma-4-12b,3011902,26,-0.4615,34,
census_tract,gemma-4-12b,3012000,61,-0.1995,85,72987.0
census_tract,gemma-4-12b,3012100,39,0.7051,51,130357.0
census_tract,gemma-4-12b,3012200,40,-0.1167,52,54071.0
census_tract,gemma-4-12b,3012600,93,-0.1613,119,81477.0
census_tract,gemma-4-12b,3012700,35,0.4,47,63750.0
census_tract,gemma-4-12b,3012801,22,0.1667,25,74306.0
census_tract,gemma-4-12b,3012901,34,0.4853,51,
census_tract,gemma-4-12b,3012902,32,0.6354,43,183510.0
census_tract,gemma-4-12b,3013000,30,0.5056,37,78942.0
census_tract,gemma-4-12b,3013100,21,0.8095,25,107083.0
census_tract,gemma-4-12b,3013200,20,0.65,23,81429.0
census_tract,gemma-4-12b,3013300,38,0.7061,47,201298.0
census_tract,gemma-4-12b,3013400,87,-0.1149,119,99886.0
census_tract,gemma-4-12b,3013500,19,0.5789,23,221920.0
census_tract,gemma-4-12b,3013600,57,0.0936,80,88182.0
census_tract,gemma-4-12b,3013700,34,0.8824,40,170600.0
census_tract,gemma-4-12b,3013800,20,0.6667,26,112703.0
census_tract,gemma-4-12b,3013900,29,0.5287,38,173378.0
census_tract,gemma-4-12b,3014000,31,0.4409,44,61111.0
census_tract,gemma-4-12b,3014101,25,0.5533,36,215104.0
census_tract,gemma-4-12b,3014102,11,0.2727,14,113750.0
census_tract,gemma-4-12b,3014200,89,-0.2959,117,81250.0
census_tract,gemma-4-12b,3014300,92,-0.0388,116,119594.0
census_tract,gemma-4-12b,3014500,26,0.391,35,117800.0
census_tract,gemma-4-12b,3014700,26,-0.0513,33,162847.0
census_tract,gemma-4-12b,3014800,23,0.6739,28,88787.0
census_tract,gemma-4-12b,3014901,11,0.8333,16,166161.0
census_tract,gemma-4-12b,3014902,34,0.1324,46,171346.0
census_tract,gemma-4-12b,3015000,18,-0.1111,21,63594.0
census_tract,gemma-4-12b,3015100,16,0.8229,21,188866.0
census_tract,gemma-4-12b,3015200,45,0.1333,61,92454.0
census_tract,gemma-4-12b,3015300,36,0.7708,44,154286.0
census_tract,gemma-4-12b,3015400,58,-0.0862,73,
census_tract,gemma-4-12b,3015500,19,0.693,26,206176.0
census_tract,gemma-4-12b,3015700,23,0.913,30,209940.0
census_tract,gemma-4-12b,3015900,55,0.5242,72,201858.0
census_tract,gemma-4-12b,3016000,93,-0.2222,122,83920.0
census_tract,gemma-4-12b,3016100,36,0.6852,47,172234.0
census_tract,gemma-4-12b,3016200,83,-0.3936,120,100278.0
census_tract,gemma-4-12b,3016300,33,0.3939,50,196630.0
census_tract,gemma-4-12b,3016400,137,-0.927,183,106875.0
census_tract,gemma-4-12b,3016500,38,0.9693,49,
census_tract,gemma-4-12b,3016600,59,0.4816,87,114635.0
census_tract,gemma-4-12b,3016700,35,0.7214,44,190125.0
census_tract,gemma-4-12b,3016800,62,-0.1559,79,118341.0
census_tract,gemma-4-12b,3016900,50,0.4067,74,140727.0
census_tract,gemma-4-12b,3017000,38,0.3553,47,102417.0
census_tract,gemma-4-12b,3017100,42,0.7857,56,174646.0
census_tract,gemma-4-12b,3017200,54,0.3302,71,136096.0
census_tract,gemma-4-12b,3017400,40,-0.2067,61,103594.0
census_tract,gemma-4-12b,3017500,50,0.0133,72,
census_tract,gemma-4-12b,3017600,20,-0.2667,28,90833.0
census_tract,gemma-4-12b,3017700,169,0.2682,228,
census_tract,gemma-4-12b,3017800,40,0.3208,56,91923.0
census_tract,gemma-4-12b,3017900,34,0.3382,45,103836.0
census_tract,gemma-4-12b,3018000,23,0.3696,28,59936.0
census_tract,gemma-4-12b,3018100,38,0.7281,49,175294.0
census_tract,gemma-4-12b,3018200,49,0.4014,60,78750.0
census_tract,gemma-4-12b,3018300,13,1.1538,17,194519.0
census_tract,gemma-4-12b,3018400,25,0.38,34,81467.0
census_tract,gemma-4-12b,3018501,31,0.1452,45,44877.0
census_tract,gemma-4-12b,3018600,21,0.4921,27,76667.0
census_tract,gemma-4-12b,3018700,21,-0.1746,28,139231.0
census_tract,gemma-4-12b,3018800,47,0.4787,65,38227.0
census_tract,gemma-4-12b,3019000,51,0.4052,65,48824.0
census_tract,gemma-4-12b,3019100,77,-0.1483,105,148929.0
census_tract,gemma-4-12b,3019200,47,0.2766,57,72303.0
census_tract,gemma-4-12b,3019300,24,0.4653,32,79505.0
census_tract,gemma-4-12b,3019400,36,0.1528,44,66080.0
census_tract,gemma-4-12b,3019500,18,0.037,26,139329.0
census_tract,gemma-4-12b,3019600,31,0.4677,41,74292.0
census_tract,gemma-4-12b,3019700,36,0.5694,46,121235.0
census_tract,gemma-4-12b,3019800,23,0.0348,34,78673.0
census_tract,gemma-4-12b,3019900,41,0.3089,55,130688.0
census_tract,gemma-4-12b,3020000,22,0.9545,25,98214.0
census_tract,gemma-4-12b,3020100,40,0.6625,53,150978.0
census_tract,gemma-4-12b,3020200,34,0.2059,39,79643.0
census_tract,gemma-4-12b,3020300,38,0.2895,50,160795.0
census_tract,gemma-4-12b,3020400,27,0.4074,41,143162.0
census_tract,gemma-4-12b,3020500,22,0.7879,32,164926.0
census_tract,gemma-4-12b,3020600,37,0.545,52,87446.0
census_tract,gemma-4-12b,3020700,26,0.8654,32,190843.0
census_tract,gemma-4-12b,3020800,26,0.4295,39,65491.0
census_tract,gemma-4-12b,3021000,21,0.4127,29,69970.0
census_tract,gemma-4-12b,3021100,50,-0.13,64,85225.0
census_tract,gemma-4-12b,3021200,42,0.1944,53,56250.0
census_tract,gemma-4-12b,3021300,26,0.2051,32,82426.0
census_tract,gemma-4-12b,3021400,39,0.1838,52,78214.0
census_tract,gemma-4-12b,3021500,34,0.5588,46,151154.0
census_tract,gemma-4-12b,3021600,33,0.3081,44,47950.0
census_tract,gemma-4-12b,3021700,27,0.5556,32,112957.0
census_tract,gemma-4-12b,3021800,35,0.3524,41,69291.0
census_tract,gemma-4-12b,3021900,28,0.4643,39,122589.0
census_tract,gemma-4-12b,3022000,43,0.3798,54,59395.0
census_tract,gemma-4-12b,3022100,32,0.4188,46,87021.0
census_tract,gemma-4-12b,3022200,55,0.2545,72,52361.0
census_tract,gemma-4-12b,3022400,37,0.2613,50,56105.0
census_tract,gemma-4-12b,3022600,30,0.1667,39,86655.0
census_tract,gemma-4-12b,3022700,55,0.397,70,119148.0
census_tract,gemma-4-12b,3022800,44,-0.0227,52,55898.0
census_tract,gemma-4-12b,3022900,27,0.4877,36,139609.0
census_tract,gemma-4-12b,3023000,36,0.287,51,32725.0
census_tract,gemma-4-12b,3023100,28,0.3274,39,160199.0
census_tract,gemma-4-12b,3023200,42,0.2897,56,63094.0
census_tract,gemma-4-12b,3023300,39,0.3333,53,78177.0
census_tract,gemma-4-12b,3023400,29,0.2816,37,37587.0
census_tract,gemma-4-12b,3023500,29,0.1034,34,111917.0
census_tract,gemma-4-12b,3023600,27,0.5957,41,39479.0
census_tract,gemma-4-12b,3023800,21,0.3095,32,43843.0
census_tract,gemma-4-12b,3024000,30,0.1111,41,37833.0
census_tract,gemma-4-12b,3024100,33,0.298,40,141717.0
census_tract,gemma-4-12b,3024200,36,0.2269,48,59276.0
census_tract,gemma-4-12b,3024300,27,0.3642,45,122203.0
census_tract,gemma-4-12b,3024400,35,0.1857,44,76417.0
census_tract,gemma-4-12b,3024500,30,0.4444,39,103194.0
census_tract,gemma-4-12b,3024600,42,0.0,60,71711.0
census_tract,gemma-4-12b,3024700,44,0.2576,64,57106.0
census_tract,gemma-4-12b,3024800,41,0.0244,57,79340.0
census_tract,gemma-4-12b,3024900,31,0.7043,44,84746.0
census_tract,gemma-4-12b,3025000,41,0.0407,54,51250.0
census_tract,gemma-4-12b,3025100,28,0.4286,33,58856.0
census_tract,gemma-4-12b,3025200,44,0.3447,58,54012.0
census_tract,gemma-4-12b,3025300,32,0.2188,42,115700.0
census_tract,gemma-4-12b,3025400,49,0.0068,68,89021.0
census_tract,gemma-4-12b,3025500,12,0.6667,15,26906.0
census_tract,gemma-4-12b,3025600,41,0.2764,58,71250.0
census_tract,gemma-4-12b,3025700,26,-0.2692,30,88750.0
census_tract,gemma-4-12b,3025800,35,0.6,45,67167.0
census_tract,gemma-4-12b,3025901,11,0.0,14,90000.0
census_tract,gemma-4-12b,3025902,8,-0.5,9,
census_tract,gemma-4-12b,3026000,28,0.244,39,68043.0
census_tract,gemma-4-12b,3026100,30,0.15,38,103274.0
census_tract,gemma-4-12b,3026200,31,0.2473,44,99750.0
census_tract,gemma-4-12b,3026300,20,0.5,26,85546.0
census_tract,gemma-4-12b,3026400,37,0.2919,56,69808.0
census_tract,gemma-4-12b,3026500,27,0.716,36,82088.0
census_tract,gemma-4-12b,3026600,37,0.5946,45,47544.0
census_tract,gemma-4-12b,3026700,17,0.8039,22,150386.0
census_tract,gemma-4-12b,3026800,47,0.3546,63,90442.0
census_tract,gemma-4-12b,3026900,22,0.553,35,96006.0
census_tract,gemma-4-12b,3027000,38,0.4956,50,62083.0
census_tract,gemma-4-12b,3027100,47,0.1241,60,84412.0
census_tract,gemma-4-12b,3027200,27,-0.0494,40,59802.0
census_tract,gemma-4-12b,3027300,29,0.2241,42,122093.0
census_tract,gemma-4-12b,3027400,34,0.6892,48,49800.0
census_tract,gemma-4-12b,3027500,20,0.3167,27,84756.0
census_tract,gemma-4-12b,3027600,21,0.3651,29,63447.0
census_tract,gemma-4-12b,3027700,33,0.1566,41,61042.0
census_tract,gemma-4-12b,3027800,29,0.2172,38,68792.0
census_tract,gemma-4-12b,3027900,22,0.1591,27,91771.0
census_tract,gemma-4-12b,3028000,34,0.3333,44,95208.0
census_tract,gemma-4-12b,3028100,25,-0.0133,40,45850.0
census_tract,gemma-4-12b,3028200,40,0.2875,47,52926.0
census_tract,gemma-4-12b,3028300,27,0.6481,36,53040.0
census_tract,gemma-4-12b,3028400,34,0.4265,50,59954.0
census_tract,gemma-4-12b,3028501,11,0.0909,12,57969.0
census_tract,gemma-4-12b,3028502,16,0.4375,22,14944.0
census_tract,gemma-4-12b,3028600,45,-0.137,58,47923.0
census_tract,gemma-4-12b,3028700,31,0.2312,47,106462.0
census_tract,gemma-4-12b,3028800,27,0.3704,38,77042.0
census_tract,gemma-4-12b,3028900,25,-0.12,32,50152.0
census_tract,gemma-4-12b,3029000,34,0.2647,49,62731.0
census_tract,gemma-4-12b,3029100,22,0.2273,28,88153.0
census_tract,gemma-4-12b,3029200,52,-0.1635,69,55653.0
census_tract,gemma-4-12b,3029300,26,0.1282,35,36833.0
census_tract,gemma-4-12b,3029400,51,-0.3922,65,91544.0
census_tract,gemma-4-12b,3029500,22,0.7652,33,94227.0
census_tract,gemma-4-12b,3029600,33,0.3586,52,66349.0
census_tract,gemma-4-12b,3029700,35,0.2286,44,70536.0
census_tract,gemma-4-12b,3029800,51,0.0948,63,61059.0
census_tract,gemma-4-12b,3029900,33,0.1061,38,65433.0
census_tract,gemma-4-12b,3030000,36,0.2917,44,73981.0
census_tract,gemma-4-12b,3030100,54,0.1698,70,98438.0
census_tract,gemma-4-12b,3030200,25,0.2733,36,76005.0
census_tract,gemma-4-12b,3030300,49,0.1633,66,43275.0
census_tract,gemma-4-12b,3030400,113,-0.1637,153,68581.0
census_tract,gemma-4-12b,3030500,66,0.1717,86,122353.0
census_tract,gemma-4-12b,3030600,38,0.0175,48,65985.0
census_tract,gemma-4-12b,3030700,62,-0.2392,82,50049.0
census_tract,gemma-4-12b,3030800,46,-0.0942,62,50865.0
census_tract,gemma-4-12b,3030900,28,-0.0357,45,66889.0
census_tract,gemma-4-12b,3031100,33,-0.048,45,106845.0
census_tract,gemma-4-12b,3031300,28,0.244,34,105407.0
census_tract,gemma-4-12b,3031401,121,-0.2218,160,101193.0
census_tract,gemma-4-12b,3031402,5,-0.6,5,
census_tract,gemma-4-12b,3031500,44,0.3144,66,100899.0
census_tract,gemma-4-12b,3031701,19,0.7632,25,101806.0
census_tract,gemma-4-12b,3031702,23,0.4565,30,115512.0
census_tract,gemma-4-12b,3031900,31,0.3548,45,90357.0
census_tract,gemma-4-12b,3032100,26,0.5256,39,86685.0
census_tract,gemma-4-12b,3032300,23,0.4348,25,83815.0
census_tract,gemma-4-12b,3032500,28,0.4107,38,94328.0
census_tract,gemma-4-12b,3032600,48,0.0208,56,49911.0
census_tract,gemma-4-12b,3032700,35,0.1905,51,82554.0
census_tract,gemma-4-12b,3032800,41,0.1016,57,53526.0
census_tract,gemma-4-12b,3032900,35,0.3238,45,92193.0
census_tract,gemma-4-12b,3033000,40,-0.3125,48,23583.0
census_tract,gemma-4-12b,3033100,29,0.3644,46,44347.0
census_tract,gemma-4-12b,3033300,40,-0.0125,49,103333.0
census_tract,gemma-4-12b,3033500,38,0.0395,55,102188.0
census_tract,gemma-4-12b,3033600,68,0.0343,97,76719.0
census_tract,gemma-4-12b,3033701,21,0.8413,27,93620.0
census_tract,gemma-4-12b,3033702,19,0.4035,25,87165.0
census_tract,gemma-4-12b,3033900,36,0.4167,49,61979.0
census_tract,gemma-4-12b,3034000,18,0.1296,27,32983.0
census_tract,gemma-4-12b,3034100,12,0.9236,22,95300.0
census_tract,gemma-4-12b,3034200,37,0.1396,51,22872.0
census_tract,gemma-4-12b,3034300,23,0.087,28,28750.0
census_tract,gemma-4-12b,3034500,25,0.4267,29,81850.0
census_tract,gemma-4-12b,3034700,33,0.2828,41,42457.0
census_tract,gemma-4-12b,3034800,142,-0.4484,190,53710.0
census_tract,gemma-4-12b,3034901,12,0.8611,19,82521.0
census_tract,gemma-4-12b,3034902,15,0.5333,20,34381.0
census_tract,gemma-4-12b,3035000,21,0.3095,27,56891.0
census_tract,gemma-4-12b,3035101,20,0.825,24,53626.0
census_tract,gemma-4-12b,3035102,18,0.6667,24,70030.0
census_tract,gemma-4-12b,3035200,59,0.1582,76,13240.0
census_tract,gemma-4-12b,3035301,11,0.0909,16,46789.0
census_tract,gemma-4-12b,3035302,36,0.1366,48,85234.0
census_tract,gemma-4-12b,3035400,72,-0.1944,95,63382.0
census_tract,gemma-4-12b,3035500,38,-0.0614,52,75139.0
census_tract,gemma-4-12b,3035601,10,-0.3,16,28750.0
census_tract,gemma-4-12b,3035602,36,0.1574,51,50456.0
census_tract,gemma-4-12b,3035701,16,0.5,16,45313.0
census_tract,gemma-4-12b,3035702,17,0.0,24,
census_tract,gemma-4-12b,3035900,37,0.4347,53,62774.0
census_tract,gemma-4-12b,3036001,22,0.5682,30,30877.0
census_tract,gemma-4-12b,3036002,19,0.2632,26,30176.0
census_tract,gemma-4-12b,3036100,41,0.1463,53,37035.0
census_tract,gemma-4-12b,3036200,23,-0.029,32,52023.0
census_tract,gemma-4-12b,3036300,66,0.1364,87,58091.0
census_tract,gemma-4-12b,3036400,40,0.075,54,63480.0
census_tract,gemma-4-12b,3036501,27,0.1111,33,67165.0
census_tract,gemma-4-12b,3036502,57,-0.2105,76,67038.0
census_tract,gemma-4-12b,3036600,91,-0.1355,120,52385.0
census_tract,gemma-4-12b,3036700,50,0.03,68,70426.0
census_tract,gemma-4-12b,3036900,54,0.3549,73,48583.0
census_tract,gemma-4-12b,3037000,79,0.1793,112,69493.0
census_tract,gemma-4-12b,3037100,35,0.5429,45,87679.0
census_tract,gemma-4-12b,3037300,23,0.4493,35,71786.0
census_tract,gemma-4-12b,3037401,67,0.1167,93,59004.0
census_tract,gemma-4-12b,3037402,64,0.1688,101,57118.0
census_tract,gemma-4-12b,3037500,31,0.0269,36,91985.0
census_tract,gemma-4-12b,3037700,31,0.4355,46,71786.0
census_tract,gemma-4-12b,3037900,33,0.2727,34,67949.0
census_tract,gemma-4-12b,3038100,45,0.4778,66,70867.0
census_tract,gemma-4-12b,3038200,26,0.1154,34,22332.0
census_tract,gemma-4-12b,3038300,22,0.25,30,87786.0
census_tract,gemma-4-12b,3038500,30,0.7167,41,114375.0
census_tract,gemma-4-12b,3038600,41,0.0244,49,91857.0
census_tract,gemma-4-12b,3038700,33,0.2374,41,93221.0
census_tract,gemma-4-12b,3038800,32,0.6406,39,83558.0
census_tract,gemma-4-12b,3038900,33,0.4747,47,98819.0
census_tract,gemma-4-12b,3039000,67,0.2898,97,72143.0
census_tract,gemma-4-12b,3039100,37,0.2568,47,103796.0
census_tract,gemma-4-12b,3039200,43,0.4496,58,54483.0
census_tract,gemma-4-12b,3039300,46,0.2174,58,112566.0
census_tract,gemma-4-12b,3039400,55,0.403,78,62875.0
census_tract,gemma-4-12b,3039500,25,0.0667,37,84219.0
census_tract,gemma-4-12b,3039600,30,0.5111,41,69563.0
census_tract,gemma-4-12b,3039700,40,0.5175,63,74291.0
census_tract,gemma-4-12b,3039800,32,0.0312,40,89750.0
census_tract,gemma-4-12b,3039900,30,0.4278,42,50329.0
census_tract,gemma-4-12b,3040000,41,0.4715,63,58941.0
census_tract,gemma-4-12b,3040100,38,-0.1053,56,69616.0
census_tract,gemma-4-12b,3040200,48,0.125,66,76250.0
census_tract,gemma-4-12b,3040300,45,0.4241,61,103792.0
census_tract,gemma-4-12b,3040400,27,0.0926,34,106442.0
census_tract,gemma-4-12b,3040500,28,-0.4107,37,69437.0
census_tract,gemma-4-12b,3040600,15,0.3333,19,79941.0
census_tract,gemma-4-12b,3040700,14,-0.4643,20,
census_tract,gemma-4-12b,3040800,23,0.1087,30,78750.0
census_tract,gemma-4-12b,3040900,30,0.4167,37,78220.0
census_tract,gemma-4-12b,3041000,20,0.15,30,60694.0
census_tract,gemma-4-12b,3041100,11,0.6818,14,63125.0
census_tract,gemma-4-12b,3041200,35,-0.2,48,95152.0
census_tract,gemma-4-12b,3041300,35,0.3238,47,110996.0
census_tract,gemma-4-12b,3041401,24,0.5833,33,71944.0
census_tract,gemma-4-12b,3041402,40,0.35,53,39048.0
census_tract,gemma-4-12b,3041500,40,0.45,55,96110.0
census_tract,gemma-4-12b,3041600,29,0.3103,39,63425.0
census_tract,gemma-4-12b,3041700,35,-0.0095,49,32028.0
census_tract,gemma-4-12b,3041800,48,0.4514,64,46607.0
census_tract,gemma-4-12b,3041900,31,0.2312,39,73958.0
census_tract,gemma-4-12b,3042000,44,0.375,56,88700.0
census_tract,gemma-4-12b,3042100,25,0.072,41,94209.0
census_tract,gemma-4-12b,3042200,34,0.2353,48,73033.0
census_tract,gemma-4-12b,3042300,22,0.3636,30,123750.0
census_tract,gemma-4-12b,3042400,27,0.037,30,70060.0
census_tract,gemma-4-12b,3042500,36,0.4722,44,86316.0
census_tract,gemma-4-12b,3042600,46,0.5,63,71840.0
census_tract,gemma-4-12b,3042700,30,0.4333,33,92250.0
census_tract,gemma-4-12b,3042800,37,0.5,48,88656.0
census_tract,gemma-4-12b,3042900,34,0.6176,41,65000.0
census_tract,gemma-4-12b,3043000,48,0.2257,66,75417.0
census_tract,gemma-4-12b,3043100,33,0.0859,39,90745.0
census_tract,gemma-4-12b,3043200,33,0.3283,45,79667.0
census_tract,gemma-4-12b,3043300,38,0.2325,46,59551.0
census_tract,gemma-4-12b,3043400,33,0.3131,46,66763.0
census_tract,gemma-4-12b,3043500,28,0.4643,35,67778.0
census_tract,gemma-4-12b,3043600,24,0.4861,37,83284.0
census_tract,gemma-4-12b,3043700,43,0.0853,54,77904.0
census_tract,gemma-4-12b,3043800,30,0.1433,40,70066.0
census_tract,gemma-4-12b,3043900,45,0.4444,64,114318.0
census_tract,gemma-4-12b,3044000,58,0.2586,79,88344.0
census_tract,gemma-4-12b,3044100,29,0.6034,38,78526.0
census_tract,gemma-4-12b,3044200,33,0.2222,46,62708.0
census_tract,gemma-4-12b,3044300,46,0.5326,55,94517.0
census_tract,gemma-4-12b,3044400,39,0.2222,51,67554.0
census_tract,gemma-4-12b,3044500,35,0.2048,53,86717.0
census_tract,gemma-4-12b,3044600,19,0.4386,28,69099.0
census_tract,gemma-4-12b,3044700,40,0.5958,53,89511.0
census_tract,gemma-4-12b,3044800,37,0.2252,48,96639.0
census_tract,gemma-4-12b,3044901,100,-0.4867,129,78774.0
census_tract,gemma-4-12b,3044902,179,-0.7353,252,
census_tract,gemma-4-12b,3045000,37,0.5135,48,90893.0
census_tract,gemma-4-12b,3045200,34,0.3088,46,74250.0
census_tract,gemma-4-12b,3045300,85,0.0416,114,70598.0
census_tract,gemma-4-12b,3045400,20,0.1167,25,94607.0
census_tract,gemma-4-12b,3045600,35,0.4095,42,70329.0
census_tract,gemma-4-12b,3045800,25,0.48,30,58958.0
census_tract,gemma-4-12b,3046000,26,0.6603,36,97188.0
census_tract,gemma-4-12b,3046201,33,0.2879,40,63375.0
census_tract,gemma-4-12b,3046202,41,0.061,52,85536.0
census_tract,gemma-4-12b,3046400,37,0.1554,48,72422.0
census_tract,gemma-4-12b,3046800,33,0.0,38,41343.0
census_tract,gemma-4-12b,3047000,20,0.4833,32,75069.0
census_tract,gemma-4-12b,3047200,32,0.3438,42,71635.0
census_tract,gemma-4-12b,3047400,25,0.36,35,99769.0
census_tract,gemma-4-12b,3047600,43,0.4341,54,61250.0
census_tract,gemma-4-12b,3047700,83,-0.3554,106,179175.0
census_tract,gemma-4-12b,3047800,40,0.3708,49,60590.0
census_tract,gemma-4-12b,3048000,37,0.2117,52,52940.0
census_tract,gemma-4-12b,3048100,38,-0.057,56,94896.0
census_tract,gemma-4-12b,3048200,49,0.1361,70,58234.0
census_tract,gemma-4-12b,3048400,35,0.1857,44,96964.0
census_tract,gemma-4-12b,3048500,108,-0.0463,157,130278.0
census_tract,gemma-4-12b,3048600,32,0.0312,42,65714.0
census_tract,gemma-4-12b,3048800,21,0.3413,27,76110.0
census_tract,gemma-4-12b,3048900,15,0.0889,18,26070.0
census_tract,gemma-4-12b,3049000,64,0.4727,86,77917.0
census_tract,gemma-4-12b,3049100,36,0.0278,44,46137.0
census_tract,gemma-4-12b,3049200,36,0.4352,55,103269.0
census_tract,gemma-4-12b,3049301,9,0.5556,9,19440.0
census_tract,gemma-4-12b,3049302,40,0.4333,54,82423.0
census_tract,gemma-4-12b,3049400,60,0.4611,79,97625.0
census_tract,gemma-4-12b,3049500,45,0.4593,66,141250.0
census_tract,gemma-4-12b,3049600,53,0.3522,68,66920.0
census_tract,gemma-4-12b,3049700,30,0.3111,37,144872.0
census_tract,gemma-4-12b,3049800,30,-0.1444,46,77692.0
census_tract,gemma-4-12b,3049900,38,0.3842,55,146106.0
census_tract,gemma-4-12b,3050001,34,0.2647,45,124177.0
census_tract,gemma-4-12b,3050002,9,0.6667,11,124107.0
census_tract,gemma-4-12b,3050100,78,-0.2436,103,126696.0
census_tract,gemma-4-12b,3050202,30,0.2111,44,132670.0
census_tract,gemma-4-12b,3050300,23,0.3913,26,173548.0
census_tract,gemma-4-12b,3050401,62,0.1129,82,156033.0
census_tract,gemma-4-12b,3050402,40,0.1,57,166100.0
census_tract,gemma-4-12b,3050500,23,0.3188,34,57500.0
census_tract,gemma-4-12b,3050600,18,-0.2222,24,69276.0
census_tract,gemma-4-12b,3050700,42,-0.1706,57,59158.0
census_tract,gemma-4-12b,3050801,16,0.1771,22,74333.0
census_tract,gemma-4-12b,3050803,16,0.125,22,68496.0
census_tract,gemma-4-12b,3050804,11,0.5455,12,110317.0
census_tract,gemma-4-12b,3050900,30,0.0333,39,42361.0
census_tract,gemma-4-12b,3051001,28,0.4107,41,59583.0
census_tract,gemma-4-12b,3051002,23,0.7536,30,71007.0
census_tract,gemma-4-12b,3051100,32,0.0156,40,88457.0
census_tract,gemma-4-12b,3051200,35,0.2429,45,96719.0
census_tract,gemma-4-12b,3051300,103,0.1812,130,136207.0
census_tract,gemma-4-12b,3051400,41,0.2033,58,100000.0
census_tract,gemma-4-12b,3051500,23,0.2391,30,246707.0
census_tract,gemma-4-12b,3051601,26,0.6538,31,72304.0
census_tract,gemma-4-12b,3051602,15,0.4667,23,77801.0
census_tract,gemma-4-12b,3051700,39,0.6162,58,234444.0
census_tract,gemma-4-12b,3051800,48,0.5903,66,112589.0
census_tract,gemma-4-12b,3051900,47,0.3298,61,221375.0
census_tract,gemma-4-12b,3052000,45,0.4222,54,126102.0
census_tract,gemma-4-12b,3052300,38,0.3421,49,74454.0
census_tract,gemma-4-12b,3052500,19,0.3684,22,70625.0
census_tract,gemma-4-12b,3052600,41,0.5081,53,91500.0
census_tract,gemma-4-12b,3052700,37,0.1036,56,59632.0
census_tract,gemma-4-12b,3052800,43,0.6907,61,121000.0
census_tract,gemma-4-12b,3052900,25,0.6213,37,39549.0
census_tract,gemma-4-12b,3053000,27,0.1975,33,78621.0
census_tract,gemma-4-12b,3053101,11,0.0,12,
census_tract,gemma-4-12b,3053102,18,0.0463,28,76635.0
census_tract,gemma-4-12b,3053200,28,0.5833,37,72500.0
census_tract,gemma-4-12b,3053300,55,0.2364,74,34519.0
census_tract,gemma-4-12b,3053400,28,0.631,40,83421.0
census_tract,gemma-4-12b,3053500,31,0.6344,37,49244.0
census_tract,gemma-4-12b,3053700,55,-0.2909,72,44085.0
census_tract,gemma-4-12b,3053800,43,0.2403,54,65556.0
census_tract,gemma-4-12b,3053900,16,-0.3125,21,46914.0
census_tract,gemma-4-12b,3054200,35,0.4333,50,56481.0
census_tract,gemma-4-12b,3054300,34,0.0882,44,
census_tract,gemma-4-12b,3054400,35,0.2905,51,55938.0
census_tract,gemma-4-12b,3054500,31,-0.129,35,42071.0
census_tract,gemma-4-12b,3054600,47,0.3404,57,74651.0
census_tract,gemma-4-12b,3054700,31,0.2097,45,87047.0
census_tract,gemma-4-12b,3054800,23,0.3043,25,83500.0
census_tract,gemma-4-12b,3054900,66,0.4293,79,183091.0
census_tract,gemma-4-12b,3055000,34,0.4902,45,59955.0
census_tract,gemma-4-12b,3055100,45,0.5741,56,171952.0
census_tract,gemma-4-12b,3055200,35,0.3071,43,69861.0
census_tract,gemma-4-12b,3055300,37,0.3964,50,144083.0
census_tract,gemma-4-12b,3055400,46,0.4696,64,64894.0
census_tract,gemma-4-12b,3055500,41,0.3618,52,205860.0
census_tract,gemma-4-12b,3055600,34,0.424,49,69485.0
census_tract,gemma-4-12b,3055700,36,0.1644,48,136250.0
census_tract,gemma-4-12b,3055800,21,0.3968,27,61786.0
census_tract,gemma-4-12b,3056000,39,0.3803,53,74104.0
census_tract,gemma-4-12b,3056100,93,0.1918,123,151875.0
census_tract,gemma-4-12b,3056200,22,0.4545,31,102083.0
census_tract,gemma-4-12b,3056301,30,0.3333,34,133636.0
census_tract,gemma-4-12b,3056302,21,0.4048,26,76351.0
census_tract,gemma-4-12b,3056400,50,0.2133,72,86392.0
census_tract,gemma-4-12b,3056500,30,0.65,41,115329.0
census_tract,gemma-4-12b,3056600,50,-0.1293,69,69286.0
census_tract,gemma-4-12b,3056800,31,0.043,35,75521.0
census_tract,gemma-4-12b,3056900,34,0.2843,45,159286.0
census_tract,gemma-4-12b,3057000,76,-0.0351,100,80216.0
census_tract,gemma-4-12b,3057100,50,0.38,68,125272.0
census_tract,gemma-4-12b,3057200,32,0.2708,43,31864.0
census_tract,gemma-4-12b,3057300,49,0.1054,75,150885.0
census_tract,gemma-4-12b,3057400,41,0.5407,48,92813.0
census_tract,gemma-4-12b,3057500,32,0.1875,46,128804.0
census_tract,gemma-4-12b,3057600,22,0.0758,31,98750.0
census_tract,gemma-4-12b,3057800,29,0.7414,39,61919.0
census_tract,gemma-4-12b,3057901,71,-0.1479,98,141754.0
census_tract,gemma-4-12b,3057902,45,-0.7259,62,
census_tract,gemma-4-12b,3058000,29,0.069,43,38945.0
census_tract,gemma-4-12b,3058200,33,0.2879,40,60811.0
census_tract,gemma-4-12b,3058400,48,0.0174,62,70870.0
census_tract,gemma-4-12b,3058600,50,-0.1467,62,70167.0
census_tract,gemma-4-12b,3058800,32,0.0938,47,96838.0
census_tract,gemma-4-12b,3058901,38,-0.4693,53,114659.0
census_tract,gemma-4-12b,3058902,12,-1.4167,16,
census_tract,gemma-4-12b,3059000,42,0.3095,58,103619.0
census_tract,gemma-4-12b,3059100,22,0.3182,24,133795.0
census_tract,gemma-4-12b,3059200,42,0.1746,50,61944.0
census_tract,gemma-4-12b,3059300,51,-0.1275,69,110625.0
census_tract,gemma-4-12b,3059402,71,0.284,100,68625.0
census_tract,gemma-4-12b,3059403,52,0.2083,80,67232.0
census_tract,gemma-4-12b,3059404,44,0.1042,60,65520.0
census_tract,gemma-4-12b,3059600,34,0.0098,45,56757.0
census_tract,gemma-4-12b,3059800,57,0.0117,74,81051.0
census_tract,gemma-4-12b,3060000,86,0.218,119,75671.0
census_tract,gemma-4-12b,3060600,47,0.1206,57,76080.0
census_tract,gemma-4-12b,3060800,224,-0.221,289,73546.0
census_tract,gemma-4-12b,3061002,26,0.4179,41,71944.0
census_tract,gemma-4-12b,3061003,23,0.2609,28,51054.0
census_tract,gemma-4-12b,3061004,49,0.034,70,40931.0
census_tract,gemma-4-12b,3061200,41,0.2846,56,141094.0
census_tract,gemma-4-12b,3061600,54,0.125,72,183095.0
census_tract,gemma-4-12b,3062000,61,0.1475,73,111932.0
census_tract,gemma-4-12b,3062200,75,-0.0889,103,68821.0
census_tract,gemma-4-12b,3062600,62,0.0565,82,67218.0
census_tract,gemma-4-12b,3062800,218,-0.145,306,110377.0
census_tract,gemma-4-12b,3063200,25,0.3,37,82941.0
census_tract,gemma-4-12b,3063600,27,0.1296,33,148056.0
census_tract,gemma-4-12b,3063800,36,0.4491,51,82188.0
census_tract,gemma-4-12b,3064000,22,0.4091,31,143214.0
census_tract,gemma-4-12b,3064200,53,0.2547,69,75735.0
census_tract,gemma-4-12b,3064400,54,0.1543,67,79259.0
census_tract,gemma-4-12b,3064600,25,0.312,37,99067.0
census_tract,gemma-4-12b,3064800,29,0.2701,35,111406.0
census_tract,gemma-4-12b,3065000,45,-0.1704,61,92673.0
census_tract,gemma-4-12b,3065200,36,0.2917,47,94000.0
census_tract,gemma-4-12b,3065400,32,0.5938,46,118000.0
census_tract,gemma-4-12b,3065600,34,0.3775,42,126607.0
census_tract,gemma-4-12b,3065800,26,0.3013,34,92014.0
census_tract,gemma-4-12b,3066000,30,0.2778,40,151719.0
census_tract,gemma-4-12b,3066200,62,-0.172,84,61083.0
census_tract,gemma-4-12b,3066600,261,-0.825,360,
census_tract,gemma-4-12b,3067000,56,0.0714,70,91979.0
census_tract,gemma-4-12b,3067200,34,-0.3039,51,84280.0
census_tract,gemma-4-12b,3067400,46,-0.163,61,126705.0
census_tract,gemma-4-12b,3067600,40,0.1167,48,97750.0
census_tract,gemma-4-12b,3067800,28,-0.0476,39,84612.0
census_tract,gemma-4-12b,3068000,35,0.0286,46,114904.0
census_tract,gemma-4-12b,3068200,52,-0.141,68,102000.0
census_tract,gemma-4-12b,3068600,34,-0.152,43,112646.0
census_tract,gemma-4-12b,3068800,29,0.1264,43,98750.0
census_tract,gemma-4-12b,3069000,31,-0.129,39,137650.0
census_tract,gemma-4-12b,3069200,47,-0.0355,65,104712.0
census_tract,gemma-4-12b,3069601,69,-0.1546,102,101760.0
census_tract,gemma-4-12b,3069602,146,0.0742,200,119451.0
census_tract,gemma-4-12b,3069800,67,-0.1816,83,128194.0
census_tract,gemma-4-12b,3070000,44,-0.1553,62,95331.0
census_tract,gemma-4-12b,3070201,167,0.3054,216,130174.0
census_tract,gemma-4-12b,3070202,216,-1.1659,284,
census_tract,gemma-4-12b,3070601,106,0.0157,137,148214.0
census_tract,gemma-4-12b,3070602,96,-0.9618,120,
census_tract,gemma-4-12b,3072000,44,-0.2197,56,76912.0
census_tract,gemma-4-12b,3072200,47,-0.1809,67,
census_tract,gemma-4-12b,3072400,68,-0.2132,91,69263.0
census_tract,gemma-4-12b,3072600,52,0.2788,68,97292.0
census_tract,gemma-4-12b,3072800,37,0.0991,42,62333.0
census_tract,gemma-4-12b,3073000,56,0.3542,73,132227.0
census_tract,gemma-4-12b,3073200,45,0.0722,61,85846.0
census_tract,gemma-4-12b,3073400,32,0.4948,40,138750.0
census_tract,gemma-4-12b,3073600,58,0.0948,74,82358.0
census_tract,gemma-4-12b,3073800,71,0.0634,92,73125.0
census_tract,gemma-4-12b,3074000,23,0.2391,30,68125.0
census_tract,gemma-4-12b,3074200,31,0.3817,44,80240.0
census_tract,gemma-4-12b,3074400,28,0.244,39,140391.0
census_tract,gemma-4-12b,3074600,39,0.0043,57,113750.0
census_tract,gemma-4-12b,3074800,39,0.3654,50,82266.0
census_tract,gemma-4-12b,3075000,38,0.5921,48,103125.0
census_tract,gemma-4-12b,3075200,32,0.7396,43,141250.0
census_tract,gemma-4-12b,3075400,26,0.7436,36,115851.0
census_tract,gemma-4-12b,3075600,26,0.5385,34,77273.0
census_tract,gemma-4-12b,3075800,39,0.5085,48,69662.0
census_tract,gemma-4-12b,3076000,36,0.2731,50,75174.0
census_tract,gemma-4-12b,3076200,28,0.5119,40,54725.0
census_tract,gemma-4-12b,3076400,26,0.6026,36,81813.0
census_tract,gemma-4-12b,3076600,22,0.4318,31,95563.0
census_tract,gemma-4-12b,3076800,46,-0.1051,66,73125.0
census_tract,gemma-4-12b,3077000,39,0.4274,51,76921.0
census_tract,gemma-4-12b,3077200,55,0.5182,70,80855.0
census_tract,gemma-4-12b,3077400,35,0.3286,48,72488.0
census_tract,gemma-4-12b,3077600,36,0.1019,50,71983.0
census_tract,gemma-4-12b,3078000,38,0.3904,52,138611.0
census_tract,gemma-4-12b,3078200,32,0.4948,43,69558.0
census_tract,gemma-4-12b,3078400,13,0.4103,19,99653.0
census_tract,gemma-4-12b,3078601,30,0.35,45,87614.0
census_tract,gemma-4-12b,3078602,16,0.625,18,69615.0
census_tract,gemma-4-12b,3078801,23,0.1739,31,55984.0
census_tract,gemma-4-12b,3078802,14,0.3214,18,55179.0
census_tract,gemma-4-12b,3079001,14,0.9524,20,67857.0
census_tract,gemma-4-12b,3079002,23,0.4565,35,57672.0
census_tract,gemma-4-12b,3079201,33,0.2828,47,88162.0
census_tract,gemma-4-12b,3079202,29,0.1034,40,85833.0
census_tract,gemma-4-12b,3079400,47,0.3262,63,128295.0
census_tract,gemma-4-12b,3079601,15,0.5556,21,81629.0
census_tract,gemma-4-12b,3079602,23,0.0652,27,77370.0
census_tract,gemma-4-12b,3079801,29,0.5517,46,94375.0
census_tract,gemma-4-12b,3079802,21,0.6667,25,100438.0
census_tract,gemma-4-12b,3080000,19,0.4912,28,95769.0
census_tract,gemma-4-12b,3080200,34,0.4657,54,98942.0
census_tract,gemma-4-12b,3080400,30,0.2556,37,58413.0
census_tract,gemma-4-12b,3080600,30,-0.1667,37,66632.0
census_tract,gemma-4-12b,3080800,47,0.0567,59,13337.0
census_tract,gemma-4-12b,3081000,28,-0.1905,37,88490.0
census_tract,gemma-4-12b,3081400,33,0.3333,40,86705.0
census_tract,gemma-4-12b,3081600,21,0.1825,31,92784.0
census_tract,gemma-4-12b,3081800,21,0.2857,33,76607.0
census_tract,gemma-4-12b,3082000,17,0.402,24,56250.0
census_tract,gemma-4-12b,3082200,32,0.2292,45,85645.0
census_tract,gemma-4-12b,3082400,32,0.0469,39,57204.0
census_tract,gemma-4-12b,3082600,43,-0.0698,55,72543.0
census_tract,gemma-4-12b,3082800,30,0.4,39,61313.0
census_tract,gemma-4-12b,3083000,33,0.5303,43,83690.0
census_tract,gemma-4-12b,3083200,30,0.4,32,100161.0
census_tract,gemma-4-12b,3083400,28,0.4643,31,121000.0
census_tract,gemma-4-12b,3083600,36,-0.2176,57,96094.0
census_tract,gemma-4-12b,3083800,41,0.1057,57,62950.0
census_tract,gemma-4-12b,3084000,35,-0.3619,49,81058.0
census_tract,gemma-4-12b,3084600,52,-0.0224,77,78304.0
census_tract,gemma-4-12b,3084800,24,0.0208,35,86012.0
census_tract,gemma-4-12b,3085000,48,0.2917,65,124219.0
census_tract,gemma-4-12b,3085200,10,0.15,11,
census_tract,gemma-4-12b,3085400,39,0.5043,53,78828.0
census_tract,gemma-4-12b,3085600,22,0.1818,27,79107.0
census_tract,gemma-4-12b,3085800,15,0.4333,17,83640.0
census_tract,gemma-4-12b,3086000,28,0.375,34,77955.0
census_tract,gemma-4-12b,3086200,37,0.2423,51,50438.0
census_tract,gemma-4-12b,3086400,59,-0.2429,84,71016.0
census_tract,gemma-4-12b,3086600,28,0.4821,37,79508.0
census_tract,gemma-4-12b,3086800,32,-0.125,42,45764.0
census_tract,gemma-4-12b,3087000,36,0.4491,50,61136.0
census_tract,gemma-4-12b,3087200,28,0.3929,41,67650.0
census_tract,gemma-4-12b,3087401,16,0.0,18,37207.0
census_tract,gemma-4-12b,3087600,26,-0.141,36,48125.0
census_tract,gemma-4-12b,3087800,32,-0.3594,40,56633.0
census_tract,gemma-4-12b,3088001,18,-0.2778,22,42351.0
census_tract,gemma-4-12b,3088002,20,0.1,23,73750.0
census_tract,gemma-4-12b,3088200,37,0.1486,48,50754.0
census_tract,gemma-4-12b,3088400,36,0.2407,51,38594.0
census_tract,gemma-4-12b,3088600,59,0.113,75,57674.0
census_tract,gemma-4-12b,3088800,71,-0.0094,89,55053.0
census_tract,gemma-4-12b,3089000,79,0.1814,110,72535.0
census_tract,gemma-4-12b,3089200,45,0.263,63,
census_tract,gemma-4-12b,3089400,37,0.5225,55,63125.0
census_tract,gemma-4-12b,3089600,26,-0.0385,29,
census_tract,gemma-4-12b,3089800,36,0.3519,47,66976.0
census_tract,gemma-4-12b,3090000,65,-0.0179,94,20500.0
census_tract,gemma-4-12b,3090200,24,-0.0139,31,42612.0
census_tract,gemma-4-12b,3090600,29,0.6322,38,27908.0
census_tract,gemma-4-12b,3090800,74,-0.2455,105,44875.0
census_tract,gemma-4-12b,3091000,42,-0.1667,58,22321.0
census_tract,gemma-4-12b,3091200,16,0.0312,21,36899.0
census_tract,gemma-4-12b,3091600,33,-0.1212,37,44825.0
census_tract,gemma-4-12b,3091800,40,-0.0,47,45942.0
census_tract,gemma-4-12b,3092000,54,-0.1235,73,44978.0
census_tract,gemma-4-12b,3092200,52,-0.0833,69,50994.0
census_tract,gemma-4-12b,3092400,43,0.3605,60,37271.0
census_tract,gemma-4-12b,3092800,36,-0.25,45,82250.0
census_tract,gemma-4-12b,3093000,28,-0.256,41,105848.0
census_tract,gemma-4-12b,3093200,61,-0.4372,80,
census_tract,gemma-4-12b,3093400,59,0.1384,80,73321.0
census_tract,gemma-4-12b,3093600,33,0.1717,43,79773.0
census_tract,gemma-4-12b,3093800,28,0.4107,42,61827.0
census_tract,gemma-4-12b,3094401,113,-0.1519,135,82500.0
census_tract,gemma-4-12b,3094402,12,0.0417,14,24676.0
census_tract,gemma-4-12b,3094600,78,0.0235,106,93667.0
census_tract,gemma-4-12b,3095000,51,0.085,68,90083.0
census_tract,gemma-4-12b,3095400,65,-0.2154,87,108309.0
census_tract,gemma-4-12b,3095600,71,-0.1714,95,85603.0
census_tract,gemma-4-12b,3095800,47,0.0957,61,66452.0
census_tract,gemma-4-12b,3096000,61,-0.5956,91,
census_tract,gemma-4-12b,3096200,53,-0.1321,68,73750.0
census_tract,gemma-4-12b,3096400,31,0.328,43,79934.0
census_tract,gemma-4-12b,3096600,34,0.2588,43,76174.0
census_tract,gemma-4-12b,3096800,32,0.2188,42,106250.0
census_tract,gemma-4-12b,3097000,32,-0.0677,44,108864.0
census_tract,gemma-4-12b,3097400,52,-0.0064,69,88688.0
census_tract,gemma-4-12b,3098200,42,0.0595,55,25125.0
census_tract,gemma-4-12b,3098400,33,0.0909,37,102200.0
census_tract,gemma-4-12b,3098600,34,0.0637,53,95508.0
census_tract,gemma-4-12b,3098800,36,0.0417,49,81985.0
census_tract,gemma-4-12b,3099000,42,0.0278,62,95326.0
census_tract,gemma-4-12b,3099200,40,0.2208,53,95597.0
census_tract,gemma-4-12b,3099400,17,0.2353,23,92738.0
census_tract,gemma-4-12b,3099600,61,0.4536,78,86426.0
census_tract,gemma-4-12b,3099800,55,-0.153,76,98153.0
census_tract,gemma-4-12b,3100400,33,0.2121,39,67063.0
census_tract,gemma-4-12b,3100600,21,0.127,27,120518.0
census_tract,gemma-4-12b,3100800,24,-0.0417,32,79250.0
census_tract,gemma-4-12b,3101000,30,0.1722,42,72115.0
census_tract,gemma-4-12b,3101200,28,-0.119,37,96726.0
census_tract,gemma-4-12b,3101400,25,0.2933,39,67961.0
census_tract,gemma-4-12b,3101600,25,0.2533,37,179803.0
census_tract,gemma-4-12b,3101800,47,0.1348,67,101996.0
census_tract,gemma-4-12b,3102000,30,0.0944,39,138672.0
census_tract,gemma-4-12b,3102200,43,0.0426,54,84063.0
census_tract,gemma-4-12b,3102400,32,-0.1146,44,72955.0
census_tract,gemma-4-12b,3102600,37,0.2613,50,89055.0
census_tract,gemma-4-12b,3102801,32,-0.151,46,47063.0
census_tract,gemma-4-12b,3102802,87,-0.7567,110,
census_tract,gemma-4-12b,3103401,18,-0.2222,22,17853.0
census_tract,gemma-4-12b,3103402,73,-0.7877,98,
census_tract,gemma-4-12b,3105801,77,-0.2143,103,20988.0
census_tract,gemma-4-12b,3105804,83,-0.245,108,38380.0
census_tract,gemma-4-12b,3107001,281,-0.4214,371,62028.0
census_tract,gemma-4-12b,3107002,45,-0.9667,57,
census_tract,gemma-4-12b,3107003,23,-0.4928,35,
census_tract,gemma-4-12b,3107800,97,-0.2199,125,85947.0
census_tract,gemma-4-12b,3109800,141,-0.529,191,71635.0
census_tract,gemma-4-12b,3110400,227,-0.1924,317,72229.0
census_tract,gemma-4-12b,3110600,15,0.45,19,26536.0
census_tract,gemma-4-12b,3111000,21,0.0476,24,35174.0
census_tract,gemma-4-12b,3111600,123,-0.2676,169,71021.0
census_tract,gemma-4-12b,3111800,23,0.1304,33,66838.0
census_tract,gemma-4-12b,3112000,35,0.1952,47,72167.0
census_tract,gemma-4-12b,3112200,34,-0.0833,47,44188.0
census_tract,gemma-4-12b,3112400,30,0.1778,42,65472.0
census_tract,gemma-4-12b,3112600,40,0.2667,61,52039.0
census_tract,gemma-4-12b,3112800,40,0.0917,56,50426.0
census_tract,gemma-4-12b,3113000,33,0.3283,44,51938.0
census_tract,gemma-4-12b,3113200,49,-0.2143,61,46812.0
census_tract,gemma-4-12b,3113400,38,-0.3333,57,47994.0
census_tract,gemma-4-12b,3114201,99,-0.0875,132,39531.0
census_tract,gemma-4-12b,3114202,32,0.2188,47,57826.0
census_tract,gemma-4-12b,3114400,103,-0.3892,135,82422.0
census_tract,gemma-4-12b,3114600,29,0.1839,38,82228.0
census_tract,gemma-4-12b,3115000,32,0.1302,42,71044.0
census_tract,gemma-4-12b,3115200,27,0.1852,38,58542.0
census_tract,gemma-4-12b,3115600,39,0.1026,50,
census_tract,gemma-4-12b,3115800,28,0.5744,45,80091.0
census_tract,gemma-4-12b,3116000,31,0.2419,38,63839.0
census_tract,gemma-4-12b,3116200,38,0.0921,44,72614.0
census_tract,gemma-4-12b,3116400,33,0.3939,41,76713.0
census_tract,gemma-4-12b,3116600,28,0.1726,40,42158.0
census_tract,gemma-4-12b,3116800,31,0.3871,38,86563.0
census_tract,gemma-4-12b,3117000,39,0.0385,48,27840.0
census_tract,gemma-4-12b,3117201,31,0.4194,43,73214.0
census_tract,gemma-4-12b,3117202,19,0.3158,30,78190.0
census_tract,gemma-4-12b,3117400,48,0.0556,68,46583.0
census_tract,gemma-4-12b,3117601,24,-0.0833,33,80882.0
census_tract,gemma-4-12b,3117602,18,-0.2407,26,86848.0
census_tract,gemma-4-12b,3117800,37,-0.0495,48,59034.0
census_tract,gemma-4-12b,3118000,40,-0.2458,60,
census_tract,gemma-4-12b,3118201,19,-0.4737,26,82976.0
census_tract,gemma-4-12b,3118202,28,0.1548,41,91802.0
census_tract,gemma-4-12b,3118400,48,0.3299,70,68093.0
census_tract,gemma-4-12b,3118600,28,0.3929,37,78971.0
census_tract,gemma-4-12b,3118800,30,0.4833,40,75394.0
census_tract,gemma-4-12b,3119000,44,-0.228,61,39733.0
census_tract,gemma-4-12b,3119200,48,0.2014,64,89286.0
census_tract,gemma-4-12b,3119400,35,0.181,46,84332.0
census_tract,gemma-4-12b,3119600,69,0.2382,98,56513.0
census_tract,gemma-4-12b,3119800,110,0.0152,146,60289.0
census_tract,gemma-4-12b,3120000,50,-0.1467,61,47031.0
census_tract,gemma-4-12b,3120200,62,0.3118,83,100559.0
census_tract,gemma-4-12b,3120801,37,0.1892,46,109091.0
census_tract,gemma-4-12b,3120802,9,0.7778,12,30853.0
census_tract,gemma-4-12b,3120803,55,-0.3273,67,45125.0
census_tract,gemma-4-12b,3121000,14,0.5,21,23136.0
census_tract,gemma-4-12b,3121400,33,-0.303,46,38094.0
census_tract,gemma-4-12b,3122000,161,-0.4384,215,83594.0
census_tract,gemma-4-12b,3123700,59,0.0881,82,55861.0
census_tract,gemma-4-12b,3150200,109,-0.211,145,132727.0
census_tract,gemma-4-12b,3152200,83,0.6847,114,215602.0
census_tract,gemma-4-12b,4000101,62,0.0,76,134304.0
census_tract,gemma-4-12b,4000102,20,-0.025,24,213135.0
census_tract,gemma-4-12b,4000103,10,-0.5,11,
census_tract,gemma-4-12b,4000104,78,-0.313,100,
census_tract,gemma-4-12b,4000200,13,-0.2154,21,84643.0
census_tract,gemma-4-12b,4000400,36,-0.0185,54,74107.0
census_tract,gemma-4-12b,4000600,28,-0.3452,36,101042.0
census_tract,gemma-4-12b,4000701,54,0.3025,70,136875.0
census_tract,gemma-4-12b,4000702,40,0.1,54,132368.0
census_tract,gemma-4-12b,4000800,22,-0.1212,28,111856.0
census_tract,gemma-4-12b,4001000,11,0.1364,14,85625.0
census_tract,gemma-4-12b,4001200,21,0.0317,30,86524.0
census_tract,gemma-4-12b,4001400,32,0.276,41,80456.0
census_tract,gemma-4-12b,4001600,19,0.4123,26,77500.0
census_tract,gemma-4-12b,4001800,25,0.2067,37,118694.0
census_tract,gemma-4-12b,4001901,26,0.5962,31,232109.0
census_tract,gemma-4-12b,4001902,44,0.2652,67,171458.0
census_tract,gemma-4-12b,4001903,108,-0.0864,142,172986.0
census_tract,gemma-4-12b,4002000,34,0.1667,44,138750.0
census_tract,gemma-4-12b,4002200,20,0.2,27,71667.0
census_tract,gemma-4-12b,4002400,18,0.2778,21,88421.0
census_tract,gemma-4-12b,4002500,26,0.1154,29,26044.0
census_tract,gemma-4-12b,4002600,19,0.3596,26,135267.0
census_tract,gemma-4-12b,4002800,38,0.2632,51,89545.0
census_tract,gemma-4-12b,4003000,16,0.1771,22,120417.0
census_tract,gemma-4-12b,4003100,24,0.0278,32,121908.0
census_tract,gemma-4-12b,4003200,26,-0.0769,36,130160.0
census_tract,gemma-4-12b,4003301,28,0.131,40,152056.0
census_tract,gemma-4-12b,4003302,43,0.062,56,80385.0
census_tract,gemma-4-12b,4003400,37,0.3874,50,74922.0
census_tract,gemma-4-12b,4003600,29,-0.1609,40,64459.0
census_tract,gemma-4-12b,4003700,16,-0.0208,19,
census_tract,gemma-4-12b,4003800,36,0.0,48,86146.0
census_tract,gemma-4-12b,4003900,18,-0.4444,23,59988.0
census_tract,gemma-4-12b,4004001,27,-0.2333,40,92500.0
census_tract,gemma-4-12b,4004002,28,-0.1429,35,49379.0
census_tract,gemma-4-12b,4004200,36,0.0463,42,67270.0
census_tract,gemma-4-12b,4004300,25,-0.4,33,26814.0
census_tract,gemma-4-12b,4004401,53,0.3396,72,61920.0
census_tract,gemma-4-12b,4004500,35,-0.1714,46,97462.0
census_tract,gemma-4-12b,4004700,17,0.5882,24,56333.0
census_tract,gemma-4-12b,4005000,5,0.2,8,
census_tract,gemma-4-12b,4005100,17,0.1471,23,90104.0
census_tract,gemma-4-12b,4005200,25,0.2267,39,76300.0
census_tract,gemma-4-12b,4005300,23,-0.0145,35,113816.0
census_tract,gemma-4-12b,4005400,77,0.2857,106,78633.0
census_tract,gemma-4-12b,4005500,22,0.1591,32,81310.0
census_tract,gemma-4-12b,4005700,18,0.3519,24,94142.0
census_tract,gemma-4-12b,4005800,93,0.1344,126,91875.0
census_tract,gemma-4-12b,4005900,22,0.3182,25,76813.0
census_tract,gemma-4-12b,4006100,22,0.5,26,106413.0
census_tract,gemma-4-12b,4006201,62,-0.1909,83,61954.0
census_tract,gemma-4-12b,4006202,232,-0.3121,309,91902.0
census_tract,gemma-4-12b,4006300,22,0.5455,29,137746.0
census_tract,gemma-4-12b,4006501,18,0.713,25,94628.0
census_tract,gemma-4-12b,4006502,13,0.9615,20,80539.0
census_tract,gemma-4-12b,4006900,25,0.3067,36,121526.0
census_tract,gemma-4-12b,4007100,19,0.2368,22,89562.0
census_tract,gemma-4-12b,4007300,13,0.1795,17,101691.0
census_tract,gemma-4-12b,4007500,9,0.5556,11,79634.0
census_tract,gemma-4-12b,4007700,17,0.5,25,139267.0
census_tract,gemma-4-12b,4007900,32,0.1979,46,111875.0
census_tract,gemma-4-12b,4008100,13,-0.2436,20,122798.0
census_tract,gemma-4-12b,4008300,20,-0.1333,26,94803.0
census_tract,gemma-4-12b,4008500,24,-0.2708,30,82708.0
census_tract,gemma-4-12b,4008600,51,0.1209,70,89667.0
census_tract,gemma-4-12b,4008700,12,0.25,20,
census_tract,gemma-4-12b,4008800,60,-0.1361,78,127313.0
census_tract,gemma-4-12b,4009100,17,0.1765,19,99070.0
census_tract,gemma-4-12b,4009400,33,-0.0081,46,73636.0
census_tract,gemma-4-12b,4009500,42,0.1786,62,127946.0
census_tract,gemma-4-12b,4009600,32,0.3125,40,124423.0
census_tract,gemma-4-12b,4009700,23,0.0652,29,121088.0
census_tract,gemma-4-12b,4009800,9,0.0,14,84458.0
census_tract,gemma-4-12b,4009900,14,-0.5,16,
census_tract,gemma-4-12b,4010000,37,0.2973,47,114327.0
census_tract,gemma-4-12b,4010100,25,0.52,36,147308.0
census_tract,gemma-4-12b,4010200,32,0.1302,49,107270.0
census_tract,gemma-4-12b,4010300,22,0.1212,31,84821.0
census_tract,gemma-4-12b,4010400,24,0.5,29,95781.0
census_tract,gemma-4-12b,4010500,39,-0.0855,51,65233.0
census_tract,gemma-4-12b,4010600,26,0.1667,38,121250.0
census_tract,gemma-4-12b,4010800,23,0.3913,33,108299.0
census_tract,gemma-4-12b,4011000,23,0.5362,29,77031.0
census_tract,gemma-4-12b,4011100,29,0.5172,32,111125.0
census_tract,gemma-4-12b,4011200,31,-0.271,42,69030.0
census_tract,gemma-4-12b,4011300,16,0.3125,20,87393.0
census_tract,gemma-4-12b,4011400,15,0.1333,20,121442.0
census_tract,gemma-4-12b,4011500,25,0.26,32,113370.0
census_tract,gemma-4-12b,4011600,14,-0.119,19,71576.0
census_tract,gemma-4-12b,4011700,26,0.3846,33,125550.0
census_tract,gemma-4-12b,4011800,22,0.3636,29,86754.0
census_tract,gemma-4-12b,4011900,15,0.4111,23,84886.0
census_tract,gemma-4-12b,4012000,14,0.1786,22,82500.0
census_tract,gemma-4-12b,4012100,10,0.3,12,108125.0
census_tract,gemma-4-12b,4012200,28,0.2381,38,118015.0
census_tract,gemma-4-12b,4012301,69,-0.1087,98,106328.0
census_tract,gemma-4-12b,4012400,21,0.5556,26,71435.0
census_tract,gemma-4-12b,4012500,64,-0.263,80,93309.0
census_tract,gemma-4-12b,4012601,27,0.1975,34,82450.0
census_tract,gemma-4-12b,4012602,11,0.053,20,79531.0
census_tract,gemma-4-12b,4012800,13,0.2333,21,103750.0
census_tract,gemma-4-12b,4013000,26,0.391,38,82708.0
census_tract,gemma-4-12b,4013200,32,0.0521,44,84452.0
census_tract,gemma-4-12b,4013400,16,-0.0208,22,77073.0
census_tract,gemma-4-12b,4013500,13,0.1538,16,103250.0
census_tract,gemma-4-12b,4013600,23,0.2029,33,86601.0
census_tract,gemma-4-12b,4013700,73,-0.2352,89,108056.0
census_tract,gemma-4-12b,4013800,17,0.5882,22,76938.0
census_tract,gemma-4-12b,4014000,32,0.276,42,117631.0
census_tract,gemma-4-12b,4014100,27,-0.642,42,100568.0
census_tract,gemma-4-12b,4014201,27,0.2593,36,70813.0
census_tract,gemma-4-12b,4014202,54,-0.4506,69,88750.0
census_tract,gemma-4-12b,4014300,16,0.1875,22,95446.0
census_tract,gemma-4-12b,4014400,23,0.2319,33,80101.0
census_tract,gemma-4-12b,4014500,14,0.2143,16,88462.0
census_tract,gemma-4-12b,4014700,10,0.3333,12,94180.0
census_tract,gemma-4-12b,4014800,21,0.3333,24,
census_tract,gemma-4-12b,4014900,22,0.4394,27,66000.0
census_tract,gemma-4-12b,4015000,16,0.3125,22,91116.0
census_tract,gemma-4-12b,4015100,14,0.1429,15,68932.0
census_tract,gemma-4-12b,4015200,37,0.0135,55,82093.0
census_tract,gemma-4-12b,4015300,19,0.3421,23,88636.0
census_tract,gemma-4-12b,4015400,18,-0.1111,22,69414.0
census_tract,gemma-4-12b,4015500,11,0.6818,17,94375.0
census_tract,gemma-4-12b,4015600,24,0.0833,26,79063.0
census_tract,gemma-4-12b,4015700,17,0.1373,25,75982.0
census_tract,gemma-4-12b,4015801,41,-0.061,52,98387.0
census_tract,gemma-4-12b,4015802,37,0.2568,43,105149.0
census_tract,gemma-4-12b,4015900,19,0.0526,22,71615.0
census_tract,gemma-4-12b,4016100,15,0.0,15,92042.0
census_tract,gemma-4-12b,4016300,31,-0.2258,41,35237.0
census_tract,gemma-4-12b,4016400,21,0.1905,26,80568.0
census_tract,gemma-4-12b,4016600,29,-0.1609,37,78108.0
census_tract,gemma-4-12b,4016800,33,0.3788,43,108173.0
census_tract,gemma-4-12b,4016900,21,0.8571,24,89679.0
census_tract,gemma-4-12b,4017000,30,0.1667,40,108229.0
census_tract,gemma-4-12b,4017101,31,-0.4677,40,
census_tract,gemma-4-12b,4017102,32,0.1042,51,184083.0
census_tract,gemma-4-12b,4017200,35,-0.1286,54,74760.0
census_tract,gemma-4-12b,4017400,26,0.5385,36,121759.0
census_tract,gemma-4-12b,4017600,30,0.2167,36,83906.0
census_tract,gemma-4-12b,4017800,24,0.0,29,90096.0
census_tract,gemma-4-12b,4017901,16,-0.0938,24,81319.0
census_tract,gemma-4-12b,4017902,67,-0.2687,93,
census_tract,gemma-4-12b,4018000,23,0.0362,31,80147.0
census_tract,gemma-4-12b,4018101,8,0.4583,11,78864.0
census_tract,gemma-4-12b,4018102,14,0.4524,23,83750.0
census_tract,gemma-4-12b,4018200,51,-0.1111,63,93043.0
census_tract,gemma-4-12b,4018300,34,0.2402,46,71891.0
census_tract,gemma-4-12b,4018401,35,0.0,42,57679.0
census_tract,gemma-4-12b,4018402,25,-0.0667,41,89766.0
census_tract,gemma-4-12b,4018501,15,0.5,24,88027.0
census_tract,gemma-4-12b,4018502,7,0.9286,9,112260.0
census_tract,gemma-4-12b,4018600,28,-0.3333,38,94840.0
census_tract,gemma-4-12b,4018700,71,-0.4812,88,89479.0
census_tract,gemma-4-12b,4018800,29,-0.408,37,84688.0
census_tract,gemma-4-12b,4018900,33,-0.3636,38,93333.0
census_tract,gemma-4-12b,4019000,24,0.25,32,87051.0
census_tract,gemma-4-12b,4019200,38,-0.4605,49,93403.0
census_tract,gemma-4-12b,4019400,65,-0.3538,85,100938.0
census_tract,gemma-4-12b,4019600,21,0.7,32,72000.0
census_tract,gemma-4-12b,4019800,35,-0.219,49,68828.0
census_tract,gemma-4-12b,4019901,59,-0.404,81,
census_tract,gemma-4-12b,4019902,91,-0.6355,120,
census_tract,gemma-4-12b,4019903,46,-1.0145,64,
census_tract,gemma-4-12b,4020200,41,-0.3049,51,
census_tract,gemma-4-12b,4020400,33,0.0455,39,63750.0
census_tract,gemma-4-12b,4020500,88,-0.6799,121,76786.0
census_tract,gemma-4-12b,4020600,20,-0.15,23,56667.0
census_tract,gemma-4-12b,4020800,63,-0.4656,83,60486.0
census_tract,gemma-4-12b,4021200,57,-0.1637,77,70776.0
census_tract,gemma-4-12b,4021400,68,-0.2022,94,87356.0
census_tract,gemma-4-12b,4021601,70,-0.579,102,92609.0
census_tract,gemma-4-12b,4021602,32,-0.3542,42,73446.0
census_tract,gemma-4-12b,4021603,11,-0.3333,15,
census_tract,gemma-4-12b,4021900,92,-0.6424,125,
census_tract,gemma-4-12b,4022001,75,-0.4933,92,86915.0
census_tract,gemma-4-12b,4022002,62,-0.2296,87,89600.0
census_tract,gemma-4-12b,4022900,67,-1.0796,84,
census_tract,gemma-4-12b,4023000,18,0.1389,21,118494.0
census_tract,gemma-4-12b,4023200,37,0.3108,50,102386.0
census_tract,gemma-4-12b,4023501,15,-0.6,19,60044.0
census_tract,gemma-4-12b,4023502,17,-0.3137,22,82676.0
census_tract,gemma-4-12b,4023600,30,0.1333,36,81557.0
census_tract,gemma-4-12b,4023800,29,0.4138,39,59938.0
census_tract,gemma-4-12b,4024000,28,0.2262,36,59421.0
census_tract,gemma-4-12b,4024300,93,-0.172,121,60880.0
census_tract,gemma-4-12b,4024500,43,-0.3198,67,62647.0
census_tract,gemma-4-12b,4024600,17,-0.3333,29,
census_tract,gemma-4-12b,4024700,33,-0.5909,42,57143.0
census_tract,gemma-4-12b,4024900,33,0.3333,37,76987.0
census_tract,gemma-4-12b,4025100,37,0.045,54,90996.0
census_tract,gemma-4-12b,4025301,27,0.6296,33,70664.0
census_tract,gemma-4-12b,4025302,22,0.3333,28,66393.0
census_tract,gemma-4-12b,4025401,26,-0.1282,35,76434.0
census_tract,gemma-4-12b,4025402,36,-0.1481,48,41822.0
census_tract,gemma-4-12b,4025500,18,-0.125,25,92260.0
census_tract,gemma-4-12b,4025700,27,0.037,41,95139.0
census_tract,gemma-4-12b,4025800,40,-0.1083,53,107442.0
census_tract,gemma-4-12b,4025900,27,0.0,30,61289.0
census_tract,gemma-4-12b,4026000,30,-0.2111,34,63565.0
census_tract,gemma-4-12b,4026100,24,-0.1528,36,79419.0
census_tract,gemma-4-12b,4026200,22,0.2273,25,83667.0
census_tract,gemma-4-12b,4026300,55,-0.3218,78,87232.0
census_tract,gemma-4-12b,4026400,39,-0.0855,60,86411.0
census_tract,gemma-4-12b,4026501,12,0.3333,14,73641.0
census_tract,gemma-4-12b,4026502,17,-0.4412,25,74643.0
census_tract,gemma-4-12b,4026600,31,-0.0753,37,55441.0
census_tract,gemma-4-12b,4026700,36,0.2176,46,58274.0
census_tract,gemma-4-12b,4026901,12,0.4167,14,58163.0
census_tract,gemma-4-12b,4026902,8,-0.125,10,53694.0
census_tract,gemma-4-12b,4027000,33,0.0101,46,110938.0
census_tract,gemma-4-12b,4027101,6,-0.5,9,54568.0
census_tract,gemma-4-12b,4027200,11,-0.1364,14,97357.0
census_tract,gemma-4-12b,4027301,12,0.3333,14,69631.0
census_tract,gemma-4-12b,4027302,12,0.3333,15,81532.0
census_tract,gemma-4-12b,4027400,26,0.0,32,65234.0
census_tract,gemma-4-12b,4027500,14,0.4167,23,66971.0
census_tract,gemma-4-12b,4027600,19,-0.1053,24,111250.0
census_tract,gemma-4-12b,4027701,5,0.0,6,67602.0
census_tract,gemma-4-12b,4027702,15,0.6,19,69521.0
census_tract,gemma-4-12b,4027800,13,-0.1538,15,51992.0
census_tract,gemma-4-12b,4027900,12,-0.125,13,81417.0
census_tract,gemma-4-12b,4028000,18,-0.0556,25,80286.0
census_tract,gemma-4-12b,4028100,25,0.28,32,86631.0
census_tract,gemma-4-12b,4028200,38,-0.0351,54,92368.0
census_tract,gemma-4-12b,4028300,19,0.4561,25,79340.0
census_tract,gemma-4-12b,4028400,54,-0.0802,65,72633.0
census_tract,gemma-4-12b,4028500,19,0.0175,22,126991.0
census_tract,gemma-4-12b,4028700,14,0.6905,22,83108.0
census_tract,gemma-4-12b,4028801,36,-0.1481,58,120234.0
census_tract,gemma-4-12b,4028802,28,0.1429,32,89653.0
census_tract,gemma-4-12b,4028803,18,0.5556,23,
census_tract,gemma-4-12b,4028900,16,0.5208,23,83870.0
census_tract,gemma-4-12b,4029100,46,-0.3562,71,53384.0
census_tract,gemma-4-12b,4029300,28,-0.244,38,70556.0
census_tract,gemma-4-12b,4029400,133,-0.2519,178,102984.0
census_tract,gemma-4-12b,4029500,30,0.1333,37,81051.0
census_tract,gemma-4-12b,4029700,88,-0.4091,105,101538.0
census_tract,gemma-4-12b,4029900,19,-0.7632,32,
census_tract,gemma-4-12b,4030600,356,-0.7074,484,111458.0
census_tract,gemma-4-12b,4030903,37,0.3266,47,75728.0
census_tract,gemma-4-12b,4030904,68,-0.3873,85,58726.0
census_tract,gemma-4-12b,4030905,25,0.2267,30,74339.0
census_tract,gemma-4-12b,4030906,36,-0.4306,50,84907.0
census_tract,gemma-4-12b,4031700,128,-0.2578,180,75591.0
census_tract,gemma-4-12b,4032000,170,-0.3559,224,100417.0
census_tract,gemma-4-12b,4032700,16,-0.1042,19,88167.0
census_tract,gemma-4-12b,4032800,57,-0.1579,76,94398.0
census_tract,gemma-4-12b,4032900,79,-0.2068,102,66573.0
census_tract,gemma-4-12b,4033000,96,-0.2873,128,105013.0
census_tract,gemma-4-12b,4033100,155,-1.0769,209,
census_tract,gemma-4-12b,4033401,62,-0.1387,84,63892.0
census_tract,gemma-4-12b,4033403,17,0.0294,22,53013.0
census_tract,gemma-4-12b,4033404,9,-0.1111,13,52574.0
census_tract,gemma-4-12b,4033405,35,0.2048,50,86065.0
census_tract,gemma-4-12b,4033700,19,0.5789,25,107750.0
census_tract,gemma-4-12b,4033900,13,0.1538,15,69755.0
census_tract,gemma-4-12b,4034700,82,-0.6663,116,77025.0
census_tract,gemma-4-12b,4035100,14,0.3095,21,85284.0
census_tract,gemma-4-12b,4035200,72,-0.0741,95,105139.0
census_tract,gemma-4-12b,4035300,26,0.2276,39,104107.0
census_tract,gemma-4-12b,4035700,112,-0.314,150,93153.0
census_tract,gemma-4-12b,4035800,76,-0.1382,108,97128.0
census_tract,gemma-4-12b,4036100,21,-0.119,32,92500.0
census_tract,gemma-4-12b,4036300,12,0.4444,16,76613.0
census_tract,gemma-4-12b,4036500,25,0.0,30,72031.0
census_tract,gemma-4-12b,4036600,53,-0.283,71,75395.0
census_tract,gemma-4-12b,4036700,38,0.4868,45,78200.0
census_tract,gemma-4-12b,4036800,43,0.0698,49,125882.0
census_tract,gemma-4-12b,4037100,28,-0.1607,35,81607.0
census_tract,gemma-4-12b,4037300,73,-0.4817,95,59821.0
census_tract,gemma-4-12b,4037502,9,0.4259,13,70625.0
census_tract,gemma-4-12b,4037600,100,-0.025,131,112955.0
census_tract,gemma-4-12b,4037700,20,0.2167,25,81797.0
census_tract,gemma-4-12b,4037900,28,0.2202,39,80927.0
census_tract,gemma-4-12b,4038100,53,0.0094,67,83654.0
census_tract,gemma-4-12b,4038301,107,-1.0436,134,
census_tract,gemma-4-12b,4038302,766,-0.8758,1041,
census_tract,gemma-4-12b,4038400,42,0.0357,56,100337.0
census_tract,gemma-4-12b,4039400,43,0.0581,62,100833.0
census_tract,gemma-4-12b,4039800,32,0.0156,39,86948.0
census_tract,gemma-4-12b,4039901,18,-0.0833,29,118319.0
census_tract,gemma-4-12b,4039902,12,-0.25,16,58640.0
census_tract,gemma-4-12b,4040000,44,0.1023,63,112560.0
census_tract,gemma-4-12b,4040102,16,0.2292,20,75660.0
census_tract,gemma-4-12b,4040200,31,0.3548,35,103214.0
census_tract,gemma-4-12b,4040301,8,0.125,13,37018.0
census_tract,gemma-4-12b,4040302,9,0.1111,15,70179.0
census_tract,gemma-4-12b,4040400,64,0.25,87,87917.0
census_tract,gemma-4-12b,4040501,15,0.6,20,102682.0
census_tract,gemma-4-12b,4040502,7,0.0,9,74091.0
census_tract,gemma-4-12b,4040701,12,0.3333,16,77944.0
census_tract,gemma-4-12b,4040702,12,-0.3194,17,99722.0
census_tract,gemma-4-12b,4040901,9,0.4444,11,83320.0
census_tract,gemma-4-12b,4040902,9,0.4074,16,84091.0
census_tract,gemma-4-12b,4041100,25,0.2,29,73899.0
census_tract,gemma-4-12b,4041300,24,0.1667,28,72519.0
census_tract,gemma-4-12b,4041400,43,0.093,58,92939.0
census_tract,gemma-4-12b,4041500,22,-0.4545,29,63411.0
census_tract,gemma-4-12b,4042400,61,0.1339,83,95855.0
census_tract,gemma-4-12b,4042600,26,-0.6282,34,
census_tract,gemma-4-12b,4042700,29,0.1149,39,70921.0
census_tract,gemma-4-12b,4043200,32,0.1875,44,92750.0
census_tract,gemma-4-12b,4043400,32,0.2083,40,95057.0
census_tract,gemma-4-12b,4043701,36,-0.2315,42,60188.0
census_tract,gemma-4-12b,4043702,21,-0.0952,27,66731.0
census_tract,gemma-4-12b,4043900,15,-0.1333,18,68922.0
census_tract,gemma-4-12b,4044000,54,-0.1173,70,67463.0
census_tract,gemma-4-12b,4044301,10,-0.2,12,36467.0
census_tract,gemma-4-12b,4044302,16,0.0625,19,62731.0
census_tract,gemma-4-12b,4044400,83,-0.2108,111,46434.0
census_tract,gemma-4-12b,4044601,18,0.5556,22,57614.0
census_tract,gemma-4-12b,4044602,34,0.0637,44,45688.0
census_tract,gemma-4-12b,4044800,18,0.3056,27,72371.0
census_tract,gemma-4-12b,4045000,48,-0.0104,69,148424.0
census_tract,gemma-4-12b,4045200,32,-0.1354,40,76071.0
census_tract,gemma-4-12b,4045400,28,0.0357,38,84100.0
census_tract,gemma-4-12b,4045500,10,0.1333,13,80100.0
census_tract,gemma-4-12b,4045600,26,0.0577,36,75357.0
census_tract,gemma-4-12b,4045700,19,-0.1579,23,82176.0
census_tract,gemma-4-12b,4045800,27,0.2654,38,79236.0
census_tract,gemma-4-12b,4045900,23,0.4348,30,72279.0
census_tract,gemma-4-12b,4046000,29,0.7098,42,57184.0
census_tract,gemma-4-12b,4046100,10,0.5,11,77000.0
census_tract,gemma-4-12b,4046200,39,0.1966,56,60647.0
census_tract,gemma-4-12b,4046300,22,-0.0606,34,75539.0
census_tract,gemma-4-12b,4046400,40,-0.2333,54,118472.0
census_tract,gemma-4-12b,4046500,14,0.4286,18,94125.0
census_tract,gemma-4-12b,4046600,30,0.3,41,76885.0
census_tract,gemma-4-12b,4046700,17,0.0588,21,77246.0
census_tract,gemma-4-12b,4046800,28,0.5595,39,83388.0
census_tract,gemma-4-12b,4046901,19,0.2105,28,73538.0
census_tract,gemma-4-12b,4046902,16,0.0,18,68353.0
census_tract,gemma-4-12b,4047000,35,0.2714,48,72955.0
census_tract,gemma-4-12b,4047100,17,0.0196,25,60616.0
census_tract,gemma-4-12b,4047200,74,0.1847,103,128274.0
census_tract,gemma-4-12b,4047300,47,0.1844,67,72441.0
census_tract,gemma-4-12b,4047500,45,0.0407,58,86271.0
census_tract,gemma-4-12b,4047600,75,-0.2578,108,115335.0
census_tract,gemma-4-12b,4047801,70,0.1286,95,56848.0
census_tract,gemma-4-12b,4047802,26,0.0256,36,116198.0
census_tract,gemma-4-12b,4047900,79,-0.1013,102,87515.0
census_tract,gemma-4-12b,4048000,34,-0.0294,44,86250.0
census_tract,gemma-4-12b,4048100,20,0.2417,27,73983.0
census_tract,gemma-4-12b,4048200,33,0.1086,48,110729.0
census_tract,gemma-4-12b,4048301,10,0.2,13,60568.0
census_tract,gemma-4-12b,4048302,18,0.3148,26,85724.0
census_tract,gemma-4-12b,4048400,58,0.3218,73,86726.0
census_tract,gemma-4-12b,4048500,33,-0.048,47,77614.0
census_tract,gemma-4-12b,4048900,68,-0.3162,90,61552.0
census_tract,gemma-4-12b,4049201,48,-0.6806,62,60797.0
census_tract,gemma-4-12b,4049202,39,0.047,55,107063.0
census_tract,gemma-4-12b,4049301,23,-0.0145,36,86429.0
census_tract,gemma-4-12b,4049302,39,-0.1538,47,59940.0
census_tract,gemma-4-12b,4049500,44,-0.6705,59,92800.0
census_tract,gemma-4-12b,4049600,40,0.275,55,91991.0
census_tract,gemma-4-12b,4049700,26,0.1538,30,86031.0
census_tract,gemma-4-12b,4049900,64,-0.3297,94,85045.0
census_tract,gemma-4-12b,4050000,40,0.1792,54,68850.0
census_tract,gemma-4-12b,4050201,24,0.0833,34,90972.0
census_tract,gemma-4-12b,4050202,19,0.0351,27,85147.0
census_tract,gemma-4-12b,4050400,39,-0.1026,53,131168.0
census_tract,gemma-4-12b,4050500,16,-0.9062,21,113438.0
census_tract,gemma-4-12b,4050600,17,0.4706,22,93000.0
census_tract,gemma-4-12b,4050700,64,-0.6094,91,84476.0
census_tract,gemma-4-12b,4050800,36,0.5069,52,77040.0
census_tract,gemma-4-12b,4051000,23,0.3623,29,85179.0
census_tract,gemma-4-12b,4051100,56,-0.3839,77,92647.0
census_tract,gemma-4-12b,4051200,63,0.3704,84,122778.0
census_tract,gemma-4-12b,4051300,25,-0.12,34,83618.0
census_tract,gemma-4-12b,4051500,45,-0.0711,63,102833.0
census_tract,gemma-4-12b,4051600,35,0.3476,44,107500.0
census_tract,gemma-4-12b,4051700,78,-0.3793,101,113125.0
census_tract,gemma-4-12b,4051800,25,0.12,27,124423.0
census_tract,gemma-4-12b,4052000,27,-0.0741,33,105163.0
census_tract,gemma-4-12b,4052100,40,0.0167,51,84009.0
census_tract,gemma-4-12b,4052200,26,0.1474,39,86818.0
census_tract,gemma-4-12b,4052400,30,0.0,34,112838.0
census_tract,gemma-4-12b,4052500,25,-0.12,32,77037.0
census_tract,gemma-4-12b,4052600,20,-0.1,23,96695.0
census_tract,gemma-4-12b,4052800,33,-0.2576,45,79542.0
census_tract,gemma-4-12b,4053000,29,0.2816,40,102381.0
census_tract,gemma-4-12b,4053100,51,-0.3333,74,73938.0
census_tract,gemma-4-12b,4053200,35,-0.1429,47,97419.0
census_tract,gemma-4-12b,4053401,38,-0.2018,49,103594.0
census_tract,gemma-4-12b,4053501,32,-0.2448,42,73042.0
census_tract,gemma-4-12b,4053502,18,-0.2778,18,
census_tract,gemma-4-12b,4053601,19,0.4474,29,
census_tract,gemma-4-12b,4053800,27,-0.0741,30,121034.0
census_tract,gemma-4-12b,4053901,62,-0.2339,84,91027.0
census_tract,gemma-4-12b,4053902,12,-0.1667,16,
census_tract,gemma-4-12b,4054000,55,-0.1303,70,102174.0
census_tract,gemma-4-12b,4054200,83,0.1225,116,94125.0
census_tract,gemma-4-12b,4054500,25,0.5067,31,66076.0
census_tract,gemma-4-12b,4054700,23,0.6522,35,119732.0
census_tract,gemma-4-12b,4054800,27,0.3395,33,84601.0
census_tract,gemma-4-12b,4054900,25,0.2933,38,104821.0
census_tract,gemma-4-12b,4055100,28,0.4405,36,80268.0
census_tract,gemma-4-12b,4055200,90,-0.3815,109,71213.0
census_tract,gemma-4-12b,4055300,28,0.2113,42,90114.0
census_tract,gemma-4-12b,4055400,38,0.0526,44,89375.0
census_tract,gemma-4-12b,4055500,30,-0.0833,35,86667.0
census_tract,gemma-4-12b,4055600,23,-0.1087,33,135052.0
census_tract,gemma-4-12b,4055700,30,0.1389,41,101636.0
census_tract,gemma-4-12b,4055800,16,0.3125,18,78672.0
census_tract,gemma-4-12b,4055900,24,-0.0208,30,70481.0
census_tract,gemma-4-12b,4056000,29,0.2184,40,139615.0
census_tract,gemma-4-12b,4056100,160,-0.5427,206,
census_tract,gemma-4-12b,4056200,31,-0.0161,41,102125.0
census_tract,gemma-4-12b,4056400,26,0.3462,34,95000.0
census_tract,gemma-4-12b,4056500,18,-0.0741,23,129647.0
census_tract,gemma-4-12b,4056600,24,0.5139,34,71974.0
census_tract,gemma-4-12b,4056700,39,0.3077,53,111477.0
census_tract,gemma-4-12b,4056800,138,-0.2089,171,101321.0
census_tract,gemma-4-12b,4057700,28,0.4107,38,75750.0
census_tract,gemma-4-12b,4057900,7,0.0476,11,76023.0
census_tract,gemma-4-12b,4058000,104,-0.1619,135,139342.0
census_tract,gemma-4-12b,4058100,23,0.6667,30,78950.0
census_tract,gemma-4-12b,4058200,75,-0.0556,96,123583.0
census_tract,gemma-4-12b,4058300,17,0.4118,24,109327.0
census_tract,gemma-4-12b,4058500,32,0.4896,42,101157.0
census_tract,gemma-4-12b,4058700,14,0.0357,17,100385.0
census_tract,gemma-4-12b,4058900,28,0.375,37,60224.0
census_tract,gemma-4-12b,4059000,19,0.4211,20,93750.0
census_tract,gemma-4-12b,4059100,14,0.5952,18,53832.0
census_tract,gemma-4-12b,4059200,39,-0.2222,53,77857.0
census_tract,gemma-4-12b,4059300,32,0.151,43,90975.0
census_tract,gemma-4-12b,4059400,32,-0.1797,45,134297.0
census_tract,gemma-4-12b,4059501,19,0.0702,29,80515.0
census_tract,gemma-4-12b,4059502,29,0.2586,38,75833.0
census_tract,gemma-4-12b,4059600,30,0.1778,38,92162.0
census_tract,gemma-4-12b,4059800,38,0.0943,49,96250.0
census_tract,gemma-4-12b,4059900,11,0.1818,17,120979.0
census_tract,gemma-4-12b,4060000,29,0.3678,39,129519.0
census_tract,gemma-4-12b,4060100,22,-0.0591,35,75811.0
census_tract,gemma-4-12b,4060300,31,0.3183,41,95909.0
census_tract,gemma-4-12b,4060600,23,-0.087,35,131250.0
census_tract,gemma-4-12b,4060701,11,0.0909,14,
census_tract,gemma-4-12b,4060800,25,0.12,32,115000.0
census_tract,gemma-4-12b,4061000,38,0.1053,58,97788.0
census_tract,gemma-4-12b,4061200,36,0.0556,42,133214.0
census_tract,gemma-4-12b,4061301,67,-0.1841,84,93669.0
census_tract,gemma-4-12b,4061400,36,0.0,47,132159.0
census_tract,gemma-4-12b,4061601,53,0.2877,70,107838.0
census_tract,gemma-4-12b,4061602,81,-0.428,107,127857.0
census_tract,gemma-4-12b,4061800,34,0.0882,49,112868.0
census_tract,gemma-4-12b,4061900,28,-0.0536,34,62083.0
census_tract,gemma-4-12b,4062000,24,-0.0042,31,129457.0
census_tract,gemma-4-12b,4062100,34,-0.0441,49,77011.0
census_tract,gemma-4-12b,4062200,78,-0.2329,106,122938.0
census_tract,gemma-4-12b,4062300,21,0.6349,27,77563.0
census_tract,gemma-4-12b,4062500,20,-0.25,25,83631.0
census_tract,gemma-4-12b,4062600,53,-0.0063,79,139602.0
census_tract,gemma-4-12b,4062700,27,0.1111,35,76439.0
census_tract,gemma-4-12b,4062900,22,0.0152,28,101097.0
census_tract,gemma-4-12b,4063000,17,-0.0588,22,120821.0
census_tract,gemma-4-12b,4063200,44,0.1818,56,107672.0
census_tract,gemma-4-12b,4063301,19,-0.0175,25,142768.0
census_tract,gemma-4-12b,4063302,16,0.625,25,102292.0
census_tract,gemma-4-12b,4063500,19,0.114,28,86219.0
census_tract,gemma-4-12b,4063700,97,-0.2268,144,91488.0
census_tract,gemma-4-12b,4063800,111,-0.215,151,164604.0
census_tract,gemma-4-12b,4063900,55,-0.1379,85,102083.0
census_tract,gemma-4-12b,4064101,14,0.0952,21,99393.0
census_tract,gemma-4-12b,4064102,150,-0.1667,187,
census_tract,gemma-4-12b,4064500,47,-0.0106,58,81250.0
census_tract,gemma-4-12b,4064600,71,0.0498,95,125875.0
census_tract,gemma-4-12b,4065000,73,0.1005,97,133482.0
census_tract,gemma-4-12b,4065401,60,-0.1931,78,104622.0
census_tract,gemma-4-12b,4065402,18,-0.0556,19,
census_tract,gemma-4-12b,4065501,33,-0.1414,50,
census_tract,gemma-4-12b,4065600,88,-0.2386,111,117800.0
census_tract,gemma-4-12b,4065702,24,0.2812,32,74821.0
census_tract,gemma-4-12b,4065703,37,0.009,54,122434.0
census_tract,gemma-4-12b,4065900,33,0.1424,42,112917.0
census_tract,gemma-4-12b,4066000,43,-0.3411,54,137843.0
census_tract,gemma-4-12b,4066100,16,-0.2188,21,116806.0
census_tract,gemma-4-12b,4066301,47,0.4858,65,92318.0
census_tract,gemma-4-12b,4066302,16,0.4688,22,
census_tract,gemma-4-12b,4066401,73,-0.8616,97,110000.0
census_tract,gemma-4-12b,4066402,41,0.1537,53,111494.0
census_tract,gemma-4-12b,4066403,33,0.0606,47,100441.0
census_tract,gemma-4-12b,4066404,28,-1.4048,38,
census_tract,gemma-4-12b,4066501,42,0.1786,53,100391.0
census_tract,gemma-4-12b,4066701,33,0.2071,44,103594.0
census_tract,gemma-4-12b,4066900,17,-0.1008,32,96484.0
census_tract,gemma-4-12b,4067100,41,0.1545,53,121266.0
census_tract,gemma-4-12b,4067700,34,0.2059,41,100313.0
census_tract,gemma-4-12b,4067900,53,0.2201,74,78538.0
census_tract,gemma-4-12b,4068000,177,-0.3828,245,133510.0
census_tract,gemma-4-12b,4068200,37,-0.4099,47,89732.0
census_tract,gemma-4-12b,4068300,57,-0.3333,75,85771.0
census_tract,gemma-4-12b,4068700,75,-0.1133,109,86193.0
census_tract,gemma-4-12b,4069000,39,0.2479,58,111464.0
census_tract,gemma-4-12b,4069300,35,-0.1048,43,57099.0
census_tract,gemma-4-12b,4069400,51,-0.2516,72,117692.0
census_tract,gemma-4-12b,4069500,32,-0.0156,39,91591.0
census_tract,gemma-4-12b,4069701,16,-0.4792,22,102500.0
census_tract,gemma-4-12b,4069702,54,0.2438,77,92489.0
census_tract,gemma-4-12b,4070300,35,0.3429,51,106250.0
census_tract,gemma-4-12b,4070700,38,0.4605,48,138237.0
census_tract,gemma-4-12b,4070900,32,0.0833,48,117375.0
census_tract,gemma-4-12b,4071100,60,0.1194,76,100149.0
census_tract,gemma-4-12b,4071303,41,0.0285,50,97563.0
census_tract,gemma-4-12b,4071304,26,0.0577,38,100238.0
census_tract,gemma-4-12b,4071305,20,0.1417,30,118409.0
census_tract,gemma-4-12b,4071306,40,0.1792,53,88329.0
census_tract,gemma-4-12b,4071600,604,-1.0837,830,
census_tract,gemma-4-12b,4071701,17,0.0882,27,67566.0
census_tract,gemma-4-12b,4071702,76,-0.5724,94,87958.0
census_tract,gemma-4-12b,4071900,24,0.0104,29,62408.0
census_tract,gemma-4-12b,4072100,23,0.1957,32,100976.0
census_tract,gemma-4-12b,4072300,56,0.625,70,181250.0
census_tract,gemma-4-12b,4072900,16,0.3333,20,104767.0
census_tract,gemma-4-12b,4073100,30,0.0389,38,170913.0
census_tract,gemma-4-12b,4073700,33,0.4571,43,151731.0
census_tract,gemma-4-12b,4073900,45,0.4815,64,116815.0
census_tract,gemma-4-12b,4074100,21,0.381,28,96894.0
census_tract,gemma-4-12b,4074300,38,0.1053,49,66972.0
census_tract,gemma-4-12b,4074500,36,-0.2639,44,63268.0
census_tract,gemma-4-12b,4074700,35,-0.0857,42,99769.0
census_tract,gemma-4-12b,4074900,38,0.5088,45,224313.0
census_tract,gemma-4-12b,4075701,39,0.2137,51,117361.0
census_tract,gemma-4-12b,4075702,38,-0.2281,53,125316.0
census_tract,gemma-4-12b,4076901,30,0.3278,45,111389.0
census_tract,gemma-4-12b,4076902,26,0.1667,37,134545.0
census_tract,gemma-4-12b,4077300,51,0.0523,66,106964.0
census_tract,gemma-4-12b,4077500,29,0.1839,41,84427.0
census_tract,gemma-4-12b,4077902,88,0.1098,128,102363.0
census_tract,gemma-4-12b,4077903,40,0.1208,54,96944.0
census_tract,gemma-4-12b,4077904,82,0.0346,115,107279.0
census_tract,gemma-4-12b,4077905,46,-0.2935,61,94000.0
census_tract,gemma-4-12b,4077906,46,0.2572,57,86324.0
census_tract,gemma-4-12b,4077907,47,0.1099,67,68226.0
census_tract,gemma-4-12b,4077908,22,-0.1136,28,79265.0
census_tract,gemma-4-12b,4078800,22,-0.1818,25,105529.0
census_tract,gemma-4-12b,4079000,34,-0.5147,49,97500.0
census_tract,gemma-4-12b,4079200,59,-0.404,81,71510.0
census_tract,gemma-4-12b,4079300,10,-0.5,11,
census_tract,gemma-4-12b,4079701,9,-0.1111,11,62173.0
census_tract,gemma-4-12b,4079702,33,0.4697,47,48147.0
census_tract,gemma-4-12b,4079900,35,-0.1333,50,48980.0
census_tract,gemma-4-12b,4080301,65,-0.1487,85,59817.0
census_tract,gemma-4-12b,4080302,102,-0.4265,138,82358.0
census_tract,gemma-4-12b,4080900,46,0.0,60,55716.0
census_tract,gemma-4-12b,4081400,59,-0.4463,74,105179.0
census_tract,gemma-4-12b,4081800,59,-0.0282,80,130457.0
census_tract,gemma-4-12b,4083700,82,-0.1309,120,70028.0
census_tract,gemma-4-12b,4083800,88,0.2206,114,100354.0
census_tract,gemma-4-12b,4084000,88,0.2568,122,87614.0
census_tract,gemma-4-12b,4084500,27,0.3704,36,29552.0
census_tract,gemma-4-12b,4084601,39,-0.1944,62,102692.0
census_tract,gemma-4-12b,4084602,188,-0.7426,257,91953.0
census_tract,gemma-4-12b,4084901,19,-0.3684,26,95551.0
census_tract,gemma-4-12b,4084902,13,0.7821,23,40901.0
census_tract,gemma-4-12b,4085300,22,0.3636,31,35985.0
census_tract,gemma-4-12b,4085500,12,0.5,16,42611.0
census_tract,gemma-4-12b,4085700,9,0.4444,13,54914.0
census_tract,gemma-4-12b,4085900,16,0.1771,21,60460.0
census_tract,gemma-4-12b,4086100,28,0.4107,33,42026.0
census_tract,gemma-4-12b,4086300,14,0.3333,22,53839.0
census_tract,gemma-4-12b,4086400,79,-0.23,109,128398.0
census_tract,gemma-4-12b,4086500,26,0.3462,33,65433.0
census_tract,gemma-4-12b,4086900,130,-0.3949,161,95469.0
census_tract,gemma-4-12b,4087100,49,0.0918,65,52250.0
census_tract,gemma-4-12b,4088400,210,-0.2651,270,96806.0
census_tract,gemma-4-12b,4088902,42,0.0516,53,59200.0
census_tract,gemma-4-12b,4088903,79,-0.4662,97,53393.0
census_tract,gemma-4-12b,4089201,265,-0.0201,364,155291.0
census_tract,gemma-4-12b,4089202,29,-0.9828,33,
census_tract,gemma-4-12b,4090700,144,-0.7512,187,101023.0
census_tract,gemma-4-12b,4091602,41,-0.9431,62,
census_tract,gemma-4-12b,4091603,33,-0.7374,47,122443.0
census_tract,gemma-4-12b,4091604,15,-0.9778,19,
census_tract,gemma-4-12b,4091800,89,-1.0478,118,
census_tract,gemma-4-12b,4091900,54,-0.196,75,106612.0
census_tract,gemma-4-12b,4092200,87,0.1341,112,175682.0
census_tract,gemma-4-12b,4092500,33,0.0556,43,64107.0
census_tract,gemma-4-12b,4092800,106,0.0338,151,162798.0
census_tract,gemma-4-12b,4092900,89,0.015,112,112324.0
census_tract,gemma-4-12b,4093401,71,0.0845,95,131471.0
census_tract,gemma-4-12b,4093402,35,-0.0571,45,107371.0
census_tract,gemma-4-12b,4093800,67,-0.4677,97,81573.0
census_tract,gemma-4-12b,4093900,61,-0.2213,81,79471.0
census_tract,gemma-4-12b,4094201,50,-0.2733,71,75966.0
census_tract,gemma-4-12b,4094202,93,-0.2276,122,56800.0
census_tract,gemma-4-12b,4094203,57,-0.2632,71,48482.0
census_tract,gemma-4-12b,4094500,157,-0.3589,220,79406.0
census_tract,gemma-4-12b,4094700,27,-0.3889,33,85819.0
census_tract,gemma-4-12b,4095400,103,-0.1392,129,82053.0
census_tract,gemma-4-12b,4096400,81,-0.2325,104,89432.0
census_tract,gemma-4-12b,4097202,21,-0.4524,27,22500.0
census_tract,gemma-4-12b,4097204,55,-0.3439,72,73180.0
census_tract,gemma-4-12b,4097205,13,-0.4359,18,21295.0
census_tract,gemma-4-12b,4097206,26,-0.5769,34,34679.0
census_tract,gemma-4-12b,4097207,12,-0.6667,16,
census_tract,gemma-4-12b,4097300,91,-0.0696,119,86008.0
census_tract,gemma-4-12b,4098100,82,-0.0122,107,129250.0
census_tract,gemma-4-12b,4098700,73,-0.0434,96,105313.0
census_tract,gemma-4-12b,4099100,152,-0.0789,222,110250.0
census_tract,gemma-4-12b,4099200,72,-0.4653,99,36736.0
census_tract,gemma-4-12b,4099701,73,-0.0822,92,93368.0
census_tract,gemma-4-12b,4099703,96,-0.2969,124,122188.0
census_tract,gemma-4-12b,4099704,74,-0.1633,101,87323.0
census_tract,gemma-4-12b,4099705,84,-0.506,109,117283.0
census_tract,gemma-4-12b,4099801,49,-0.1361,60,70278.0
census_tract,gemma-4-12b,4099802,36,-0.2917,47,41654.0
census_tract,gemma-4-12b,4099900,43,-0.1667,57,
census_tract,gemma-4-12b,4100801,37,0.1532,51,136800.0
census_tract,gemma-4-12b,4100803,57,0.2251,78,46534.0
census_tract,gemma-4-12b,4100804,43,-0.0829,67,106235.0
census_tract,gemma-4-12b,4101002,62,-0.2204,85,77188.0
census_tract,gemma-4-12b,4101003,20,0.4583,32,72254.0
census_tract,gemma-4-12b,4101004,56,0.0387,76,48236.0
census_tract,gemma-4-12b,4101700,139,-0.0108,190,110572.0
census_tract,gemma-4-12b,4102900,69,0.0411,87,102972.0
census_tract,gemma-4-12b,4103201,40,0.15,54,50123.0
census_tract,gemma-4-12b,4103202,88,0.1098,122,77069.0
census_tract,gemma-4-12b,4103300,73,0.0171,109,123810.0
census_tract,gemma-4-12b,4103900,127,-0.2231,174,76587.0
census_tract,gemma-4-12b,4104700,102,0.1846,137,66683.0
census_tract,gemma-4-12b,4105900,90,0.1454,111,109000.0
census_tract,gemma-4-12b,4107201,81,-0.358,100,111354.0
census_tract,gemma-4-12b,4107202,48,-0.7604,60,
census_tract,gemma-4-12b,4108500,54,0.0463,60,71111.0
census_tract,gemma-4-12b,4109300,129,0.093,172,125536.0
census_tract,gemma-4-12b,4109700,55,-0.0121,79,134145.0
census_tract,gemma-4-12b,4109900,55,-0.0273,76,96250.0
census_tract,gemma-4-12b,4111300,77,-0.1043,105,143917.0
census_tract,gemma-4-12b,4112300,32,0.4219,38,93194.0
census_tract,gemma-4-12b,4112900,56,0.3125,75,104688.0
census_tract,gemma-4-12b,4113300,48,0.1667,59,111094.0
census_tract,gemma-4-12b,4113900,60,0.275,72,85485.0
census_tract,gemma-4-12b,4114100,54,0.2562,72,121579.0
census_tract,gemma-4-12b,4114700,42,0.3929,53,102135.0
census_tract,gemma-4-12b,4115100,32,0.5,43,108542.0
census_tract,gemma-4-12b,4115500,23,0.3333,32,109063.0
census_tract,gemma-4-12b,4115700,42,0.4683,62,64153.0
census_tract,gemma-4-12b,4115900,25,0.32,34,61776.0
census_tract,gemma-4-12b,4116100,22,0.0136,31,43417.0
census_tract,gemma-4-12b,4116301,18,0.1111,21,65526.0
census_tract,gemma-4-12b,4116302,15,0.4667,18,53631.0
census_tract,gemma-4-12b,4116700,22,0.0909,24,62857.0
census_tract,gemma-4-12b,4117100,52,0.2115,61,78856.0
census_tract,gemma-4-12b,4117500,81,0.2202,121,78098.0
census_tract,gemma-4-12b,4118100,28,0.0536,35,100536.0
census_tract,gemma-4-12b,4118500,25,0.5067,38,67277.0
census_tract,gemma-4-12b,4118700,15,0.4333,18,71657.0
census_tract,gemma-4-12b,4118900,21,0.4921,29,56446.0
census_tract,gemma-4-12b,4119100,21,0.2302,31,68355.0
census_tract,gemma-4-12b,4119300,16,0.5,20,54273.0
census_tract,gemma-4-12b,4119500,33,0.4545,50,94010.0
census_tract,gemma-4-12b,4119900,14,0.0357,22,123519.0
census_tract,gemma-4-12b,4120100,24,0.1875,29,86125.0
census_tract,gemma-4-12b,4120300,38,0.3333,53,61000.0
census_tract,gemma-4-12b,4120500,31,0.3871,39,26563.0
census_tract,gemma-4-12b,4120701,38,0.3114,46,115750.0
census_tract,gemma-4-12b,4120702,5,-0.4,9,
census_tract,gemma-4-12b,4121100,20,0.0,25,
census_tract,gemma-4-12b,4121500,84,0.0179,111,92412.0
census_tract,gemma-4-12b,4122300,88,0.0985,118,96313.0
census_tract,gemma-4-12b,4122702,49,-0.0068,58,26161.0
census_tract,gemma-4-12b,4122703,70,-0.3,93,68089.0
census_tract,gemma-4-12b,4122704,30,-0.2667,42,82292.0
census_tract,gemma-4-12b,4124100,72,0.0301,93,96560.0
census_tract,gemma-4-12b,4124700,82,0.1463,116,118813.0
census_tract,gemma-4-12b,4125700,46,0.0652,65,107125.0
census_tract,gemma-4-12b,4126500,30,0.1889,39,146250.0
census_tract,gemma-4-12b,4126700,102,-0.1683,130,98000.0
census_tract,gemma-4-12b,4127700,140,0.1631,179,119591.0
census_tract,gemma-4-12b,4128300,234,-0.6161,316,
census_tract,gemma-4-12b,4129102,161,-0.146,211,150263.0
census_tract,gemma-4-12b,4129103,46,0.0696,59,79367.0
census_tract,gemma-4-12b,4129104,78,0.0085,104,127303.0
census_tract,gemma-4-12b,4130100,114,-0.1023,145,94854.0
census_tract,gemma-4-12b,4133300,84,0.0417,100,138602.0
census_tract,gemma-4-12b,4133900,42,-0.3095,51,129934.0
census_tract,gemma-4-12b,4134100,113,-0.0531,145,59033.0
census_tract,gemma-4-12b,4134701,69,0.1087,86,92125.0
census_tract,gemma-4-12b,4134702,80,0.1417,104,84031.0
census_tract,gemma-4-12b,4136700,112,-0.029,143,82139.0
census_tract,gemma-4-12b,4137700,85,0.2,112,99140.0
census_tract,gemma-4-12b,4138501,121,-0.0193,152,92132.0
census_tract,gemma-4-12b,4138502,194,-0.6168,266,
census_tract,gemma-4-12b,4139900,53,-0.0283,63,128000.0
census_tract,gemma-4-12b,4140300,58,-0.477,84,71842.0
census_tract,gemma-4-12b,4140901,53,-0.3742,69,130281.0
census_tract,gemma-4-12b,4140902,97,0.0876,134,120208.0
census_tract,gemma-4-12b,4141700,125,-0.0227,157,76275.0
census_tract,gemma-4-12b,4142900,61,0.1148,87,100864.0
census_tract,gemma-4-12b,4143500,56,0.2917,71,121875.0
census_tract,gemma-4-12b,4144100,37,0.3649,47,111410.0
census_tract,gemma-4-12b,4144700,55,-0.1636,76,94766.0
census_tract,gemma-4-12b,4145101,33,0.3333,41,71154.0
census_tract,gemma-4-12b,4145102,67,-0.1791,92,93523.0
census_tract,gemma-4-12b,4145900,39,0.3761,52,125962.0
census_tract,gemma-4-12b,4146300,59,-0.2797,69,87244.0
census_tract,gemma-4-12b,4146700,53,0.0755,60,106538.0
census_tract,gemma-4-12b,4147100,81,0.107,116,106615.0
census_tract,gemma-4-12b,4147900,89,0.2734,117,92045.0
census_tract,gemma-4-12b,4148300,144,0.298,210,178509.0
census_tract,gemma-4-12b,4150701,146,-0.0554,204,158875.0
census_tract,gemma-4-12b,4150702,134,-0.1604,170,107375.0
census_tract,gemma-4-12b,4152901,145,-0.3131,190,100909.0
census_tract,gemma-4-12b,4152902,146,-0.2043,193,129832.0
census_tract,gemma-4-12b,4155101,41,-0.4715,56,89931.0
census_tract,gemma-4-12b,4155103,73,0.1183,100,114526.0
census_tract,gemma-4-12b,4155104,74,0.0014,102,88882.0
census_tract,gemma-4-12b,4156700,184,-0.5516,253,59722.0
census_tract,gemma-4-12b,4157101,188,-0.0006,252,90575.0
census_tract,gemma-4-12b,4157102,76,-0.1272,97,118250.0
census_tract,gemma-4-12b,4157901,107,0.2165,132,133542.0
census_tract,gemma-4-12b,4157902,84,0.2103,113,107153.0
census_tract,gemma-4-12b,4157903,115,0.087,144,127533.0
census_tract,gemma-4-12b,4161700,88,0.0587,113,119688.0
census_tract,gemma-4-12b,4162100,108,-0.015,135,121101.0
census_tract,gemma-4-12b,5000300,125,-0.1147,148,77981.0
census_tract,gemma-4-12b,5000600,170,-0.2613,234,34492.0
census_tract,gemma-4-12b,5000700,134,0.199,175,52813.0
census_tract,gemma-4-12b,5000800,284,-0.2022,396,91438.0
census_tract,gemma-4-12b,5000900,64,0.2188,85,66208.0
census_tract,gemma-4-12b,5001100,79,0.0759,105,57368.0
census_tract,gemma-4-12b,5001700,103,0.2788,142,64006.0
census_tract,gemma-4-12b,5001800,245,-0.6448,328,67273.0
census_tract,gemma-4-12b,5002001,214,-0.7726,283,69620.0
census_tract,gemma-4-12b,5002002,356,-0.2835,462,66641.0
census_tract,gemma-4-12b,5002100,258,-0.1576,358,46667.0
census_tract,gemma-4-12b,5002700,67,-0.0224,93,45848.0
census_tract,gemma-4-12b,5002900,160,-0.126,203,50189.0
census_tract,gemma-4-12b,5003300,170,0.0578,214,95317.0
census_tract,gemma-4-12b,5003600,138,-0.5493,194,88929.0
census_tract,gemma-4-12b,5003900,113,0.028,150,103702.0
census_tract,gemma-4-12b,5004001,86,-0.1667,108,59962.0
census_tract,gemma-4-12b,5004002,42,-0.3492,58,74759.0
census_tract,gemma-4-12b,5004003,56,-0.2411,72,24896.0
census_tract,gemma-4-12b,5004004,195,-0.6034,260,120497.0
census_tract,gemma-4-12b,5004700,273,-0.0791,375,108750.0
census_tract,gemma-4-12b,5005000,240,-0.4444,314,74890.0
census_tract,gemma-4-12b,5005901,212,0.0708,279,95863.0
census_tract,gemma-4-12b,5005902,29,0.1494,44,
census_tract,gemma-4-12b,5006400,229,-0.2192,316,67946.0
census_tract,gemma-4-12b,5006700,249,0.3196,332,97432.0
census_tract,gemma-4-12b,5007001,152,-0.2478,201,78558.0
census_tract,gemma-4-12b,5007002,409,-0.4117,546,98574.0
census_tract,gemma-4-12b,5007400,203,-0.1256,263,78701.0
census_tract,gemma-4-12b,5007500,144,0.1359,199,81200.0
census_tract,gemma-4-12b,5007700,67,-0.0473,92,89961.0
census_tract,gemma-4-12b,5008100,168,0.1815,229,91274.0
census_tract,gemma-4-12b,5009601,215,-0.2504,276,105670.0
census_tract,gemma-4-12b,5009602,229,0.0397,307,89392.0
census_tract,gemma-4-12b,5009701,194,0.021,265,100996.0
census_tract,gemma-4-12b,5009702,51,0.0915,66,
census_tract,gemma-4-12b,5010500,226,0.1288,313,96607.0
census_tract,gemma-4-12b,5011201,352,-0.4804,467,92387.0
census_tract,gemma-4-12b,5011203,394,-0.2505,522,72935.0
census_tract,gemma-4-12b,5011204,94,-0.8413,118,
census_tract,gemma-4-12b,5011401,135,-0.058,173,50878.0
census_tract,gemma-4-12b,5011402,212,-0.0796,293,111058.0
census_tract,gemma-4-12b,5012100,207,0.1127,264,202699.0
census_tract,gemma-4-12b,5012200,304,0.2215,393,127824.0
census_tract,gemma-4-12b,5012500,117,0.2521,172,138000.0
census_tract,gemma-4-12b,5012804,273,-0.0647,347,97624.0
census_tract,gemma-4-12b,5012805,191,-0.5314,251,134512.0
census_tract,gemma-4-12b,5012806,241,-0.0701,331,67857.0
census_tract,gemma-4-12b,5013201,158,0.0074,202,117083.0
census_tract,gemma-4-12b,5013203,266,-0.0633,353,102750.0
census_tract,gemma-4-12b,5013204,330,-0.1823,457,108447.0
census_tract,gemma-4-12b,5013301,10,-0.1,13,33705.0
census_tract,gemma-4-12b,5013302,176,-0.0275,232,92070.0
census_tract,gemma-4-12b,5013400,307,0.0342,414,93145.0
census_tract,gemma-4-12b,5013800,453,-0.0804,601,146975.0
census_tract,gemma-4-12b,5014100,87,0.1542,112,92500.0
census_tract,gemma-4-12b,5014604,366,-0.0039,500,126950.0
census_tract,gemma-4-12b,5014605,266,0.09,365,148065.0
census_tract,gemma-4-12b,5014606,277,-0.2389,361,97247.0
census_tract,gemma-4-12b,5014607,246,-0.1028,323,130294.0
census_tract,gemma-4-12b,5014608,135,-0.0963,170,105625.0
census_tract,gemma-4-12b,5014700,290,0.0783,391,123015.0
census_tract,gemma-4-12b,5015100,322,0.1583,424,115769.0
census_tract,gemma-4-12b,5015400,96,-0.7847,124,
census_tract,gemma-4-12b,5015601,491,0.1334,637,112076.0
census_tract,gemma-4-12b,5015602,304,0.0768,409,145682.0
census_tract,gemma-4-12b,5015603,303,0.0223,408,102792.0
census_tract,gemma-4-12b,5016901,421,-0.5454,573,129583.0
census_tract,gemma-4-12b,5017005,469,-0.0118,640,100965.0
census_tract,gemma-4-12b,5017007,198,-0.0404,262,107003.0
census_tract,gemma-4-12b,5017009,391,-0.085,508,124196.0
census_tract,gemma-4-12b,5017011,252,0.1019,354,128933.0
census_tract,gemma-4-12b,5017012,333,-0.1342,454,126250.0
census_tract,gemma-4-12b,5017013,161,-0.1884,212,99914.0
census_tract,gemma-4-12b,5017014,169,-0.0039,209,112567.0
census_tract,gemma-4-12b,5017015,176,-0.2978,248,116923.0
census_tract,gemma-4-12b,5017016,278,-0.1733,358,104313.0
census_tract,gemma-4-12b,5017300,117,0.0071,153,55114.0
census_tract,gemma-4-12b,5017600,632,0.1598,825,111786.0
census_tract,gemma-4-12b,5017701,692,-0.1489,935,131719.0
census_tract,gemma-4-12b,5017702,214,0.1024,289,118743.0
census_tract,gemma-4-12b,5018100,456,-0.1754,608,98807.0
census_tract,gemma-4-12b,5018701,129,-0.2726,170,100903.0
census_tract,gemma-4-12b,5018703,174,-0.2754,229,96642.0
census_tract,gemma-4-12b,5018704,213,-0.2986,296,145432.0
census_tract,gemma-4-12b,5018901,416,-0.1214,551,136370.0
census_tract,gemma-4-12b,5018902,351,-0.3866,470,101700.0
census_tract,gemma-4-12b,5019700,106,0.3616,134,111250.0
census_tract,gemma-4-12b,5019800,845,-0.0095,1132,131496.0
census_tract,gemma-4-12b,5020100,195,0.1051,261,116591.0
census_tract,gemma-4-12b,5020701,153,-0.1492,217,58495.0
census_tract,gemma-4-12b,5020702,134,-0.01,174,46638.0
census_tract,gemma-4-12b,5020803,613,-0.1166,803,108076.0
census_tract,gemma-4-12b,5020804,442,-0.0522,574,104049.0
census_tract,gemma-4-12b,5020805,453,-0.1649,625,129939.0
census_tract,gemma-4-12b,5020806,314,-0.1571,393,98683.0
census_tract,gemma-4-12b,5021300,229,-0.1068,309,103992.0
census_tract,gemma-4-12b,5022300,145,-0.0437,188,64964.0
census_tract,gemma-4-12b,5022601,613,-0.3614,816,104385.0
census_tract,gemma-4-12b,5022602,796,-0.6611,1068,
census_tract,gemma-4-12b,5022801,261,-1.0061,374,
census_tract,gemma-4-12b,5022802,247,-0.7291,344,
census_tract,gemma-4-12b,5023100,171,-0.1251,238,86589.0
census_tract,gemma-4-12b,5023900,184,-0.1991,262,66833.0
census_tract,gemma-4-12b,5024401,445,0.0695,589,176363.0
census_tract,gemma-4-12b,5024402,331,0.0541,447,131042.0
census_tract,gemma-4-12b,5024700,162,-0.3107,209,79833.0
census_tract,gemma-4-12b,5024800,329,0.0841,436,131745.0
census_tract,gemma-4-12b,5025100,400,-0.1635,515,109494.0
census_tract,gemma-4-12b,5027301,533,-0.2824,708,116181.0
census_tract,gemma-4-12b,5027302,169,-0.1538,228,106979.0
census_tract,gemma-4-12b,5027702,565,-0.4536,747,88295.0
census_tract,gemma-4-12b,5027704,149,-0.1275,198,82315.0
census_tract,gemma-4-12b,5027705,179,0.0547,240,99803.0
census_tract,gemma-4-12b,5027706,152,-0.2457,207,60781.0
census_tract,gemma-4-12b,5027900,414,-0.2756,546,167934.0
census_tract,gemma-4-12b,5029102,997,-0.8022,1333,123393.0
census_tract,gemma-4-12b,5029104,571,-0.3532,755,97412.0
census_tract,gemma-4-12b,5029105,323,-0.2533,443,118597.0
census_tract,gemma-4-12b,5029106,138,-0.1576,192,75347.0
census_tract,gemma-4-12b,5030301,333,-0.3226,436,118913.0
census_tract,gemma-4-12b,5030302,257,-0.1237,339,89917.0
census_tract,gemma-4-12b,5031901,115,-0.279,159,51743.0
census_tract,gemma-4-12b,5031902,158,-0.2616,227,92083.0
census_tract,gemma-4-12b,5032300,319,-0.9182,433,79688.0
