unit,n,wins,unit_name,n_images,image_path,image_confidence,image_distance_ft,win_rate,shrunk_rate,base_rate
b0c4d2b6b72721d089d1b7ea01efe394,15,15,THE SCIENCE AND MEDICINE MIDDLE SCHOOL,11,/share/ju/cyclomedia/raw/brooklyn_2025_1k/W0DD0/W0DD06GS/faces/R.jpg,0.206,82.0,1.0,0.8261,0.5
82d88d26c04a968930ff3efa88100e4f,15,15,LA SCUOLA D'ITALIA-G MARCONI,8,/share/ju/cyclomedia/raw/manhattan_2025_1k/W0ECQ/W0ECQW7O/faces/B.jpg,0.208,81.0,1.0,0.8261,0.5
67ae7039f0a897e23499d8288247bfea,14,14,P.S. 133 WILLIAM A. BUTLER,12,/share/ju/cyclomedia/raw/brooklyn_2025_1k/W0DBM/W0DBM3NC/faces/B.jpg,0.072,117.0,1.0,0.8182,0.5
009e2a662c84d5fc9e5c943e34f2e3a9,14,14,ST FRANCIS DE SALES-DEAF-BROOKLYN,13,/share/ju/cyclomedia/raw/brooklyn_2025_1k/W0E8V/W0E8V1MC/faces/B.jpg,0.079,114.0,1.0,0.8182,0.5
ed5943a24880948c218c35f74de983e1,19,18,GATEWAY ACADEMY,11,/share/ju/cyclomedia/raw/si_2025_1k/W0DAI/W0DAIGEZ/faces/R.jpg,0.266,71.0,0.9474,0.8148,0.5
9f2f159e54b44de0265add20fa8c5823,13,13,P.S. 958,12,/share/ju/cyclomedia/raw/brooklyn_2025_1k/W0DCX/W0DCXP5U/faces/L.jpg,0.233,77.0,1.0,0.8095,0.5
e2a202c78488c74941320616fd6fc10b,13,13,SPENCE SCHOOL AT 93RD,10,/share/ju/cyclomedia/raw/manhattan_2025_1k/W0D9Q/W0D9QF4G/faces/B.jpg,0.217,80.0,1.0,0.8095,0.5
92f8e34b0259c1e849c171a257c90f5d,13,13,ST LUKE SCHOOL,10,/share/ju/cyclomedia/raw/queens_2025_1k/W0EFV/W0EFVPKT/faces/R.jpg,0.145,95.0,1.0,0.8095,0.5
6ceda7bda034ef10a3c681e327b8ba31,12,12,ROBERT LOUIS STEVENSON SCHOOL,5,/share/ju/cyclomedia/raw/manhattan_2025_1k/W0D5M/W0D5MJWT/faces/B.jpg,0.225,78.0,1.0,0.8,0.5
2a42ad6687657b8edee8d059698702bb,11,11,RICHMOND PREPARATORY CHARTER SCHOOL,12,/share/ju/cyclomedia/raw/si_2025_1k/W0DFA/W0DFAZ7S/faces/L.jpg,0.14,96.0,1.0,0.7895,0.5
856f0bf7b547039a40655f0ce260de8e,11,11,ARCHBISHOP MOLLOY HIGH SCHOOL,5,/share/ju/cyclomedia/raw/queens_2025_1k/W0CZQ/W0CZQ24B/faces/R.jpg,0.001,178.0,1.0,0.7895,0.5
17ca562a9be8e037caff38fc87c985a8,11,11,KIPP BRONX CHARTER SCHOOL III,13,/share/ju/cyclomedia/raw/bronx_2025_1k/W0CW3/W0CW3M0X/faces/L.jpg,0.174,88.0,1.0,0.7895,0.5
5d34212f4242ab65c8e8381802c30e7a,15,14,P.S. 087 BRONX,13,/share/ju/cyclomedia/raw/bronx_2025_1k/W0EBJ/W0EBJXO6/faces/R.jpg,0.246,75.0,0.9333,0.7826,0.5
0017f685af27e10e1961310342b81e12,10,10,FAMILY LIFE ACADEMY CHARTER SCHOOLS HIGH SCHOOL,13,/share/ju/cyclomedia/raw/bronx_2025_1k/W0E6G/W0E6GR0V/faces/F.jpg,0.2,83.0,1.0,0.7778,0.5
8065108212bdaf094e0e9218f6d71472,10,10,COBBLE HILL SCHOOL OF AMERICAN STUDIES,11,/share/ju/cyclomedia/raw/brooklyn_2025_1k/W0EGS/W0EGS11D/faces/B.jpg,0.051,126.0,1.0,0.7778,0.5
b758856bbec653860d47ed4acbac54a7,10,10,"HIGH SCHOOL FOR CONSTRUCTION TRADES, ENGINEERING AND ARCHITECTURE",13,/share/ju/cyclomedia/raw/queens_2025_1k/W0CVU/W0CVUNUM/faces/B.jpg,0.094,109.0,1.0,0.7778,0.5
1e5199547259f27fba64718aa35713ca,10,10,ST JOSEPH SCHOOL FOR THE DEAF,3,/share/ju/cyclomedia/raw/bronx_2025_1k/W0EBY/W0EBYIAY/faces/B.jpg,0.001,179.0,1.0,0.7778,0.5
a298f164489355809f864f4187c72ab6,10,10,TRINITY SCHOOL,10,/share/ju/cyclomedia/raw/manhattan_2025_1k/W0ECR/W0ECRBX0/faces/F.jpg,0.195,84.0,1.0,0.7778,0.5
fd087cade62e650f30113d8d545e0060,10,10,FAMILY SCHOOL,8,/share/ju/cyclomedia/raw/manhattan_2025_1k/W0E61/W0E610EI/faces/F.jpg,0.18,87.0,1.0,0.7778,0.5
07151a27439454e5e73283450507e144,10,10,"EASTER SEALS NY, INC- 1530 STORY AVE",9,/share/ju/cyclomedia/raw/bronx_2025_1k/W0CPP/W0CPPLTK/faces/B.jpg,0.02,146.0,1.0,0.7778,0.5
cc2afe3568fa1d5abaeceb2e3a87f72b,10,10,SOUTH BRONX CLASSICAL CHARTER SCHOOL IV,11,/share/ju/cyclomedia/raw/bronx_2025_1k/W0D1A/W0D1AX39/faces/L.jpg,0.173,87.0,1.0,0.7778,0.5
61dfc52f040bb34766b1ab53e4735bce,10,10,THE KATHLEEN GRIMM SCHOOL FOR LEADERSHIP AND SUSTAINABILITY,10,/share/ju/cyclomedia/raw/si_2025_1k/W0D8W/W0D8W0PT/faces/B.jpg,0.13,99.0,1.0,0.7778,0.5
3472a4f4e4d1311c9cff0100e7b7bf7b,10,10,KINNERET DAY SCHOOL,9,/share/ju/cyclomedia/raw/manhattan_2025_1k/W0DEK/W0DEK5VV/faces/B.jpg,0.153,93.0,1.0,0.7778,0.5
8107617f29102e30db7f5c655ca0f957,9,9,INFORMATION TECHNOLOGY HIGH SCHOOL,9,/share/ju/cyclomedia/raw/queens_2025_1k/W0CDN/W0CDN085/faces/B.jpg,0.242,75.0,1.0,0.7647,0.5
8f56397b657ccd59a42e68c3132938cb,9,9,ST GREGORY THE GREAT CATHOLIC,8,/share/ju/cyclomedia/raw/queens_2025_1k/W0DIP/W0DIPESE/faces/B.jpg,0.174,88.0,1.0,0.7647,0.5
747b1197168c25be2db2fd808e954894,9,9,COOKE SCHOOL AND INSTITUTE,9,/share/ju/cyclomedia/raw/manhattan_2025_1k/W0ECT/W0ECTMP2/faces/R.jpg,0.182,87.0,1.0,0.7647,0.5
3d1ed3ef7194e9215173a803931fb4c3,9,9,ST MEL CATHOLIC ACADEMY,8,/share/ju/cyclomedia/raw/queens_2025_1k/W0D3U/W0D3UBRI/faces/F.jpg,0.081,113.0,1.0,0.7647,0.5
39f01506df455cf6ba1d3c107b505845,9,9,BRONX DEBATE ACADEMY,10,/share/ju/cyclomedia/raw/bronx_2025_1k/W0CQ3/W0CQ31KB/faces/R.jpg,0.237,76.0,1.0,0.7647,0.5
4e21abb5975825b6c8d5d5c30ffe50da,9,9,P.S. 56 THE LOUIS DESARIO SCHOOL,7,/share/ju/cyclomedia/raw/si_2025_1k/W0EDM/W0EDMMJR/faces/B.jpg,0.099,107.0,1.0,0.7647,0.5
df533a001d0c2e4dc0de5c858ddb89a9,9,9,P.S. 049 DOROTHY BONAWIT KOLE,12,/share/ju/cyclomedia/raw/queens_2025_1k/W0EH7/W0EH77TY/faces/R.jpg,0.051,126.0,1.0,0.7647,0.5
b1938845bd0747158aab1019538827df,9,9,P.S. 007 LOUIS F. SIMEONE,7,/share/ju/cyclomedia/raw/queens_2025_1k/W0CQN/W0CQNIX9/faces/B.jpg,0.237,76.0,1.0,0.7647,0.5
c2ab89b1b88ec22ebd4f2d3b43265426,9,9,"SCHOOL OF TECHNOLOGY, ARTS, AND RESEARCH",11,/share/ju/cyclomedia/raw/brooklyn_2025_1k/W0DDB/W0DDBFMJ/faces/B.jpg,0.187,86.0,1.0,0.7647,0.5
cd14fbe2b63a18121f759fe13ccdd962,9,9,GRACE CHURCH SCHOOL,8,/share/ju/cyclomedia/raw/manhattan_2025_1k/W0DEJ/W0DEJJJC/faces/L.jpg,0.028,139.0,1.0,0.7647,0.5
ecf651d089287b5356bf5fd32446c078,9,9,SAR HIGH SCHOOL,5,/share/ju/cyclomedia/raw/bronx_2025_1k/W0D2X/W0D2X726/faces/F.jpg,0.0,189.0,1.0,0.7647,0.5
1eb3dd7e7f41902435848c96cb8af7a2,9,9,DESIGN WORKS HIGH SCHOOL,10,/share/ju/cyclomedia/raw/brooklyn_2025_1k/W0D0I/W0D0IW01/faces/R.jpg,0.193,84.0,1.0,0.7647,0.5
d0f235da3a43a5a75bfe9f0541455ffc,13,12,ST THOMAS THE APOSTLE CATHOLIC ACADE,16,/share/ju/cyclomedia/raw/queens_2025_1k/W0DCR/W0DCRXFU/faces/F.jpg,0.286,68.0,0.9231,0.7619,0.5
b2e1c1a4e5a3e5626cb648c45d4bc635,13,12,CENTRAL QUEENS ACADEMY CHARTER SCHOOL II,13,/share/ju/cyclomedia/raw/queens_2025_1k/W0E5X/W0E5XZQC/faces/B.jpg,0.089,111.0,0.9231,0.7619,0.5
6b22d2e9cee61ea81731d6b9a2a8e467,13,12,P.S. 047 CHRIS GALAS,13,/share/ju/cyclomedia/raw/queens_2025_1k/W0DIN/W0DINF7U/faces/L.jpg,0.113,103.0,0.9231,0.7619,0.5
144cbc25767c88ae8060f24a0f276bd0,13,12,SAINT ANN'S SCHOOL,13,/share/ju/cyclomedia/raw/brooklyn_2025_1k/W0EEH/W0EEHVG6/faces/L.jpg,0.322,63.0,0.9231,0.7619,0.5
c468a4e2c4cbe3d86faf9b5bab81f297,13,12,ST BRIGID CATHOLIC ACADEMY,15,/share/ju/cyclomedia/raw/queens_2025_1k/W0E5O/W0E5OCAT/faces/R.jpg,0.297,66.0,0.9231,0.7619,0.5
a4fa70f42480b09728fa09574cd69be0,12,11,P.S. 204 MORRIS HEIGHTS,12,/share/ju/cyclomedia/raw/bronx_2025_1k/W0E3T/W0E3T783/faces/B.jpg,0.048,116.0,0.9167,0.75,0.5
d2a75ebe716b7271ae72a623c5805054,8,8,ST TERESA-ST RITA STREAM ACADEMY,7,/share/ju/cyclomedia/raw/si_2025_1k/W0CZX/W0CZXDG3/faces/B.jpg,0.03,138.0,1.0,0.75,0.5
928867632a86c864162cd7d543f41fa2,12,11,TREVOR DAY SCHOOL,12,/share/ju/cyclomedia/raw/manhattan_2025_1k/W0DGQ/W0DGQR8F/faces/B.jpg,0.224,77.0,0.9167,0.75,0.5
b65d657d43081f1f9a5bd51515f4052d,8,8,FRANK SINATRA SCHOOL OF THE ARTS HIGH SCHOOL,7,/share/ju/cyclomedia/raw/queens_2025_1k/W0E45/W0E45M7P/faces/L.jpg,0.037,133.0,1.0,0.75,0.5
d79ceb51f20f6e7743e494186b68f7ae,8,8,S.T.A.R. LEADERSHIP ACADEMY,12,/share/ju/cyclomedia/raw/queens_2025_1k/W0EBL/W0EBLUAO/faces/R.jpg,0.073,116.0,1.0,0.75,0.5
8faeef2d61dc1fffdf113c98a94d9b6b,8,8,CAREERS IN SPORTS HIGH SCHOOL,7,/share/ju/cyclomedia/raw/bronx_2025_1k/W0D1A/W0D1AX27/faces/R.jpg,0.006,164.0,1.0,0.75,0.5
7565019c7c9a8c80c05669eca32214e2,12,11,SPECIAL MUSIC SCHOOL,9,/share/ju/cyclomedia/raw/manhattan_2025_1k/W0D5N/W0D5NMWA/faces/F.jpg,0.215,80.0,0.9167,0.75,0.5
77cf2a0f8506c2dfda3438207981bdf5,8,8,OUR LADY OF MERCY CATHOLIC ACADEMY,9,/share/ju/cyclomedia/raw/queens_2025_1k/W0EH5/W0EH5PO3/faces/F.jpg,0.063,120.0,1.0,0.75,0.5
7d9be0e06cdea6e4fcb7ff3c8da81350,8,8,RIVERDALE / KINGSBRIDGE ACADEMY (MIDDLE SCHOOL / HIGH SCHOOL 141),5,/share/ju/cyclomedia/raw/bronx_2025_1k/W0ENE/W0ENESD2/faces/B.jpg,0.0,188.0,1.0,0.75,0.5
2ad7c89e4f3da6465b5f0e5e42b0a276,8,8,BROOKLYN LANDMARK ELEMENTARY SCHOOL,10,/share/ju/cyclomedia/raw/brooklyn_2025_1k/W0D59/W0D59HSO/faces/F.jpg,0.07,118.0,1.0,0.75,0.5
63a52ccb047900ba84943e30e2ca8a28,8,8,THE DETECTIVE WENJIAN LIU SCHOOL OF CIVICS AND ENTREPRENEURSHIP,9,/share/ju/cyclomedia/raw/brooklyn_2025_1k/W0EFM/W0EFM3LL/faces/L.jpg,0.176,83.0,1.0,0.75,0.5
756e8cfba748d8b91e591643e9222370,8,8,P.S. 212 MIDTOWN WEST,6,/share/ju/cyclomedia/raw/manhattan_2025_1k/W0ECP/W0ECPKWH/faces/B.jpg,0.046,128.0,1.0,0.75,0.5
f0cd59172d55ed91bb081c0619dbd335,8,8,A. PHILIP RANDOLPH CAMPUS HIGH SCHOOL,11,/share/ju/cyclomedia/raw/manhattan_2025_1k/W0EHK/W0EHKUIX/faces/F.jpg,0.032,137.0,1.0,0.75,0.5
aa6414fb4ef67241261cc2c075b8b53a,11,10,ST BENEDICT SCHOOL,10,/share/ju/cyclomedia/raw/bronx_2025_1k/W0EET/W0EET59T/faces/R.jpg,0.117,102.0,0.9091,0.7368,0.5
31dd8c445001661619a1e8ab0bcaaa01,11,10,PAVE ACADEMY CHARTER SCHOOL,11,/share/ju/cyclomedia/raw/brooklyn_2025_1k/W0EGP/W0EGPA8X/faces/F.jpg,0.171,89.0,0.9091,0.7368,0.5
e6357c0f7cffa3d5ce12ded73ff245a5,11,10,FORT HAMILTON HIGH SCHOOL,5,/share/ju/cyclomedia/raw/brooklyn_2025_1k/W0EE9/W0EE95D4/faces/L.jpg,0.0,188.0,0.9091,0.7368,0.5
dfdae275781c458f4a265af74bdde5d1,11,10,LEARNINGSPRING SCHOOL,11,/share/ju/cyclomedia/raw/manhattan_2025_1k/W0E5P/W0E5POYN/faces/F.jpg,0.312,64.0,0.9091,0.7368,0.5
9718a63cd4898669312ed762624712d8,11,10,ETHICAL CULTURE FIELDSTON SCHOOL,13,/share/ju/cyclomedia/raw/manhattan_2025_1k/W0CTZ/W0CTZC2H/faces/L.jpg,0.198,83.0,0.9091,0.7368,0.5
982563a72390217d9d425f9b4af9ecb7,11,10,PORT RICHMOND HIGH SCHOOL,10,/share/ju/cyclomedia/raw/si_2025_1k/W0EMB/W0EMB15U/faces/L.jpg,0.006,164.0,0.9091,0.7368,0.5
854ceff9c6d0cebcce5073ec1c2ae460,11,10,P.S. 182 SAMANTHA SMITH,9,/share/ju/cyclomedia/raw/queens_2025_1k/W0DIJ/W0DIJZBJ/faces/F.jpg,0.058,123.0,0.9091,0.7368,0.5
7510c3a0b739151ac02fdd17fc898738,14,12,NEIGHBORHOOD CHARTER SCHOOL OF HARLEM,14,/share/ju/cyclomedia/raw/manhattan_2025_1k/W0D6X/W0D6XTKX/faces/L.jpg,0.17,89.0,0.8571,0.7273,0.5
09700c1c78ad19f75cf9530805219a53,14,12,KIPP BEYOND CHARTER SCHOOL,13,/share/ju/cyclomedia/raw/manhattan_2025_1k/W0DGR/W0DGRT1W/faces/F.jpg,0.214,80.0,0.8571,0.7273,0.5
34388e66845642141584171c371b9227,10,9,YESHIVA BNOS AHAVAS ISRAEL,14,/share/ju/cyclomedia/raw/brooklyn_2025_1k/W0E8H/W0E8HY9M/faces/B.jpg,0.179,87.0,0.9,0.7222,0.5
03a99d80b975dd8bc42fab767356818a,10,9,P.S. 018 PARK TERRACE,11,/share/ju/cyclomedia/raw/manhattan_2025_1k/W0EHO/W0EHO9AR/faces/B.jpg,0.092,110.0,0.9,0.7222,0.5
2a5dad726126cedc5c73e7578e9f6089,10,9,BEACON HIGH SCHOOL,8,/share/ju/cyclomedia/raw/manhattan_2025_1k/W0ECJ/W0ECJAHL/faces/F.jpg,0.056,123.0,0.9,0.7222,0.5
6fef957d15a09780d10e0e40ff45e947,10,9,MARYMOUNT SCHOOL OF NY,6,/share/ju/cyclomedia/raw/manhattan_2025_1k/W0ECT/W0ECTLZI/faces/R.jpg,0.135,98.0,0.9,0.7222,0.5
6e172cced7501336857bc79aa0e6f8cf,10,9,RESURRECTION ASCENSION CATHOLIC,14,/share/ju/cyclomedia/raw/queens_2025_1k/W0EH7/W0EH79YJ/faces/L.jpg,0.052,125.0,0.9,0.7222,0.5
2d7501992d4c0e406550b9429c803bb5,10,9,I.S. 313 SCHOOL OF LEADERSHIP DEVELOPMENT,6,/share/ju/cyclomedia/raw/bronx_2025_1k/W0E6F/W0E6F2O0/faces/R.jpg,0.002,174.0,0.9,0.7222,0.5
b0e83eb5add27568c821f4bb7d4ddc75,10,9,BAIS YAKOV OF DKHAL ADAS YEREIM,10,/share/ju/cyclomedia/raw/brooklyn_2025_1k/W0D1D/W0D1DO7Q/faces/L.jpg,0.149,94.0,0.9,0.7222,0.5
ae5c769fee0138dd2edceb5e0a2c10b0,10,9,EAST HARLEM SCHOLARS ACADEMY CS HS,10,/share/ju/cyclomedia/raw/manhattan_2025_1k/W0ECQ/W0ECQTSU/faces/B.jpg,0.236,76.0,0.9,0.7222,0.5
0a8d701e722a5fb293df2a7774609693,10,9,"CITY POLYTECHNIC HIGH SCHOOL OF ENGINEERING, ARCHITECTURE, AND TECHNOLOGY",10,/share/ju/cyclomedia/raw/brooklyn_2025_1k/W0EEH/W0EEHVJN/faces/B.jpg,0.0,187.0,0.9,0.7222,0.5
c2440674bef3c5bc678571385f9c676e,10,9,NORTHSIDE CTR-CHILD DEVELOPMENT DAY,9,/share/ju/cyclomedia/raw/manhattan_2025_1k/W0ECQ/W0ECQRQV/faces/B.jpg,0.111,104.0,0.9,0.7222,0.5
a316b6679e4d79e1550abf7d2910feb4,10,9,NEIGHBORHOOD CHARTER SCHOOL: BRONX,13,/share/ju/cyclomedia/raw/bronx_2025_1k/W0E9D/W0E9DLEP/faces/L.jpg,0.086,112.0,0.9,0.7222,0.5
ba342b7305cb6124d8734c90c1bdaec7,10,9,HOLY CROSS HIGH SCHOOL,9,/share/ju/cyclomedia/raw/queens_2025_1k/W0EFV/W0EFVNV2/faces/R.jpg,0.04,131.0,0.9,0.7222,0.5
09d258e429dfc42176fb646c7195e60f,10,9,BARKAI YESHIVAH,8,/share/ju/cyclomedia/raw/brooklyn_2025_1k/W0EFS/W0EFSBOH/faces/L.jpg,0.202,81.0,0.9,0.7222,0.5
f9251fedaf396bd632ec57bdd98b799c,10,9,URBAN DOVE TEAM CHARTER SCHOOL IV,10,/share/ju/cyclomedia/raw/manhattan_2025_1k/W0ECT/W0ECTQLM/faces/B.jpg,0.266,71.0,0.9,0.7222,0.5
544369ea830d21826c9782035db20a00,10,9,ST PATRICK CATHOLIC ACADEMY,11,/share/ju/cyclomedia/raw/brooklyn_2025_1k/W0EEH/W0EEH2PN/faces/F.jpg,0.199,83.0,0.9,0.7222,0.5
f6faa13a48b3dee6e1c3a7b5585cae1c,10,9,ST FRANCIS OF ASSISI CATHOLIC ACA,11,/share/ju/cyclomedia/raw/brooklyn_2025_1k/W0E8V/W0E8V2CV/faces/B.jpg,0.277,70.0,0.9,0.7222,0.5
f4c331bc4f433efe7c2e78e244da1980,10,9,A.C.E. ACADEMY FOR SCHOLARS AT THE GERALDINE FERRARO CAMPUS,14,/share/ju/cyclomedia/raw/queens_2025_1k/W0EQV/W0EQVFJH/faces/B.jpg,0.038,133.0,0.9,0.7222,0.5
479e0012abb67c812d8703820738554c,10,9,P.S. 192 - THE MAGNET SCHOOL FOR MATH AND SCIENCE INQUIRY,13,/share/ju/cyclomedia/raw/brooklyn_2025_1k/W0DEJ/W0DEJBVX/faces/R.jpg,0.072,117.0,0.9,0.7222,0.5
93a56fb3b241773a4bf07f34d528885f,17,14,P.S. 101 SCHOOL IN THE GARDENS,14,/share/ju/cyclomedia/raw/queens_2025_1k/W0EH8/W0EH8EHU/faces/R.jpg,0.056,124.0,0.8235,0.72,0.5
386f3396ecfbc84df35c2df3d5a0d132,13,11,EDWARD A. REYNOLDS WEST SIDE HIGH SCHOOL,9,/share/ju/cyclomedia/raw/manhattan_2025_1k/W0DPD/W0DPDPXT/faces/F.jpg,0.157,92.0,0.8462,0.7143,0.5
02312fa9f9c190b34fd7e837ff983472,13,11,THE CLINTON SCHOOL,13,/share/ju/cyclomedia/raw/manhattan_2025_1k/W0E5P/W0E5PQWF/faces/B.jpg,0.242,74.0,0.8462,0.7143,0.5
37a700fd5454c371a6fad130cdedf236,13,11,GED - P2G - PROJECT ROUSSEAU - AHSEP,14,/share/ju/cyclomedia/raw/manhattan_2025_1k/W0CTZ/W0CTZCU0/faces/B.jpg,0.042,131.0,0.8462,0.7143,0.5
9b6bba79ab0f04edd2d7c67c75d3193b,13,11,REGIS HIGH SCHOOL,10,/share/ju/cyclomedia/raw/manhattan_2025_1k/W0ECQ/W0ECQXIL/faces/B.jpg,0.06,122.0,0.8462,0.7143,0.5
16ef95cb8890ab970c36beb75cbbf551,13,11,P.S. 188 KINGSBURY,10,/share/ju/cyclomedia/raw/queens_2025_1k/W0DIK/W0DIKY07/faces/L.jpg,0.047,128.0,0.8462,0.7143,0.5
aa2648f1743f1232100bb4c084d3b8d9,13,11,"LEADERS OF EXCELLENCE, ADVOCACY AND DISCOVERY",13,/share/ju/cyclomedia/raw/bronx_2025_1k/W0CPG/W0CPG580/faces/L.jpg,0.127,99.0,0.8462,0.7143,0.5
775b6e5e98ffb1d098bbce16a27176c9,9,8,FAMILY LIFE ACADEMY CHARTER SCHOOL II MIDDLE SCHOOL,12,/share/ju/cyclomedia/raw/bronx_2025_1k/W0D1A/W0D1AV3I/faces/B.jpg,0.256,73.0,0.8889,0.7059,0.5
5d17590122db450e1b21419fd4eeacb5,9,8,"NEW EXPLORATIONS INTO SCIENCE, TECHNOLOGY AND MATH HIGH SCHOOL",7,/share/ju/cyclomedia/raw/manhattan_2025_1k/W0DEL/W0DEL9B2/faces/L.jpg,0.016,150.0,0.8889,0.7059,0.5
5918855ca6261b220bf86c819d055fbb,9,8,ROSALYN YALOW CHARTER SCHOOL,3,/share/ju/cyclomedia/raw/bronx_2025_1k/W0CW4/W0CW4F6D/faces/B.jpg,0.004,167.0,0.8889,0.7059,0.5
476e62bc2a72803a18a8991e0002db4f,9,8,AMERICAN DREAM CHARTER SCHOOL II,12,/share/ju/cyclomedia/raw/manhattan_2025_1k/W0EHH/W0EHHQJW/faces/B.jpg,0.094,109.0,0.8889,0.7059,0.5
4d318d1f597d2faafd3d7a244a38959d,9,8,P.S. 070,10,/share/ju/cyclomedia/raw/queens_2025_1k/W0E40/W0E40R1Q/faces/L.jpg,0.047,128.0,0.8889,0.7059,0.5
f5ae90ba643814d4be9bd054941c8c45,9,8,BASIS INDEPENDENT MANHATTAN,13,/share/ju/cyclomedia/raw/manhattan_2025_1k/W0D5L/W0D5LC3X/faces/B.jpg,0.218,80.0,0.8889,0.7059,0.5
00cead5647482398fc921e848c8be6c4,9,8,THEATRE ARTS PRODUCTION COMPANY SCHOOL,13,/share/ju/cyclomedia/raw/bronx_2025_1k/W0CPO/W0CPOUSW/faces/L.jpg,0.067,119.0,0.8889,0.7059,0.5
340a07362b3dcf8daf5b8e96f5f6b29c,9,8,P.S./I.S. 266,8,/share/ju/cyclomedia/raw/queens_2025_1k/W0DIE/W0DIEQSE/faces/L.jpg,0.008,160.0,0.8889,0.7059,0.5
065695373eb162130248269259f1b771,9,8,CONG TALMIDEI MESIVTA TIFERES SHMIEL,9,/share/ju/cyclomedia/raw/brooklyn_2025_1k/W0DCR/W0DCRGVL/faces/F.jpg,0.187,86.0,0.8889,0.7059,0.5
f030669e01ef6bc5dfbb3c6821776b90,9,8,P.S. 253,10,/share/ju/cyclomedia/raw/brooklyn_2025_1k/W0DEQ/W0DEQ8KL/faces/R.jpg,0.239,76.0,0.8889,0.7059,0.5
fe3e180edbb8665033315a18c844bfb9,9,8,TAG YOUNG SCHOLARS,9,/share/ju/cyclomedia/raw/manhattan_2025_1k/W0DGQ/W0DGQOWW/faces/B.jpg,0.067,119.0,0.8889,0.7059,0.5
cd3df57d94d73550a03312b44b960c93,9,8,NEIGHBORHOOD CHARTER SCHOOL OF HARLEM 2,8,/share/ju/cyclomedia/raw/manhattan_2025_1k/W0ECN/W0ECN3ZG/faces/F.jpg,0.156,92.0,0.8889,0.7059,0.5
b260f28ccec879886802b7d9a249afae,9,8,HARRIET TUBMAN CHARTER SCHOOL JUNIOR ACADEMY,10,/share/ju/cyclomedia/raw/bronx_2025_1k/W0D2X/W0D2XKOD/faces/R.jpg,0.092,110.0,0.8889,0.7059,0.5
75f7ddede21a5880d6d0731dc7a1d21b,9,8,HEBREW LANGUAGE ACADEMY CHARTER SCHOOL 2,8,/share/ju/cyclomedia/raw/brooklyn_2025_1k/W0EJU/W0EJUDNI/faces/L.jpg,0.033,136.0,0.8889,0.7059,0.5
6f68a91ae2352696065a6c4d37b7fec8,9,8,KIPP BRONX CHARTER SCHOOL III,10,/share/ju/cyclomedia/raw/bronx_2025_1k/W0CQ3/W0CQ356I/faces/B.jpg,0.283,69.0,0.8889,0.7059,0.5
4e7e37acdacc12b8d8196629de1eccda,12,10,THE SCHOOL OF CREATIVITY AND INNOVATION,13,/share/ju/cyclomedia/raw/brooklyn_2025_1k/W0EEC/W0EECHY2/faces/B.jpg,0.262,72.0,0.8333,0.7,0.5
5dd9cd96c2bee02d83a87b4038420d43,12,10,DOS PUENTES ELEMENTARY SCHOOL,11,/share/ju/cyclomedia/raw/manhattan_2025_1k/W0DAP/W0DAPNYG/faces/F.jpg,0.061,121.0,0.8333,0.7,0.5
a2c53f44c75a59abb314414893bebe20,12,10,INTERNATIONAL LEADERSHIP CHARTER HIGH SCHOOL,12,/share/ju/cyclomedia/raw/bronx_2025_1k/W0D2W/W0D2WPXE/faces/L.jpg,0.105,102.0,0.8333,0.7,0.5
e6359ed50136578af0872fd9a61bef17,12,10,SCHOOL IN THE SQUARE HS,14,/share/ju/cyclomedia/raw/manhattan_2025_1k/W0EHP/W0EHPCVY/faces/F.jpg,0.022,144.0,0.8333,0.7,0.5
9593eb61a2d1ab6461d1b2d158177e99,8,7,DEMOCRACY PREPARATORY CHARTER SCHOOL,8,/share/ju/cyclomedia/raw/manhattan_2025_1k/W0DAK/W0DAK3OI/faces/F.jpg,0.03,138.0,0.875,0.6875,0.5
9822d18ab4a63818783cd15db9a2b977,8,7,P.S. 150 CHRISTOPHER,10,/share/ju/cyclomedia/raw/brooklyn_2025_1k/W0D28/W0D28EKN/faces/L.jpg,0.044,129.0,0.875,0.6875,0.5
992e370d45a36793c5bff51617671143,8,7,GED - P2G - BRONX REGIONAL HS,10,/share/ju/cyclomedia/raw/bronx_2025_1k/W0CWH/W0CWHWD8/faces/R.jpg,0.006,163.0,0.875,0.6875,0.5
a057541448a52875edbe098d3e5a6b49,8,7,GED - P2G - JOHN JAY COLLEGE AHSEP,9,/share/ju/cyclomedia/raw/manhattan_2025_1k/W0ECJ/W0ECJ9KP/faces/B.jpg,0.046,128.0,0.875,0.6875,0.5
c5324e006dd7e89d7f26b427fe17d441,8,7,ST JOSEPH'S SCHOOL-YORKVILLE,7,/share/ju/cyclomedia/raw/manhattan_2025_1k/W0DGQ/W0DGQS5I/faces/B.jpg,0.189,85.0,0.875,0.6875,0.5
d5f09ee0ec631544c0c2481e7871675e,8,7,UNIVERSITY NEIGHBORHOOD HIGH SCHOOL,9,/share/ju/cyclomedia/raw/manhattan_2025_1k/W0DIA/W0DIAJI4/faces/B.jpg,0.3,66.0,0.875,0.6875,0.5
c9a56b9a5c04e84a203356074cac10b3,8,7,YESHIVAT BNEI TORAH,9,/share/ju/cyclomedia/raw/queens_2025_1k/W0EF5/W0EF578X/faces/B.jpg,0.184,86.0,0.875,0.6875,0.5
cadd640768b9c8e381d67a5353e965b9,8,7,P.S. Q086,4,/share/ju/cyclomedia/raw/queens_2025_1k/W0CZF/W0CZF8YV/faces/F.jpg,0.0,191.0,0.875,0.6875,0.5
9d88c2487cff8a691a3505cafc264dc8,8,7,YESHIVA YESODE HATORAH,17,/share/ju/cyclomedia/raw/brooklyn_2025_1k/W0D55/W0D55OHU/faces/F.jpg,0.228,77.0,0.875,0.6875,0.5
17f33257593f5165b8864f53ef1aa79a,8,7,PARKSIDE SCHOOL,7,/share/ju/cyclomedia/raw/manhattan_2025_1k/W0D5M/W0D5MJWA/faces/B.jpg,0.238,76.0,0.875,0.6875,0.5
bb5dbce899e643e24eb475feff6de396,8,7,LEADERS IN OUR NEIGHBORHOOD CHS,8,/share/ju/cyclomedia/raw/bronx_2025_1k/W0E96/W0E9681Z/faces/R.jpg,0.129,99.0,0.875,0.6875,0.5
c8ddb53a01d4d48b03e33c634a7414ad,8,7,EDMUND W. GORDON BROOKLYN LABORATORY CHARTER SCHOOL,13,/share/ju/cyclomedia/raw/brooklyn_2025_1k/W0DEB/W0DEB9XN/faces/B.jpg,0.214,80.0,0.875,0.6875,0.5
3ff91467ba217f55baae2d6344e3653a,8,7,P.S. 938,7,/share/ju/cyclomedia/raw/brooklyn_2025_1k/W0E5J/W0E5JRWU/faces/B.jpg,0.077,115.0,0.875,0.6875,0.5
51d7acbda8f8185c0c7665883dbf6ae9,8,7,PROFESSIONAL CHILDRENS SCHOOL,8,/share/ju/cyclomedia/raw/manhattan_2025_1k/W0ECP/W0ECPK6P/faces/B.jpg,0.318,63.0,0.875,0.6875,0.5
548c1789a5057c728f0731faea343fcc,8,7,BRONX DELTA SCHOOL,10,/share/ju/cyclomedia/raw/bronx_2025_1k/W0D1P/W0D1PAB9/faces/L.jpg,0.046,128.0,0.875,0.6875,0.5
1cb764c11261d2396b25c5e4e44db521,8,7,BRONX HIGH SCHOOL FOR LAW AND COMMUNITY SERVICE,4,/share/ju/cyclomedia/raw/bronx_2025_1k/W0E3W/W0E3WP24/faces/B.jpg,0.0,187.0,0.875,0.6875,0.5
4eb8a1181c60d27445cc4162dcf5803d,8,7,M.S. 358,9,/share/ju/cyclomedia/raw/queens_2025_1k/W0E9G/W0E9G142/faces/L.jpg,0.048,127.0,0.875,0.6875,0.5
2efdf7da7bf0fa5618f5c0095b5330af,8,7,HORACE MANN UPPER SCHOOL,7,/share/ju/cyclomedia/raw/bronx_2025_1k/W0D2X/W0D2X7GA/faces/F.jpg,0.037,133.0,0.875,0.6875,0.5
43ba1df9205b87dd934740893a2ac656,8,7,SUCCESS ACADEMY CHARTER MS HARLEM NORTH CENTRAL,9,/share/ju/cyclomedia/raw/manhattan_2025_1k/W0EHK/W0EHKSCZ/faces/F.jpg,0.105,106.0,0.875,0.6875,0.5
52bb7161877ed3f85c3463b0a170bfe2,8,7,P.S. 084 JOSE DE DIEGO,8,/share/ju/cyclomedia/raw/brooklyn_2025_1k/W0D7Q/W0D7QYDE/faces/F.jpg,0.04,132.0,0.875,0.6875,0.5
6abe47b94e3296a48b15e9031743e10b,8,7,P.S. Q224,8,/share/ju/cyclomedia/raw/queens_2025_1k/W0DIC/W0DICN9S/faces/B.jpg,0.036,134.0,0.875,0.6875,0.5
864dab6c53ad4467555a155b5328c359,8,7,M.S. 297,9,/share/ju/cyclomedia/raw/manhattan_2025_1k/W0DG8/W0DG8QX6/faces/F.jpg,0.063,120.0,0.875,0.6875,0.5
830fe862f90d4fd2a5904bbb0080942c,8,7,LINDEN SDA ELEMENTARY SCHOOL,8,/share/ju/cyclomedia/raw/queens_2025_1k/W0DJ4/W0DJ4PUV/faces/L.jpg,0.039,132.0,0.875,0.6875,0.5
7fd0f875508917916af72a5062438af0,8,7,SMITH SCHOOL,9,/share/ju/cyclomedia/raw/manhattan_2025_1k/W0DPE/W0DPENTL/faces/F.jpg,0.156,84.0,0.875,0.6875,0.5
8e3454e18fd7258ad8ff749851dd32a5,8,7,HIGH SCHOOL FOR LAW ENFORCEMENT AND PUBLIC SAFETY,8,/share/ju/cyclomedia/raw/queens_2025_1k/W0DII/W0DIIZ1W/faces/R.jpg,0.025,142.0,0.875,0.6875,0.5
8bd30c374f9ba1bf7d962249a55c7155,8,7,UCP OF NYC -BROOKLYN,8,/share/ju/cyclomedia/raw/brooklyn_2025_1k/W0DEJ/W0DEJBYK/faces/B.jpg,0.285,68.0,0.875,0.6875,0.5
1f1206d9aa237094e1edbfac6c085c3e,8,7,P.S. 160 WILLIAM T. SAMPSON,9,/share/ju/cyclomedia/raw/brooklyn_2025_1k/W0DJ4/W0DJ4V46/faces/B.jpg,0.042,126.0,0.875,0.6875,0.5
243a2a3f95d15ce7736ad9a131b39877,8,7,P.S. 169 BAY TERRACE,8,/share/ju/cyclomedia/raw/queens_2025_1k/W0ENC/W0ENCK52/faces/F.jpg,0.132,98.0,0.875,0.6875,0.5
a5aa63d0de9da26446aa14776b7650c3,8,7,MANHATTAN COMPREHENSIVE NIGHT AND DAY HIGH SCHOOL,7,/share/ju/cyclomedia/raw/manhattan_2025_1k/W0D5O/W0D5ON8O/faces/R.jpg,0.215,80.0,0.875,0.6875,0.5
b25459e0313461ec4620ec6a1f99100c,8,7,CHURCHILL SCHOOL AND CENTER,13,/share/ju/cyclomedia/raw/manhattan_2025_1k/W0D5O/W0D5O0HJ/faces/F.jpg,0.253,73.0,0.875,0.6875,0.5
99d1c30b66bd4c0b90a833061456039a,11,9,THE RIVERSIDE SCHOOL FOR MAKERS AND ARTISTS,15,/share/ju/cyclomedia/raw/manhattan_2025_1k/W0ECJ/W0ECJ9A1/faces/B.jpg,0.059,122.0,0.8182,0.6842,0.5
600084bf84f32652338804544b89283b,11,9,CORONA ARTS & SCIENCES ACADEMY,12,/share/ju/cyclomedia/raw/queens_2025_1k/W0COP/W0COPJQ8/faces/F.jpg,0.249,74.0,0.8182,0.6842,0.5
6f09cdd52cb6e28b2eb5e8b0cd1f3f12,11,9,BROOKLYN HTS MONTESSORI SCHOOL,12,/share/ju/cyclomedia/raw/brooklyn_2025_1k/W0EEE/W0EEELOH/faces/F.jpg,0.054,124.0,0.8182,0.6842,0.5
7bced720fecd677e425cef8eac7fd259,11,9,SUCCESS ACADEMY CHARTER SCHOOL - NYC 14,11,/share/ju/cyclomedia/raw/queens_2025_1k/W0EBF/W0EBFT7X/faces/R.jpg,0.09,110.0,0.8182,0.6842,0.5
5f71cc4085e0f04c6fe734639dbf20a9,11,9,DIVINE WISDOM CATHOLIC ACADEMY,16,/share/ju/cyclomedia/raw/queens_2025_1k/W0DIE/W0DIE1VO/faces/R.jpg,0.147,94.0,0.8182,0.6842,0.5
7cb720062b43fa6dd9a959466fe03c5d,11,9,CALHOUN SCHOOL,12,/share/ju/cyclomedia/raw/manhattan_2025_1k/W0ECR/W0ECR003/faces/B.jpg,0.206,82.0,0.8182,0.6842,0.5
99e0437cb71faf95b1666283a306f5ed,11,9,THE PECK SLIP SCHOOL,11,/share/ju/cyclomedia/raw/manhattan_2025_1k/W0ELS/W0ELSMNH/faces/R.jpg,0.187,80.0,0.8182,0.6842,0.5
d0007fa34554143df6afa0af36a1adae,11,9,P.S. 254 - THE ROSA PARKS SCHOOL,12,/share/ju/cyclomedia/raw/queens_2025_1k/W0EBH/W0EBH7G6/faces/L.jpg,0.258,73.0,0.8182,0.6842,0.5
cefe8022f3ea625e7c9c1a5b5dd5b5ef,11,9,P.S./I.S. 210 - TWENTY-FIRST CENTURY ACADEMY FOR COMMUNITY LEADERSHIP,10,/share/ju/cyclomedia/raw/manhattan_2025_1k/W0EHO/W0EHOWWN/faces/R.jpg,0.164,88.0,0.8182,0.6842,0.5
07af30d3e8a69dc473e2e0414110229a,11,9,MAGEN DAVID YESHIVAH HIGH SCHOOL,10,/share/ju/cyclomedia/raw/brooklyn_2025_1k/W0DEN/W0DEN14S/faces/B.jpg,0.195,84.0,0.8182,0.6842,0.5
aa22eebcaf806e82402bfb0d4779d737,11,9,WADLEIGH SECONDARY SCHOOL FOR THE PERFORMING & VISUAL ARTS,15,/share/ju/cyclomedia/raw/manhattan_2025_1k/W0ECR/W0ECRJBS/faces/B.jpg,0.051,126.0,0.8182,0.6842,0.5
a5f84c4fdb5bc93ec1e332b851bc243f,11,9,P.S. 031 BAYSIDE,12,/share/ju/cyclomedia/raw/queens_2025_1k/W0D59/W0D5906N/faces/F.jpg,0.09,110.0,0.8182,0.6842,0.5
458e88b80f96052def9897b386813990,14,11,WORKING ORG FOR RETARDED CHILDREN,14,/share/ju/cyclomedia/raw/queens_2025_1k/W0D49/W0D49E4Y/faces/B.jpg,0.386,54.0,0.7857,0.6818,0.5
95a998b0a74bdfda1b98451a591ad850,14,11,P.S./I.S. 208,11,/share/ju/cyclomedia/raw/queens_2025_1k/W0EF3/W0EF3XGV/faces/L.jpg,0.004,168.0,0.7857,0.6818,0.5
086058a7eb3cb43e60318515d7157128,10,8,EBC HIGH SCHOOL FOR PUBLIC SERVICE - BUSHWICK,7,/share/ju/cyclomedia/raw/brooklyn_2025_1k/W0CRD/W0CRDAUA/faces/L.jpg,0.171,89.0,0.8,0.6667,0.5
1ac15161baedfb8e02ff0d71ac287b18,10,8,YESHIVA KETANA OF MANHATTAN,11,/share/ju/cyclomedia/raw/manhattan_2025_1k/W0ED2/W0ED2BHY/faces/B.jpg,0.251,74.0,0.8,0.6667,0.5
9a98d31d45e07bcab298b22ca326a3f9,10,8,J.H.S. 220 JOHN J. PERSHING,13,/share/ju/cyclomedia/raw/brooklyn_2025_1k/W0EEC/W0EECI00/faces/B.jpg,0.052,125.0,0.8,0.6667,0.5
995d9c11f2163c61ce11851190bb5f21,10,8,QUEENS EXPLORERS ELEMENTARY SCHOOL,12,/share/ju/cyclomedia/raw/queens_2025_1k/W0DCT/W0DCTQFD/faces/F.jpg,0.232,77.0,0.8,0.6667,0.5
a130f72634e55bb4e3e085ac8f4897ee,10,8,YESHIVA YAGDIL TORAH,4,/share/ju/cyclomedia/raw/brooklyn_2025_1k/W0DCB/W0DCB8NS/faces/L.jpg,0.201,83.0,0.8,0.6667,0.5
de6663e98629d376832c0cb1209322fc,13,10,ACADEMY OF AMERICAN STUDIES,11,/share/ju/cyclomedia/raw/queens_2025_1k/W0CGY/W0CGYZ0N/faces/R.jpg,0.082,113.0,0.7692,0.6667,0.5
de4adebb4a37e10f2a415d35e6e95dd8,10,8,BOBOVER YESHIVA BNEI ZION,11,/share/ju/cyclomedia/raw/brooklyn_2025_1k/W0DCR/W0DCR8FW/faces/F.jpg,0.072,117.0,0.8,0.6667,0.5
c7cb06b7e69191c4c44fd5b606d592ae,10,8,P.S. 89Q: THE JOSE PERALTA SCHOOL OF DREAMERS,11,/share/ju/cyclomedia/raw/queens_2025_1k/W0COM/W0COMB1B/faces/B.jpg,0.056,124.0,0.8,0.6667,0.5
e0bc28a4336668fbe1ce800f805364a1,13,10,P.S. 015 ROBERTO CLEMENTE,14,/share/ju/cyclomedia/raw/manhattan_2025_1k/W0ELR/W0ELR8N4/faces/F.jpg,0.28,69.0,0.7692,0.6667,0.5
375ae842cf32aa8fbb5cba15a1dd3444,10,8,P.S. 048 MAPLETON,13,/share/ju/cyclomedia/raw/brooklyn_2025_1k/W0DCB/W0DCB8JN/faces/R.jpg,0.152,93.0,0.8,0.6667,0.5
529a78b9b7d6aaab1474316f2bf8c176,10,8,KESWELL SCHOOL,13,/share/ju/cyclomedia/raw/manhattan_2025_1k/W0ELR/W0ELR7TN/faces/L.jpg,0.277,70.0,0.8,0.6667,0.5
32d48663ed35677922c8c7293eb89532,10,8,P.S. 123 SUYDAM,17,/share/ju/cyclomedia/raw/brooklyn_2025_1k/W0CRB/W0CRBA73/faces/R.jpg,0.116,103.0,0.8,0.6667,0.5
37724bb4a37df38ebeedaee2211fefb7,13,10,P.S. 065,11,/share/ju/cyclomedia/raw/brooklyn_2025_1k/W0E5H/W0E5HO4M/faces/B.jpg,0.088,111.0,0.7692,0.6667,0.5
036368ee80eb5106398e98c849595331,13,10,WASHINGTON HEIGHTS ACADEMY,16,/share/ju/cyclomedia/raw/manhattan_2025_1k/W0EHP/W0EHPCRX/faces/F.jpg,0.091,110.0,0.7692,0.6667,0.5
64d65dd8737232b3e819c34b857c1e65,19,14,SOUTH RICHMOND HIGH SCHOOL I.S./P.S. 25,9,/share/ju/cyclomedia/raw/si_2025_1k/W0EDJ/W0EDJA94/faces/B.jpg,0.008,160.0,0.7368,0.6667,0.5
595fbde6b269bc6f26f1936bc4645b48,10,8,SUCCESS ACADEMY CHARTER SCHOOL - UPPER WEST,13,/share/ju/cyclomedia/raw/manhattan_2025_1k/W0ECR/W0ECRAKF/faces/B.jpg,0.041,131.0,0.8,0.6667,0.5
2a0873fdcaf751c930ad65c12c53a7f5,10,8,P.S. 073 BRONX,9,/share/ju/cyclomedia/raw/bronx_2025_1k/W0E6G/W0E6GPMA/faces/R.jpg,0.093,109.0,0.8,0.6667,0.5
7b4c555673af659f1d8c3a9c736447e4,10,8,I.S. 051 EDWIN MARKHAM,10,/share/ju/cyclomedia/raw/si_2025_1k/W0EM2/W0EM2ANA/faces/F.jpg,0.029,139.0,0.8,0.6667,0.5
711c9ed6264ca09930f1d4dac4fc25d6,10,8,BEDFORD STUY NEW BEGINNINGS CHS,11,/share/ju/cyclomedia/raw/brooklyn_2025_1k/W0D52/W0D523QE/faces/F.jpg,0.243,75.0,0.8,0.6667,0.5
6b53a8c3d9d5ffdbc39965d546de2dda,15,11,LREI,12,/share/ju/cyclomedia/raw/manhattan_2025_1k/W0DEC/W0DECMZS/faces/B.jpg,0.222,75.0,0.7333,0.6522,0.5
81e6ae54f1e25b77128c141410b3be1c,15,11,P.S. 171 PATRICK HENRY,15,/share/ju/cyclomedia/raw/manhattan_2025_1k/W0DPD/W0DPDNDV/faces/F.jpg,0.041,131.0,0.7333,0.6522,0.5
c9b6ab463d69289787b734013f5b0ff9,15,11,COLUMBIA GRAMMAR & PREP SCHOOL,12,/share/ju/cyclomedia/raw/manhattan_2025_1k/W0D9K/W0D9KVP3/faces/F.jpg,0.232,77.0,0.7333,0.6522,0.5
8ac3f085e442f0725256236bf8a6ebcc,12,9,P.S. 161 ARTHUR ASHE SCHOOL,13,/share/ju/cyclomedia/raw/queens_2025_1k/W0CX0/W0CX0MDM/faces/R.jpg,0.041,131.0,0.75,0.65,0.5
80a56e6c01aaa4135b9e211f2c30cfbb,12,9,RUDOLF STEINER SCHOOL,12,/share/ju/cyclomedia/raw/manhattan_2025_1k/W0ECI/W0ECI39P/faces/F.jpg,0.167,90.0,0.75,0.65,0.5
a9544052dd53f8c6da56d5f40e32083c,12,9,"P.S. 128 THE LORRAINE TUZZO, JUNIPER VALLEY ELEMENTARY SCHOOL",10,/share/ju/cyclomedia/raw/queens_2025_1k/W0DCN/W0DCNIJA/faces/F.jpg,0.129,99.0,0.75,0.65,0.5
1e69bccab635ce9e1452dbc5e07e4c25,12,9,P.S. 158 BAYARD TAYLOR,13,/share/ju/cyclomedia/raw/manhattan_2025_1k/W0ECQ/W0ECQYYR/faces/B.jpg,0.067,119.0,0.75,0.65,0.5
185cc724720e45b80eeea12f0f45e01c,9,7,CENTRAL PARK EAST I,8,/share/ju/cyclomedia/raw/manhattan_2025_1k/W0ECQ/W0ECQTFN/faces/F.jpg,0.016,150.0,0.7778,0.6471,0.5
b29439857ee9899c6667ec17967e8563,9,7,P.S. 69 VINCENT D. GRIPPO SCHOOL,11,/share/ju/cyclomedia/raw/brooklyn_2025_1k/W0DD1/W0DD13X4/faces/B.jpg,0.071,114.0,0.7778,0.6471,0.5
bee92f4e1ecad5f1f64f1a15450ff7f8,9,7,TORAH ACADEMY FOR GIRLS HIGH SCHOOL,8,/share/ju/cyclomedia/raw/queens_2025_1k/W0EOH/W0EOH47P/faces/F.jpg,0.165,90.0,0.7778,0.6471,0.5
10ca78eae113d54815d226f5fd323a00,9,7,KIPP INFINITY CHARTER SCHOOL,7,/share/ju/cyclomedia/raw/manhattan_2025_1k/W0EHK/W0EHKUWK/faces/F.jpg,0.004,169.0,0.7778,0.6471,0.5
c622dbc68ed1f52bd84d3caf25571641,9,7,P.S. 183 ROBERT L. STEVENSON,8,/share/ju/cyclomedia/raw/manhattan_2025_1k/W0E65/W0E65FUF/faces/F.jpg,0.233,76.0,0.7778,0.6471,0.5
e9cce5d6cc128d848ffd93aa2e2ae0ef,9,7,P.S. 020 ANNA SILVER,11,/share/ju/cyclomedia/raw/manhattan_2025_1k/W0DIA/W0DIAI3O/faces/L.jpg,0.092,110.0,0.7778,0.6471,0.5
45add105d4a7a56031b9bc5e98b29134,9,7,ICAHN CHARTER SCHOOL 2,9,/share/ju/cyclomedia/raw/bronx_2025_1k/W0CQ3/W0CQ38R3/faces/R.jpg,0.085,112.0,0.7778,0.6471,0.5
45451e0e2b9ac219cc33b9103e9a6b67,9,7,GED-P2G AT BMCC,8,/share/ju/cyclomedia/raw/manhattan_2025_1k/W0DEJ/W0DEJKE1/faces/B.jpg,0.118,102.0,0.7778,0.6471,0.5
4431f14a14c73067ee74099f1875fef4,9,7,YESHIVA OHR YOSEPH,8,/share/ju/cyclomedia/raw/brooklyn_2025_1k/W0DCR/W0DCRFVN/faces/B.jpg,0.213,79.0,0.7778,0.6471,0.5
0174a937eee5a67ebd4e3a27d5a1223b,9,7,"KIDS-CENTRIC, INC COMM PARENT FAR RO",10,/share/ju/cyclomedia/raw/queens_2025_1k/W0DEL/W0DELDBM/faces/L.jpg,0.284,69.0,0.7778,0.6471,0.5
437ae66b0991b29c736b15798f5dbc0f,9,7,KHALIL GIBRAN INTERNATIONAL ACADEMY,10,/share/ju/cyclomedia/raw/brooklyn_2025_1k/W0DAW/W0DAWMOE/faces/L.jpg,0.103,105.0,0.7778,0.6471,0.5
5f81af9e2acec8f9f8f408c811687685,9,7,P.S. 380 JOHN WAYNE ELEMENTARY,12,/share/ju/cyclomedia/raw/brooklyn_2025_1k/W0D0A/W0D0AVWQ/faces/F.jpg,0.051,123.0,0.7778,0.6471,0.5
3379873a458c9286b9109768845eea29,9,7,ALFRED E. SMITH CAREER AND TECHNICAL EDUCATION HIGH SCHOOL,10,/share/ju/cyclomedia/raw/bronx_2025_1k/W0EBK/W0EBK0KJ/faces/B.jpg,0.049,127.0,0.7778,0.6471,0.5
39218aaaf04d9f4fbb39418fa94e21fa,9,7,THE HARBOR VIEW SCHOOL,9,/share/ju/cyclomedia/raw/si_2025_1k/W0EKX/W0EKXE9K/faces/F.jpg,0.089,111.0,0.7778,0.6471,0.5
8390aa7a26e5e3a49f9eded0239ab8b0,9,7,SPRUCE STREET SCHOOL,13,/share/ju/cyclomedia/raw/manhattan_2025_1k/W0EM2/W0EM2MYH/faces/R.jpg,0.092,108.0,0.7778,0.6471,0.5
8eb4862bd578a142f17c90c94c4b0d3a,9,7,NEW BRIDGES ELEMENTARY,11,/share/ju/cyclomedia/raw/brooklyn_2025_1k/W0E8V/W0E8V14E/faces/F.jpg,0.077,115.0,0.7778,0.6471,0.5
8b3232a4e0eba5275cbfaac3e55c522d,9,7,TOWNSEND HARRIS HIGH SCHOOL,7,/share/ju/cyclomedia/raw/queens_2025_1k/W0EBI/W0EBIZUK/faces/R.jpg,0.134,98.0,0.7778,0.6471,0.5
f548df6a9422f258566878acf2cf79ed,9,7,BAIS BROCHO D'KARLIN STOLIN HS,9,/share/ju/cyclomedia/raw/brooklyn_2025_1k/W0EEI/W0EEII2B/faces/L.jpg,0.201,75.0,0.7778,0.6471,0.5
3233928a56ef45e7414d4af804ddf172,9,7,SHIELD INSTITUTE BRONX,8,/share/ju/cyclomedia/raw/bronx_2025_1k/W0CPM/W0CPMRF7/faces/B.jpg,0.211,78.0,0.7778,0.6471,0.5
2d0a564a787fdeec3dcfd8316748d733,9,7,OUR LADY QUEEN OF MARTYRS CATHOLIC,8,/share/ju/cyclomedia/raw/queens_2025_1k/W0E5V/W0E5V3IV/faces/L.jpg,0.104,106.0,0.7778,0.6471,0.5
3136ee6df8b69619e0cf8801fcb229d3,9,7,P.S. 198 ISIDOR E. IDA STRAUS,9,/share/ju/cyclomedia/raw/manhattan_2025_1k/W0ECI/W0ECI2PG/faces/F.jpg,0.043,130.0,0.7778,0.6471,0.5
6c4abb9d411e359a73dc9596b9a59f83,9,7,I.S. 285 MEYER LEVIN,11,/share/ju/cyclomedia/raw/brooklyn_2025_1k/W0CVU/W0CVUINH/faces/L.jpg,0.044,130.0,0.7778,0.6471,0.5
c1d239100f937ad124ebbc525b9e101f,9,7,NEW AMSTERDAM SCHOOL,10,/share/ju/cyclomedia/raw/manhattan_2025_1k/W0ELS/W0ELSHXI/faces/B.jpg,0.254,73.0,0.7778,0.6471,0.5
0c88e9200ef2c72c6ceab2c3f6cb4d85,9,7,BUSHWICK ASCEND CHARTER SCHOOL,9,/share/ju/cyclomedia/raw/brooklyn_2025_1k/W0CR8/W0CR8EN7/faces/F.jpg,0.186,86.0,0.7778,0.6471,0.5
0aa2a67cd23192cca2de77dfa5d4d70a,9,7,WELLSPRING SCHOOLS,9,/share/ju/cyclomedia/raw/queens_2025_1k/W0DJ0/W0DJ0S1D/faces/L.jpg,0.244,75.0,0.7778,0.6471,0.5
8e2370ecb5d2722bae3b5d0980573113,9,7,THE CHILDREN'S WORKSHOP SCHOOL,13,/share/ju/cyclomedia/raw/manhattan_2025_1k/W0ELR/W0ELRA53/faces/B.jpg,0.238,76.0,0.7778,0.6471,0.5
9559a9906bb17a0f9805a87bfd42ac96,11,8,CHALLENGE PREPARATORY CHARTER SCHOOL,12,/share/ju/cyclomedia/raw/queens_2025_1k/W0DEL/W0DELH3E/faces/R.jpg,0.157,92.0,0.7273,0.6316,0.5
94439188c485cce6e43409596a9cbae5,11,8,STAR PROGRAM,10,/share/ju/cyclomedia/raw/manhattan_2025_1k/W0E65/W0E65ABF/faces/L.jpg,0.098,108.0,0.7273,0.6316,0.5
b7546f30a2bf83c38b9029cec9299c39,11,8,INTERDISCIPLINARY CNTR -CROSS ISLAND,12,/share/ju/cyclomedia/raw/queens_2025_1k/W0ED7/W0ED7DBD/faces/B.jpg,0.053,125.0,0.7273,0.6316,0.5
0ac1f476ae376fa0bdecbd88ad1b6759,11,8,BIRCH FAMILY SERVICES - NAZARETH CTR,14,/share/ju/cyclomedia/raw/brooklyn_2025_1k/W0D28/W0D2855R/faces/R.jpg,0.101,107.0,0.7273,0.6316,0.5
2c95b5c170bd42647222cdb841031850,11,8,BNOS MALKA ACADEMY,13,/share/ju/cyclomedia/raw/queens_2025_1k/W0D03/W0D03H2I/faces/B.jpg,0.223,79.0,0.7273,0.6316,0.5
6f9e04b65a76c403078d6f80857b6deb,11,8,EPIC HIGH SCHOOL - NORTH,10,/share/ju/cyclomedia/raw/queens_2025_1k/W0EBI/W0EBIFRH/faces/R.jpg,0.303,66.0,0.7273,0.6316,0.5
8434b637a3b44a5f7ef4353eafb20393,11,8,GED-NYC-PASSAGES ACADEMY - AHSEP,10,/share/ju/cyclomedia/raw/bronx_2025_1k/W0E6C/W0E6CI40/faces/R.jpg,0.002,174.0,0.7273,0.6316,0.5
2e74d5cd5d80a9f8a48a891c9898d660,11,8,P.S. 146 ANN M. SHORT,12,/share/ju/cyclomedia/raw/manhattan_2025_1k/W0DPD/W0DPDQ43/faces/F.jpg,0.015,151.0,0.7273,0.6316,0.5
599c364b0eb81379c259e012a467a55c,11,8,SHIELD INSTITUTE OF FLUSHING,8,/share/ju/cyclomedia/raw/queens_2025_1k/W0D49/W0D49C29/faces/F.jpg,0.001,183.0,0.7273,0.6316,0.5
d3c6ea1a8b800a2b025d05ab4b98b291,8,6,J.H.S. 234 ARTHUR W. CUNNINGHAM,5,/share/ju/cyclomedia/raw/brooklyn_2025_1k/W0EEW/W0EEWDDM/faces/R.jpg,0.086,112.0,0.75,0.625,0.5
dd53d34f7d76b56438355289c869f18d,8,6,P.S. 059 BEEKMAN HILL INTERNATIONAL,12,/share/ju/cyclomedia/raw/manhattan_2025_1k/W0D5J/W0D5JF89/faces/B.jpg,0.047,128.0,0.75,0.625,0.5
cce204666df72e523dcf0c78530efcbf,8,6,P.S. 124 SILAS B. DUTCHER,8,/share/ju/cyclomedia/raw/brooklyn_2025_1k/W0EI5/W0EI553W/faces/R.jpg,0.264,72.0,0.75,0.625,0.5
1e23f5fbb2819bb29c46bee305069661,8,6,OMNI CHILDHOOD CENTER - HEYWARD,7,/share/ju/cyclomedia/raw/brooklyn_2025_1k/W0E8Q/W0E8QTTD/faces/B.jpg,0.249,70.0,0.75,0.625,0.5
a4b1dd97557066fe42df9280913fa182,8,6,YESHIVAT SHAARE TORAH,11,/share/ju/cyclomedia/raw/brooklyn_2025_1k/W0DEH/W0DEHYKD/faces/R.jpg,0.282,69.0,0.75,0.625,0.5
a3089564234f685f9dd3c4a135fd9221,8,6,BRONX CHARTER SCHOOL FOR EXCELLENCE,6,/share/ju/cyclomedia/raw/bronx_2025_1k/W0EBY/W0EBYQJW/faces/B.jpg,0.333,61.0,0.75,0.625,0.5
c0ba8da41c67126e08b146ea533663ea,8,6,CONGREGATION BNOS CHAYA-SI,7,/share/ju/cyclomedia/raw/si_2025_1k/W0D0J/W0D0JQID/faces/F.jpg,0.147,94.0,0.75,0.625,0.5
145d0d7a14df975b8d671afc1da96391,8,6,LORGE SCHOOL,8,/share/ju/cyclomedia/raw/manhattan_2025_1k/W0E5K/W0E5K6HP/faces/F.jpg,0.234,75.0,0.75,0.625,0.5
175043140084d06770bd51f153572473,8,6,"URBAN ASSEMBLY ACADEMY OF GOVERNMENT AND LAW, THE",10,/share/ju/cyclomedia/raw/manhattan_2025_1k/W0DI9/W0DI9WVU/faces/R.jpg,0.08,114.0,0.75,0.625,0.5
b008220719233b92bcff199309628cea,8,6,ALBERT SHANKER SCHOOL FOR VISUAL AND PERFORMING ARTS,10,/share/ju/cyclomedia/raw/queens_2025_1k/W0E4F/W0E4FFPF/faces/B.jpg,0.047,127.0,0.75,0.625,0.5
a83ce2fc56d2a7f6ccf7cffda4cd65fd,8,6,MANHATTAN CENTER FOR SCIENCE AND MATHEMATICS,7,/share/ju/cyclomedia/raw/manhattan_2025_1k/W0ED2/W0ED28FQ/faces/R.jpg,0.002,176.0,0.75,0.625,0.5
ef4bd972d95e8038d558e9ef719d8b92,8,6,CORLEARS SCHOOL,4,/share/ju/cyclomedia/raw/manhattan_2025_1k/W0D5M/W0D5MVD9/faces/B.jpg,0.291,67.0,0.75,0.625,0.5
ec7f674714dad24cd84cb31059acf7d8,8,6,M.S. 061 DR. GLADSTONE H. ATWELL,8,/share/ju/cyclomedia/raw/brooklyn_2025_1k/W0D0S/W0D0SBDV/faces/B.jpg,0.096,109.0,0.75,0.625,0.5
efdb88216a11bff6cf3374f193688fea,8,6,ST STEPHEN OF HUNGARY SCHOOL,9,/share/ju/cyclomedia/raw/manhattan_2025_1k/W0D9V/W0D9VA9E/faces/B.jpg,0.23,78.0,0.75,0.625,0.5
09c91ee5ca3fbff9d84e02076df3d10e,8,6,ST BARTHOLOMEW CATHOLIC ACADEMY,9,/share/ju/cyclomedia/raw/queens_2025_1k/W0E3X/W0E3X07Y/faces/F.jpg,0.181,86.0,0.75,0.625,0.5
d6bbfe907c49ffd32373493518a05528,8,6,"METROPOLITAN HIGH SCHOOL, THE",12,/share/ju/cyclomedia/raw/bronx_2025_1k/W0E9A/W0E9AS2D/faces/R.jpg,0.192,85.0,0.75,0.625,0.5
24e9caa7fac4392bc2d88f756dabf707,8,6,MS 936 ARTS OFF 3RD,8,/share/ju/cyclomedia/raw/brooklyn_2025_1k/W0EEF/W0EEFG88/faces/B.jpg,0.117,95.0,0.75,0.625,0.5
7c964141232ddae6313521b4e3b3c1ff,8,6,PSYCHOTHERAPEUTIC EVAL - HILLSIDE,7,/share/ju/cyclomedia/raw/queens_2025_1k/W0ED7/W0ED7D06/faces/B.jpg,0.117,102.0,0.75,0.625,0.5
2e158149e13611d815451033fedadfa5,8,6,P.S. 211,11,/share/ju/cyclomedia/raw/bronx_2025_1k/W0E6F/W0E6FV4J/faces/L.jpg,0.022,144.0,0.75,0.625,0.5
723aa74ac1eb93ef708b51921ba27a0a,8,6,MARY MCDOWELL FRIENDS - MIDDLE,11,/share/ju/cyclomedia/raw/brooklyn_2025_1k/W0DEB/W0DEB7X5/faces/F.jpg,0.203,82.0,0.75,0.625,0.5
2fb3369203f21d01e51ae7d9332082de,8,6,P.S. 222 KATHERINE R. SNYDER,13,/share/ju/cyclomedia/raw/brooklyn_2025_1k/W0EJZ/W0EJZU4E/faces/L.jpg,0.048,128.0,0.75,0.625,0.5
76a984a88d4b8e4afb1633c0c6ced4d1,8,6,TRUE DELIVERANCE CHRISTIAN SCHOOL,9,/share/ju/cyclomedia/raw/queens_2025_1k/W0E9D/W0E9DNH7/faces/F.jpg,0.252,74.0,0.75,0.625,0.5
30ec01e23f83cdaf4308ad942b61ed05,8,6,YESHIVA OF FAR ROCKAWAY,12,/share/ju/cyclomedia/raw/queens_2025_1k/W0DIQ/W0DIQQ2M/faces/B.jpg,0.207,82.0,0.75,0.625,0.5
21269cfff5853d23b436ef9afb3bf7c3,8,6,"MATH, ENGINEERING, AND SCIENCE ACADEMY CHARTER HIGH SCHOOL 2",8,/share/ju/cyclomedia/raw/brooklyn_2025_1k/W0EFP/W0EFPKGB/faces/B.jpg,0.207,82.0,0.75,0.625,0.5
7f35fed5ad0a2076be4427aecdbf9736,8,6,SCHOOL IN THE SQUARE ELEMENTARY SCHOOL,5,/share/ju/cyclomedia/raw/manhattan_2025_1k/W0EHO/W0EHO8JF/faces/F.jpg,0.147,94.0,0.75,0.625,0.5
3404039bb1ad0619f3563570db54339d,8,6,I.S. 024 MYRA S. BARNES,7,/share/ju/cyclomedia/raw/si_2025_1k/W0CRP/W0CRPER7/faces/B.jpg,0.005,166.0,0.75,0.625,0.5
32d997de6d0267c6cbdaa3dc1839245a,8,6,EPIPHANY LUTHERAN ELEMENTARY SCHOOL,7,/share/ju/cyclomedia/raw/brooklyn_2025_1k/W0D0J/W0D0JSVK/faces/B.jpg,0.331,62.0,0.75,0.625,0.5
42978858c03224bef748666377ca80dd,8,6,JOHN F. KENNEDY JR. SCHOOL,9,/share/ju/cyclomedia/raw/queens_2025_1k/W0E5U/W0E5UA2H/faces/B.jpg,0.215,80.0,0.75,0.625,0.5
44a392a2bc3b367ce9cbd94918b5b5f0,8,6,BNOS NITRA,10,/share/ju/cyclomedia/raw/brooklyn_2025_1k/W0E8Q/W0E8QUGO/faces/F.jpg,0.197,84.0,0.75,0.625,0.5
3c6c8c90223b77ea907edde8a670abe5,8,6,YESHIVA BEIS CHAYA MUSHKA,12,/share/ju/cyclomedia/raw/brooklyn_2025_1k/W0D0N/W0D0NLGO/faces/B.jpg,0.282,69.0,0.75,0.625,0.5
494d4810cee7b99bd635eb973822b8f8,8,6,P.S. 003 THE BEDFORD VILLAGE,9,/share/ju/cyclomedia/raw/brooklyn_2025_1k/W0E5G/W0E5G9Y3/faces/B.jpg,0.088,111.0,0.75,0.625,0.5
f61c9a5ae149cea34de0ae2785592caa,8,6,FLATBUSH ASCEND CS MS,8,/share/ju/cyclomedia/raw/brooklyn_2025_1k/W0DAZ/W0DAZ1WH/faces/R.jpg,0.174,88.0,0.75,0.625,0.5
f7424f578057563baa8eb2a27a886f61,8,6,HOPE ACADEMY OF THE BRONX,9,/share/ju/cyclomedia/raw/bronx_2025_1k/W0CPX/W0CPXIVO/faces/R.jpg,0.187,86.0,0.75,0.625,0.5
401848dc049f80471ca13edb2953b690,8,6,P.S. 8 SHIRLEE SOLOMON,7,/share/ju/cyclomedia/raw/si_2025_1k/W0D6C/W0D6CX3X/faces/R.jpg,0.027,140.0,0.75,0.625,0.5
41e15518da3dd3bafe39fd6526eb374c,8,6,SOUTH BRONX COMMUNITY CHARTER HIGH SCHOOL,6,/share/ju/cyclomedia/raw/bronx_2025_1k/W0E6G/W0E6GSR3/faces/R.jpg,0.091,110.0,0.75,0.625,0.5
7583a767217fa5093dee4bdd8c012340,13,9,PSYCHOTHERAPEUTIC EVAL - WOODHAVEN,14,/share/ju/cyclomedia/raw/queens_2025_1k/W0DCR/W0DCRVUW/faces/B.jpg,0.337,61.0,0.6923,0.619,0.5
85b66436f9c68a66965a22da2caad645,13,9,P.S. 046 ARTHUR TAPPAN,13,/share/ju/cyclomedia/raw/manhattan_2025_1k/W0EIT/W0EITDXD/faces/L.jpg,0.027,140.0,0.6923,0.619,0.5
1210fdd411d088033b7cdfc8f25af5d2,10,7,P.S. 132 RALPH BUNCHE,12,/share/ju/cyclomedia/raw/queens_2025_1k/W0ED5/W0ED5EQI/faces/F.jpg,0.097,108.0,0.7,0.6111,0.5
c82bc7594040b70c6a8403b60e2f535d,10,7,ATERET TORAH CENTER,12,/share/ju/cyclomedia/raw/brooklyn_2025_1k/W0DHV/W0DHVTIU/faces/F.jpg,0.207,82.0,0.7,0.6111,0.5
49070d255b8548e5a38d1bf8964a64a2,10,7,BNOT CHAYA ACADEMY,11,/share/ju/cyclomedia/raw/brooklyn_2025_1k/W0DEI/W0DEIBJB/faces/B.jpg,0.321,63.0,0.7,0.6111,0.5
8e0877fe120860de871d1ec58975e32d,10,7,P.S. 58 - THE SCHOOL OF HEROES,12,/share/ju/cyclomedia/raw/queens_2025_1k/W0E5U/W0E5UBKF/faces/F.jpg,0.055,124.0,0.7,0.6111,0.5
276b82d463d891330da5e1a1e4905722,10,7,P.S. 033 TIMOTHY DWIGHT,10,/share/ju/cyclomedia/raw/bronx_2025_1k/W0EBJ/W0EBJZ8G/faces/L.jpg,0.04,132.0,0.7,0.6111,0.5
26460186d76b041d2af27889ee719092,10,7,P.S. 003 THE MARGARET GIOIOSA SCHOOL,12,/share/ju/cyclomedia/raw/si_2025_1k/W0D82/W0D82YZX/faces/L.jpg,0.048,127.0,0.7,0.6111,0.5
aa6a218ca06043962c4b221ff4bbe0ad,10,7,ST JOSEPH HILL ACADEMY ELEM SCHOOL,10,/share/ju/cyclomedia/raw/si_2025_1k/W0CW4/W0CW45WX/faces/L.jpg,0.209,81.0,0.7,0.6111,0.5
471eef754cc2b30e88dbb82132ed692d,10,7,NOTRE DAME SCHOOL,10,/share/ju/cyclomedia/raw/manhattan_2025_1k/W0ELX/W0ELXAR5/faces/F.jpg,0.258,73.0,0.7,0.6111,0.5
73d918cf21b15d8f759727383efe0d04,10,7,VOICE CHARTER SCHOOL-ANNEX,8,/share/ju/cyclomedia/raw/queens_2025_1k/W0E4E/W0E4E19P/faces/R.jpg,0.126,100.0,0.7,0.6111,0.5
59685cdea9a4716cca1e48ce01f06bcc,10,7,BIRCH FAMILY - LONG ISLAND CITY EARL,10,/share/ju/cyclomedia/raw/queens_2025_1k/W0E4J/W0E4JPFB/faces/B.jpg,0.22,79.0,0.7,0.6111,0.5
2a5dff0084dccd98bb5140371c7adf3f,10,7,FATHER VINCENT CAPODANNO CATHOLIC,11,/share/ju/cyclomedia/raw/si_2025_1k/W0E8X/W0E8XDF8/faces/R.jpg,0.062,121.0,0.7,0.6111,0.5
f720293db48c0f043b59d2d12903426d,10,7,VILLAGE COMMUNITY SCHOOL,9,/share/ju/cyclomedia/raw/manhattan_2025_1k/W0DFE/W0DFENZR/faces/B.jpg,0.385,52.0,0.7,0.6111,0.5
00f78c41aab991b0da3c186e999a5675,10,7,ST VINCENT FERRER HIGH SCHOOL,11,/share/ju/cyclomedia/raw/manhattan_2025_1k/W0E5P/W0E5PRLS/faces/F.jpg,0.229,70.0,0.7,0.6111,0.5
818ce63ad5af670b4d210d2ca854aa0b,12,8,TALMUD TORAH D'RABINU YOEL,15,/share/ju/cyclomedia/raw/brooklyn_2025_1k/W0DJ4/W0DJ4VLB/faces/B.jpg,0.212,81.0,0.6667,0.6,0.5
013bed1c53edc3c6c24f09041962ba3f,12,8,HAWTREE CREEK MIDDLE SCHOOL,6,/share/ju/cyclomedia/raw/queens_2025_1k/W0EE6/W0EE6OS5/faces/R.jpg,0.0,191.0,0.6667,0.6,0.5
635fe6b5557742c03ecc151bd0c58d98,12,8,P.S. 109,13,/share/ju/cyclomedia/raw/brooklyn_2025_1k/W0EFU/W0EFUKZD/faces/R.jpg,0.061,121.0,0.6667,0.6,0.5
95bde24cda977c4f75cd4754c8a48530,12,8,YESHIVAT MAGEN ABRAHAM,13,/share/ju/cyclomedia/raw/brooklyn_2025_1k/W0EK3/W0EK3WH1/faces/R.jpg,0.263,72.0,0.6667,0.6,0.5
45b0cf2b1fc9fcab61ded82d71301328,12,8,SUMMIT SCHOOL,11,/share/ju/cyclomedia/raw/queens_2025_1k/W0DJ0/W0DJ0RHP/faces/B.jpg,0.18,87.0,0.6667,0.6,0.5
13065517852986147e65d2bb9d776573,14,9,P.S./I.S. 217 ROOSEVELT ISLAND,13,/share/ju/cyclomedia/raw/manhattan_2025_1k/W0E4E/W0E4E1PE/faces/B.jpg,0.049,127.0,0.6429,0.5909,0.5
0a9ba4d9c7bd7f1d9488f98cf4af59e6,14,9,URBAN ASSEMBLY NEW YORK HARBOR SCHOOL,13,/share/ju/cyclomedia/raw/manhattan_2025_1k/W0EM2/W0EM2NSA/faces/B.jpg,0.04,131.0,0.6429,0.5909,0.5
cd381dc07a38579e8c0d4328b4ee0b76,9,6,P.S. 094 KINGS COLLEGE SCHOOL,9,/share/ju/cyclomedia/raw/bronx_2025_1k/W0END/W0ENDSI2/faces/R.jpg,0.053,125.0,0.6667,0.5882,0.5
c70aaec5006931a02328615495499fdf,9,6,CENTRAL BROOKLYN ASCEND CHARTER  MIDDLE SCHOOL,10,/share/ju/cyclomedia/raw/brooklyn_2025_1k/W0DAZ/W0DAZ1XG/faces/L.jpg,0.081,113.0,0.6667,0.5882,0.5
d0265c7f65cb544bdf47155abde944da,9,6,CYPRESS HILLS ASCEND CS MS,12,/share/ju/cyclomedia/raw/brooklyn_2025_1k/W0DBM/W0DBMECS/faces/R.jpg,0.053,125.0,0.6667,0.5882,0.5
dd8e7b927fca5ddd46bb096402842df1,9,6,CHILD STUDY CNTR OF NY - WOODROW,11,/share/ju/cyclomedia/raw/si_2025_1k/W0D4T/W0D4TLRW/faces/F.jpg,0.186,86.0,0.6667,0.5882,0.5
d9a60f689a0cb2103ee61aa730bfd783,9,6,SILVER LAKE PREPARATORY SCHOOL,8,/share/ju/cyclomedia/raw/si_2025_1k/W0EL0/W0EL0PC1/faces/F.jpg,0.229,78.0,0.6667,0.5882,0.5
d5ba0730e956d9fa52fda88d16aa9540,9,6,P.S. 214 CADWALLADER COLDEN,13,/share/ju/cyclomedia/raw/queens_2025_1k/W0EF3/W0EF3DUV/faces/R.jpg,0.039,132.0,0.6667,0.5882,0.5
174e0e88bd219547141e61525a1e47e7,9,6,CORNERSTONE ACADEMY FOR SOCIAL ACTION,10,/share/ju/cyclomedia/raw/bronx_2025_1k/W0EDR/W0EDRXKQ/faces/L.jpg,0.048,127.0,0.6667,0.5882,0.5
14bfc41135a9bf4112b7b756ccc0ae99,9,6,UCP OF NYC - THE CLEARVIEW SCHOOL,9,/share/ju/cyclomedia/raw/queens_2025_1k/W0D4P/W0D4P064/faces/B.jpg,0.116,102.0,0.6667,0.5882,0.5
8e92203baaa20a2aa1b2e9d836ec5a3f,9,6,GED P26-SOUTH BRONX JOB CORPS,8,/share/ju/cyclomedia/raw/bronx_2025_1k/W0EBK/W0EBK10P/faces/B.jpg,0.09,110.0,0.6667,0.5882,0.5
290f7b9d9fa598b6ca5f5e575f072db0,9,6,BRONX PREPARATORY CHARTER SCHOOL,9,/share/ju/cyclomedia/raw/bronx_2025_1k/W0E6F/W0E6F42Y/faces/R.jpg,0.159,89.0,0.6667,0.5882,0.5
9f524492cdecd4fb6ceebc7f28626de0,9,6,P.S. 034 FRANKLIN D. ROOSEVELT,10,/share/ju/cyclomedia/raw/manhattan_2025_1k/W0E5P/W0E5PP7X/faces/B.jpg,0.089,110.0,0.6667,0.5882,0.5
a13ae935fc08b8964ca1f8d69f254df5,9,6,P.S. Q177,10,/share/ju/cyclomedia/raw/queens_2025_1k/W0DIT/W0DITJGU/faces/R.jpg,0.06,122.0,0.6667,0.5882,0.5
aa2280d55c8c8b3401b9063535d864b6,9,6,HADAR BET YAAKOV,9,/share/ju/cyclomedia/raw/queens_2025_1k/W0DIO/W0DIO0ML/faces/B.jpg,0.194,84.0,0.6667,0.5882,0.5
9e8abf13a07b5cd01ff1ad4093f67a1d,9,6,EDWARD R. MURROW HIGH SCHOOL,5,/share/ju/cyclomedia/raw/brooklyn_2025_1k/W0DHV/W0DHVU2P/faces/L.jpg,0.0,185.0,0.6667,0.5882,0.5
29387261b9e13b68910d22b659fbf147,9,6,THE GORDON PARKS SCHOOL,10,/share/ju/cyclomedia/raw/queens_2025_1k/W0ED5/W0ED5JI0/faces/F.jpg,0.05,126.0,0.6667,0.5882,0.5
68f617e33fd5508f92330c053891e898,9,6,TORAH ACADEMY FOR GIRLS-ELEMENTARY,12,/share/ju/cyclomedia/raw/queens_2025_1k/W0EOH/W0EOH3WJ/faces/F.jpg,0.069,117.0,0.6667,0.5882,0.5
8129b1236ac308cb8505e4dc3a5bbbd5,9,6,P.S. 069 DANIEL D. TOMPKINS,9,/share/ju/cyclomedia/raw/si_2025_1k/W0DFB/W0DFB0TU/faces/L.jpg,0.027,140.0,0.6667,0.5882,0.5
80f36e48c9b498896719c57d520b0ccc,9,6,J.H.S. 194 WILLIAM CARR,8,/share/ju/cyclomedia/raw/queens_2025_1k/W0D49/W0D49CR5/faces/B.jpg,0.094,109.0,0.6667,0.5882,0.5
340290d40d7863761c10d6185ea42181,9,6,GOTHAM PROFESSIONAL ARTS ACADEMY,10,/share/ju/cyclomedia/raw/brooklyn_2025_1k/W0D0J/W0D0JRSE/faces/R.jpg,0.172,89.0,0.6667,0.5882,0.5
560571b6852a00f655264d728f4b5fa2,9,6,THOMAS C. GIORDANO MIDDLE SCHOOL 45,13,/share/ju/cyclomedia/raw/bronx_2025_1k/W0EBJ/W0EBJT8R/faces/R.jpg,0.082,113.0,0.6667,0.5882,0.5
3c8cd77a03d371676a627211ad68bad2,9,6,MESIVTA SHAAREI CHAIM,11,/share/ju/cyclomedia/raw/queens_2025_1k/W0DIN/W0DINCDZ/faces/F.jpg,0.179,87.0,0.6667,0.5882,0.5
3be2454bcb6e48c94e9ab004c056d8d9,9,6,LEADERS HIGH SCHOOL,9,/share/ju/cyclomedia/raw/brooklyn_2025_1k/W0DCS/W0DCSVFZ/faces/R.jpg,0.008,160.0,0.6667,0.5882,0.5
3ddeb633aea468852584f1b74c7b7103,11,7,P.S. 108 CAPTAIN VINCENT G. FOWLER,11,/share/ju/cyclomedia/raw/queens_2025_1k/W0CVU/W0CVUEGU/faces/L.jpg,0.066,119.0,0.6364,0.5789,0.5
c60947220c338dacb7de3b664752b852,11,7,LUTHERAN ELEM SCHOOL OF BAY RIDGE,10,/share/ju/cyclomedia/raw/brooklyn_2025_1k/W0EEI/W0EEIW2R/faces/B.jpg,0.146,95.0,0.6364,0.5789,0.5
490881371d8e7e37605d89402743bf2f,11,7,P.S. 166 HENRY GRADSTEIN,13,/share/ju/cyclomedia/raw/queens_2025_1k/W0E4H/W0E4HK1M/faces/L.jpg,0.043,130.0,0.6364,0.5789,0.5
f3ffdcb4aa8ef4c03170523b20456994,11,7,P.S. 289 GEORGE V. BROWER,11,/share/ju/cyclomedia/raw/brooklyn_2025_1k/W0D0N/W0D0NM3J/faces/L.jpg,0.001,178.0,0.6364,0.5789,0.5
1af82ff318e027fbee7e2184ede3bec0,11,7,BISHOP PATRICK V AHERN HIGH SCHOOL,9,/share/ju/cyclomedia/raw/si_2025_1k/W0EM6/W0EM6QWG/faces/R.jpg,0.16,91.0,0.6364,0.5789,0.5
a36537ec4540826f31f46ba0852f9335,11,7,P.S. 396,10,/share/ju/cyclomedia/raw/bronx_2025_1k/W0CPM/W0CPMRB1/faces/R.jpg,0.04,131.0,0.6364,0.5789,0.5
a0d3e3f007f427e2c8d0a7dda31a336d,11,7,GREENE HILL SCHOOL,11,/share/ju/cyclomedia/raw/brooklyn_2025_1k/W0EEE/W0EEEOXL/faces/R.jpg,0.313,64.0,0.6364,0.5789,0.5
bb3fb3c92e796a801204f3f9d5dde664,11,7,P.S. 112 BRONXWOOD,12,/share/ju/cyclomedia/raw/bronx_2025_1k/W0CGX/W0CGXAJ6/faces/F.jpg,0.134,98.0,0.6364,0.5789,0.5
0ba8d3e34dd7f424fe5a86f0f7419f11,11,7,BOOKS & RATTLES - THE LEARNING TREE,6,/share/ju/cyclomedia/raw/queens_2025_1k/W0DIP/W0DIPJ3Y/faces/L.jpg,0.162,91.0,0.6364,0.5789,0.5
1060e96e26c6192ec166028bb52ac241,13,8,WINSTON PREPARATORY SCHOOL,9,/share/ju/cyclomedia/raw/manhattan_2025_1k/W0CTW/W0CTW5MV/faces/B.jpg,0.25,74.0,0.6154,0.5714,0.5
d13f1d99656da48b878fe4ff103a31d5,13,8,HAMASPIK SCHOOL (THE),15,/share/ju/cyclomedia/raw/brooklyn_2025_1k/W0CRB/W0CRBF70/faces/F.jpg,0.225,78.0,0.6154,0.5714,0.5
0ec1157385290ddc25912d89ebc7c6cb,13,8,P.S. 016 JOHN J. DRISCOLL,13,/share/ju/cyclomedia/raw/si_2025_1k/W0CZW/W0CZWIFM/faces/R.jpg,0.043,130.0,0.6154,0.5714,0.5
1d0a7bf65038ffd2b86f6d079f79e69f,13,8,I.S. 219 NEW VENTURE SCHOOL,11,/share/ju/cyclomedia/raw/bronx_2025_1k/W0E6F/W0E6F3Z8/faces/R.jpg,0.116,102.0,0.6154,0.5714,0.5
7b052191011b6ce18c3cacd43226c1ae,15,9,BIRCH FAMILY SERVICES - MILL BASIN,15,/share/ju/cyclomedia/raw/brooklyn_2025_1k/W0DAW/W0DAWFWA/faces/F.jpg,0.078,115.0,0.6,0.5652,0.5
a67dc3c4d10ca5724328101760823677,8,5,UNCOMMON CROWN HEIGHTS CHARTER SCHOOL NYC,9,/share/ju/cyclomedia/raw/brooklyn_2025_1k/W0DAW/W0DAW7OW/faces/F.jpg,0.075,116.0,0.625,0.5625,0.5
a947ba90f7604c3261834cb8940b3057,8,5,MT PLEASANT CHRISTIAN ACADEMY,5,/share/ju/cyclomedia/raw/manhattan_2025_1k/W0D9R/W0D9RXFX/faces/R.jpg,0.18,87.0,0.625,0.5625,0.5
bda32e1d688c1464ecf6f717b8004087,8,5,CORTELYOU EARLY CHILDHOOD CENTER,11,/share/ju/cyclomedia/raw/brooklyn_2025_1k/W0EFU/W0EFUM2X/faces/F.jpg,0.327,62.0,0.625,0.5625,0.5
b4bda2a701e8fec7ec1247183c3b47ec,8,5,YELED V'YALDA - EVAL SITE,7,/share/ju/cyclomedia/raw/brooklyn_2025_1k/W0DCR/W0DCRG5T/faces/F.jpg,0.082,113.0,0.625,0.5625,0.5
c9efd37e82f66344a2a39a4b320d5313,8,5,P.S. 121 NELSON A. ROCKEFELLER,13,/share/ju/cyclomedia/raw/brooklyn_2025_1k/W0DCQ/W0DCQWAP/faces/R.jpg,0.106,105.0,0.625,0.5625,0.5
d28cc9e68fa0ed73f5b36c931fd66038,8,5,QUEENS TECHNICAL HIGH SCHOOL,10,/share/ju/cyclomedia/raw/queens_2025_1k/W0E4P/W0E4PEQX/faces/L.jpg,0.073,116.0,0.625,0.5625,0.5
5a34585c2c789d525aaa8cc6f93fdb3d,8,5,ST CLARE SCHOOL,6,/share/ju/cyclomedia/raw/bronx_2025_1k/W0EEQ/W0EEQ549/faces/L.jpg,0.139,96.0,0.625,0.5625,0.5
343c2fe60258006a85038a7628bdf3d4,8,5,P.S. 056 NORWOOD HEIGHTS,11,/share/ju/cyclomedia/raw/bronx_2025_1k/W0END/W0ENDRZ3/faces/F.jpg,0.127,100.0,0.625,0.5625,0.5
555b46e971897d429224b8a46087b196,8,5,BRONX ARENA HIGH SCHOOL,9,/share/ju/cyclomedia/raw/bronx_2025_1k/W0EC2/W0EC2R93/faces/B.jpg,0.017,149.0,0.625,0.5625,0.5
d6f104a29b97fb2bfad9d14ba249713b,8,5,ST HELENA SCHOOL,9,/share/ju/cyclomedia/raw/bronx_2025_1k/W0CQD/W0CQD8SQ/faces/B.jpg,0.258,73.0,0.625,0.5625,0.5
ec695212016c2ad7bbffb18556eb2beb,8,5,CENTRAL BROOKLYN ASCEND CHARTER SCHOOL,14,/share/ju/cyclomedia/raw/brooklyn_2025_1k/W0EFP/W0EFPPKY/faces/R.jpg,0.311,65.0,0.625,0.5625,0.5
3ae564d0c1c2d8072a72ad875d353218,8,5,P.S. 031 SAMUEL F. DUPONT,9,/share/ju/cyclomedia/raw/brooklyn_2025_1k/W0E8Q/W0E8QO8Z/faces/F.jpg,0.112,104.0,0.625,0.5625,0.5
38dcf2668fb9e97ccc52d9e7794c5dc0,8,5,SOUTH BRONX CHARTER SCHOOL FOR INTERNATIONAL CULTURES AND THE ARTS,8,/share/ju/cyclomedia/raw/bronx_2025_1k/W0E96/W0E96BI2/faces/B.jpg,0.49,42.0,0.625,0.5625,0.5
6a769ff8579c523152fd6535942477fd,8,5,P.S. 161 JUAN PONCE DE LEON SCHOOL,10,/share/ju/cyclomedia/raw/bronx_2025_1k/W0E9D/W0E9DHYU/faces/R.jpg,0.078,115.0,0.625,0.5625,0.5
c74251c3ce59732c14577baeb996616c,8,5,LIGHTHOUSE ELEMENTARY SCHOOL,9,/share/ju/cyclomedia/raw/queens_2025_1k/W0DEL/W0DELBCK/faces/R.jpg,0.146,95.0,0.625,0.5625,0.5
178c229dffb842c289e1e270d3419235,8,5,P.S. 101 THE VERRAZANO,7,/share/ju/cyclomedia/raw/brooklyn_2025_1k/W0DEN/W0DEN19U/faces/L.jpg,0.118,102.0,0.625,0.5625,0.5
92812778b26d311fa9eccd72c88fe778,8,5,TIFERES TORAH INSTITUTE,10,/share/ju/cyclomedia/raw/queens_2025_1k/W0EBC/W0EBCR4S/faces/L.jpg,0.411,51.0,0.625,0.5625,0.5
94f27f8a17aec0ad7d1b24a25343e4fa,8,5,P.S. 205 ALEXANDER GRAHAM BELL,8,/share/ju/cyclomedia/raw/queens_2025_1k/W0D4P/W0D4P76J/faces/L.jpg,0.047,128.0,0.625,0.5625,0.5
2457262c96cf587302a7e4ff74156c74,8,5,OPPORTUNITY CHARTER SCHOOL,7,/share/ju/cyclomedia/raw/manhattan_2025_1k/W0D9R/W0D9RYNW/faces/B.jpg,0.078,114.0,0.625,0.5625,0.5
9cafc4a9ef14ad7e10fbd9972ee162c7,8,5,ST IGNATIUS SCHOOL,9,/share/ju/cyclomedia/raw/bronx_2025_1k/W0CW3/W0CW3ZVL/faces/R.jpg,0.332,61.0,0.625,0.5625,0.5
7eb8fdda22336311001ddfe240c8db6d,8,5,YESHIVA DARCHE ERES - KINDERGARTEN,8,/share/ju/cyclomedia/raw/brooklyn_2025_1k/W0DHX/W0DHXPS7/faces/B.jpg,0.233,77.0,0.625,0.5625,0.5
773fa4a9436431695a3fabbb4e022342,8,5,SACRED HEART SCHOOL,8,/share/ju/cyclomedia/raw/bronx_2025_1k/W0CQ3/W0CQ32E4/faces/R.jpg,0.172,89.0,0.625,0.5625,0.5
f106971afc776c61d030a32fbcdb2220,8,5,BERKELEY-CARROLL SCHOOL,5,/share/ju/cyclomedia/raw/brooklyn_2025_1k/W0EH4/W0EH4J89/faces/F.jpg,0.134,98.0,0.625,0.5625,0.5
07a004d768f922e9fdb68ba10a9cd3cd,8,5,EL PUENTE ACADEMY FOR PEACE AND JUSTICE,7,/share/ju/cyclomedia/raw/brooklyn_2025_1k/W0D7Q/W0D7QZ5B/faces/B.jpg,0.182,86.0,0.625,0.5625,0.5
2d9efdb3269a129a1d16cb14e663bf63,8,5,HELLENIC CLASSICAL CHARTER SCHOOL - STATEN ISLAND,8,/share/ju/cyclomedia/raw/si_2025_1k/W0EM6/W0EM6SQ1/faces/R.jpg,0.065,120.0,0.625,0.5625,0.5
2cac07b4e02583ce680a418c106c81b0,8,5,QUEENS ACADEMY HIGH SCHOOL,9,/share/ju/cyclomedia/raw/queens_2025_1k/W0D2I/W0D2IFVH/faces/L.jpg,0.023,143.0,0.625,0.5625,0.5
aa426573e62d56cd69bdf18ba78adc3d,8,5,CONGREGATION OHR MENACHEM,7,/share/ju/cyclomedia/raw/brooklyn_2025_1k/W0D0N/W0D0NLAT/faces/F.jpg,0.142,96.0,0.625,0.5625,0.5
19fdb5d4a277b8ac96ebe951ab1b7764,8,5,INTERDISCIPLINARY CNTR - NORTHSIDE,9,/share/ju/cyclomedia/raw/queens_2025_1k/W0DAX/W0DAX30U/faces/L.jpg,0.137,97.0,0.625,0.5625,0.5
1d5c5e1f6696836a9ecd55abfa70bcb6,8,5,BETH RIVKAH HIGH SCHOOL,11,/share/ju/cyclomedia/raw/brooklyn_2025_1k/W0E8U/W0E8UYEV/faces/B.jpg,0.389,54.0,0.625,0.5625,0.5
21dc9e6f819e851cc674bd8fc2668f9d,8,5,YESHIVA KETANA OF BENSONHURST,8,/share/ju/cyclomedia/raw/brooklyn_2025_1k/W0EFV/W0EFV5N5/faces/F.jpg,0.19,85.0,0.625,0.5625,0.5
ea9cbe0d67732ca7052ba89b5701aff2,10,6,THE HIGH SCHOOL FOR CLIMATE JUSTICE,9,/share/ju/cyclomedia/raw/manhattan_2025_1k/W0DGQ/W0DGQR85/faces/F.jpg,0.041,131.0,0.6,0.5556,0.5
3a12b1e849d4f7196795b534bcf0130b,10,6,P.S. 38 ROBERTO CLEMENTE,9,/share/ju/cyclomedia/raw/manhattan_2025_1k/W0D9Q/W0D9QFTX/faces/F.jpg,0.019,147.0,0.6,0.5556,0.5
081fee98b5032278c90bb4edb5bd4c44,10,6,P.S. 055 HENRY M. BOEHM,10,/share/ju/cyclomedia/raw/si_2025_1k/W0D6E/W0D6E9CG/faces/B.jpg,0.057,123.0,0.6,0.5556,0.5
146ff9b38963410fe9f21309c46341d7,10,6,P.S./I.S. 54,12,/share/ju/cyclomedia/raw/bronx_2025_1k/W0EM9/W0EM9Q85/faces/L.jpg,0.135,96.0,0.6,0.5556,0.5
e5c2f23a12cb7efc7013d39ad55caf83,10,6,P.S./I.S. 268,9,/share/ju/cyclomedia/raw/queens_2025_1k/W0DII/W0DIIWPR/faces/B.jpg,0.169,90.0,0.6,0.5556,0.5
032d3e4f8bcae0ea63b684422ee040bd,10,6,ST PETER CATHOLIC ACADEMY,15,/share/ju/cyclomedia/raw/brooklyn_2025_1k/W0DEM/W0DEMBRA/faces/B.jpg,0.192,85.0,0.6,0.5556,0.5
06d8ce659134ddfef5ff3ed1084b03d6,10,6,BROOKLYN INDEPENDENT,15,/share/ju/cyclomedia/raw/brooklyn_2025_1k/W0EEE/W0EEEN68/faces/B.jpg,0.367,57.0,0.6,0.5556,0.5
795deb119a966f57c148032b580b101f,10,6,CONVENT OF THE SACRED HEART,9,/share/ju/cyclomedia/raw/manhattan_2025_1k/W0DPD/W0DPDNF2/faces/F.jpg,0.193,84.0,0.6,0.5556,0.5
741907b73444f864bfd303c2cfbde5ec,10,6,FORTE PREPARATORY ACADEMY CHARTER SCHOOL,11,/share/ju/cyclomedia/raw/queens_2025_1k/W0CQN/W0CQNESQ/faces/F.jpg,0.048,127.0,0.6,0.5556,0.5
b0dec0fab9df15e0e1a8cab60bedd523,10,6,NESIVOS BAIS YAAKOV BOYS,6,/share/ju/cyclomedia/raw/brooklyn_2025_1k/W0DEQ/W0DEQ3OB/faces/L.jpg,0.167,90.0,0.6,0.5556,0.5
c2cecfa357e15630684b95aab54f854f,10,6,NORTHEAST BRONX DAY CARE CNTR POST,11,/share/ju/cyclomedia/raw/bronx_2025_1k/W0D2T/W0D2T4WZ/faces/F.jpg,0.165,90.0,0.6,0.5556,0.5
c450afe2ab61b816210d346f8ab1029e,12,7,GED - P2G - W.A.G.,11,/share/ju/cyclomedia/raw/queens_2025_1k/W0EO4/W0EO4NB3/faces/F.jpg,0.064,120.0,0.5833,0.55,0.5
2f6362e2e5a7b96b9ccdf711b8055974,12,7,P.S. 66,11,/share/ju/cyclomedia/raw/brooklyn_2025_1k/W0DCU/W0DCU2N0/faces/L.jpg,0.056,123.0,0.5833,0.55,0.5
3303387cb3376dfe0b462958e130bf66,12,7,NYC AUTISM CHARTER SCHOOL EAST HARLEM,9,/share/ju/cyclomedia/raw/manhattan_2025_1k/W0DPC/W0DPCKJI/faces/F.jpg,0.006,163.0,0.5833,0.55,0.5
30d95d087a3036688546ce2656a75457,9,5,ATMOSPHERE ACADEMY PUBLIC CHARTER SCHOOL ANNEX 2,11,/share/ju/cyclomedia/raw/bronx_2025_1k/W0END/W0ENDUV9/faces/L.jpg,0.186,86.0,0.5556,0.5294,0.5
495ada386c4ae7c334a7afeb9cdd9627,9,5,HUNTERS POINT COMMUNITY MIDDLE SCHOOL,9,/share/ju/cyclomedia/raw/queens_2025_1k/W0E4A/W0E4A8V6/faces/B.jpg,0.125,100.0,0.5556,0.5294,0.5
04f33f72bceda4ad45316bc0a995b721,9,5,P.S. 019 THE CURTIS SCHOOL,11,/share/ju/cyclomedia/raw/si_2025_1k/W0CZX/W0CZXAQM/faces/R.jpg,0.072,117.0,0.5556,0.5294,0.5
4a7591186e2ad52a6de3448030f2c66c,9,5,P.S. 059 THE DAWN BEST SCHOOL,12,/share/ju/cyclomedia/raw/brooklyn_2025_1k/W0D53/W0D534LV/faces/R.jpg,0.046,129.0,0.5556,0.5294,0.5
fe4ccfe9359198c28bbfbe9df2b6ff1b,9,5,P.S. 200 BENSON SCHOOL,12,/share/ju/cyclomedia/raw/brooklyn_2025_1k/W0DCB/W0DCB75J/faces/L.jpg,0.044,129.0,0.5556,0.5294,0.5
034dea6c107a79efff2cf1994c146da4,9,5,EDEN II SCH FOR AUTISTIC CHLDRN,7,/share/ju/cyclomedia/raw/si_2025_1k/W0CW7/W0CW712C/faces/F.jpg,0.339,61.0,0.5556,0.5294,0.5
e3904350edcce187848ed7a25bd6adec,9,5,IMMACULATE CONCEPTION CATHOLIC ACAD,8,/share/ju/cyclomedia/raw/queens_2025_1k/W0CH4/W0CH4QEX/faces/R.jpg,0.006,163.0,0.5556,0.5294,0.5
50b23a2fc4285a87a75446121f6911c1,9,5,P.S./I.S. 26 THE CARTERET SCHOOL,8,/share/ju/cyclomedia/raw/si_2025_1k/W0D3X/W0D3XQG8/faces/B.jpg,0.043,130.0,0.5556,0.5294,0.5
562574103260a9a78c0e3930b1c6a3b4,9,5,P.S. 050 TALFOURD LAWN ELEMENTARY SCHOOL,9,/share/ju/cyclomedia/raw/queens_2025_1k/W0EA7/W0EA7G09/faces/R.jpg,0.063,120.0,0.5556,0.5294,0.5
d827ccaa4c093cab3a7d555afc24b209,9,5,LEARNING TREE MULTI-CULTURAL SCHOOL,10,/share/ju/cyclomedia/raw/queens_2025_1k/W0EF2/W0EF2CUH/faces/B.jpg,0.139,96.0,0.5556,0.5294,0.5
3feb6d18417dc38dd02e3b11842be9d9,9,5,P.S. 007 SAMUEL STERN,10,/share/ju/cyclomedia/raw/manhattan_2025_1k/W0ECR/W0ECRH3Y/faces/B.jpg,0.279,69.0,0.5556,0.5294,0.5
7aa07525d3df2978ae730faacfbaa5f9,9,5,PHYL'S ACADEMY PREP SCHOOL,10,/share/ju/cyclomedia/raw/brooklyn_2025_1k/W0CVU/W0CVUI4V/faces/L.jpg,0.139,96.0,0.5556,0.5294,0.5
86a2b37907df2457ae403400532c96d5,9,5,BROOKLYN DEMOCRACY ACADEMY,9,/share/ju/cyclomedia/raw/brooklyn_2025_1k/W0E7U/W0E7U2BR/faces/R.jpg,0.042,130.0,0.5556,0.5294,0.5
781adf8089d33647202195e57ca94940,9,5,P.S. 206 JOSE CELSO BARBOSA,12,/share/ju/cyclomedia/raw/manhattan_2025_1k/W0D9K/W0D9KZ4U/faces/B.jpg,0.045,129.0,0.5556,0.5294,0.5
03ce3b7b6926cc3bd5aac24820bff887,9,5,DEMOCRACY PREP HARLEM CHARTER ELEMENTARY,9,/share/ju/cyclomedia/raw/manhattan_2025_1k/W0DAP/W0DAPLBB/faces/F.jpg,0.045,129.0,0.5556,0.5294,0.5
06de8032f3424ae2e0f614b8f9a9eb23,9,5,P.S. 096,1,/share/ju/cyclomedia/raw/queens_2025_1k/W0D16/W0D16GJB/faces/R.jpg,0.021,145.0,0.5556,0.5294,0.5
a4f3574aea5938cc5c802e121c04cf19,9,5,THE EAST VILLAGE COMMUNITY SCHOOL,11,/share/ju/cyclomedia/raw/manhattan_2025_1k/W0DOF/W0DOFXLP/faces/L.jpg,0.034,135.0,0.5556,0.5294,0.5
aeb10289e7035a3601d9b2a2123456ae,9,5,RENAISSANCE CHARTER SCHOOL 2,8,/share/ju/cyclomedia/raw/queens_2025_1k/W0CQN/W0CQNIPJ/faces/L.jpg,0.001,180.0,0.5556,0.5294,0.5
b2e90dc49caf27185dc7b4e33c02a79d,9,5,P.S. 004 MAURICE WOLLIN,8,/share/ju/cyclomedia/raw/si_2025_1k/W0DCO/W0DCOK13/faces/R.jpg,0.114,103.0,0.5556,0.5294,0.5
65f8f4b2b92954edaf0d004ea700dc09,9,5,DAVID N. DINKINS SCHOOL,9,/share/ju/cyclomedia/raw/queens_2025_1k/W0EA5/W0EA5TWA/faces/R.jpg,0.031,137.0,0.5556,0.5294,0.5
a1db77ca6fe61cd7c9d790c4d99d0e3b,9,5,P.S. 016 WAKEFIELD,10,/share/ju/cyclomedia/raw/bronx_2025_1k/W0CPT/W0CPTV2R/faces/R.jpg,0.255,73.0,0.5556,0.5294,0.5
222fb0082ae139e29c3ae2cff01587ec,9,5,HELLENIC CLASSICAL CHARTER SCHOOL,10,/share/ju/cyclomedia/raw/brooklyn_2025_1k/W0DAW/W0DAWPBF/faces/L.jpg,0.18,85.0,0.5556,0.5294,0.5
25bcf9958e1cdb6519036ecd4b2920e1,9,5,P.S. 36,11,/share/ju/cyclomedia/raw/brooklyn_2025_1k/W0DBM/W0DBMB54/faces/F.jpg,0.234,75.0,0.5556,0.5294,0.5
803c135c9f624b36c680e753ae54243f,9,5,MT MORIAH CHRISTIAN ACADEMY,8,/share/ju/cyclomedia/raw/brooklyn_2025_1k/W0E8V/W0E8V12I/faces/F.jpg,0.168,90.0,0.5556,0.5294,0.5
689636e410be5bb725b662550ace7b38,9,5,P.S. 146 HOWARD BEACH,9,/share/ju/cyclomedia/raw/queens_2025_1k/W0DCV/W0DCVG42/faces/L.jpg,0.106,105.0,0.5556,0.5294,0.5
cc702bebe7ca2b44b8d6df6913213327,9,5,M.S. 137 AMERICA'S SCHOOL OF HEROES,9,/share/ju/cyclomedia/raw/queens_2025_1k/W0DCW/W0DCWGK2/faces/R.jpg,0.071,117.0,0.5556,0.5294,0.5
bb82bf97b417981e4a578aaac555f7ce,9,5,P.S. 291,11,/share/ju/cyclomedia/raw/bronx_2025_1k/W0E3T/W0E3TBEK/faces/L.jpg,0.063,121.0,0.5556,0.5294,0.5
145af625b85a75dcd459f84caedc78ff,9,5,"CITY-PRO GROUP, INC. - BEDFORD AVE",8,/share/ju/cyclomedia/raw/brooklyn_2025_1k/W0E8U/W0E8UJ7M/faces/L.jpg,0.066,119.0,0.5556,0.5294,0.5
1b9c92c8e50fc1ce02a2cb9cc6c420c6,9,5,AL-MADINAH SCHOOL,12,/share/ju/cyclomedia/raw/brooklyn_2025_1k/W0DAW/W0DAWO4R/faces/R.jpg,0.26,67.0,0.5556,0.5294,0.5
19fa0162cf0c9cc9598f2a75df73cecf,9,5,TIFERES MIRIAM SCHOOL FOR GIRLS,10,/share/ju/cyclomedia/raw/brooklyn_2025_1k/W0DCB/W0DCBCYC/faces/L.jpg,0.223,79.0,0.5556,0.5294,0.5
5d3578eb4cff96cbad7fb43f10c15c2f,9,5,UNITED CHARTER HIGH SCHOOL FOR THE HUMANITIES II,11,/share/ju/cyclomedia/raw/bronx_2025_1k/W0CWB/W0CWBK7Z/faces/L.jpg,0.023,143.0,0.5556,0.5294,0.5
0c9d0998b4036ba4c652170e3eeba289,9,5,P.S. 203 OAKLAND GARDENS,10,/share/ju/cyclomedia/raw/queens_2025_1k/W0D4P/W0D4P22A/faces/R.jpg,0.163,91.0,0.5556,0.5294,0.5
ff182c4d95846fbd93b33b8eeebe212b,9,5,YESHIVA OHR SHRAGA D'VERETZKY,7,/share/ju/cyclomedia/raw/brooklyn_2025_1k/W0DEI/W0DEI9YF/faces/R.jpg,0.231,77.0,0.5556,0.5294,0.5
e9e81d9d829d4439d04991000c9047bf,9,5,BRONX HIGH SCHOOL FOR THE VISUAL ARTS,9,/share/ju/cyclomedia/raw/bronx_2025_1k/W0CQ3/W0CQ3C7C/faces/R.jpg,0.193,84.0,0.5556,0.5294,0.5
5c69165e89c281953a598c8763474550,11,6,P.S. 159 ISAAC PITKIN,15,/share/ju/cyclomedia/raw/brooklyn_2025_1k/W0EH8/W0EH88XD/faces/F.jpg,0.118,102.0,0.5455,0.5263,0.5
4120110224657837f1d7d3505e96db36,11,6,SOUTH BRONX CLASSICAL CHARTER SCHOOL II MS,9,/share/ju/cyclomedia/raw/bronx_2025_1k/W0EBK/W0EBK2I2/faces/R.jpg,0.119,102.0,0.5455,0.5263,0.5
73fc6a558b4af0356de1e132684f1254,11,6,P.S. 009 SARAH ANDERSON,15,/share/ju/cyclomedia/raw/manhattan_2025_1k/W0ECR/W0ECRACM/faces/B.jpg,0.077,115.0,0.5455,0.5263,0.5
be0809ff272a9d455a49ba655304f584,11,6,TREVOR DAY SCHOOL,10,/share/ju/cyclomedia/raw/manhattan_2025_1k/W0D9K/W0D9KWP9/faces/F.jpg,0.189,85.0,0.5455,0.5263,0.5
55fc070f5daa6ecbbacce03626634663,11,6,THE CHRISTA MCAULIFFE SCHOOL\I.S. 187,11,/share/ju/cyclomedia/raw/brooklyn_2025_1k/W0EFV/W0EFV3KA/faces/F.jpg,0.082,113.0,0.5455,0.5263,0.5
3018e970a3459e4b62bc6cc741e25564,13,7,YESHIVAS SANZ,9,/share/ju/cyclomedia/raw/si_2025_1k/W0EM2/W0EM2KJO/faces/B.jpg,0.207,82.0,0.5385,0.5238,0.5
345d00d7965436d3d33dce563774aee1,8,4,P.S. 098 SHORAC KAPPOCK,12,/share/ju/cyclomedia/raw/manhattan_2025_1k/W0DAP/W0DAPPPE/faces/B.jpg,0.061,121.0,0.5,0.5,0.5
351ed62258db64e8f8285e81b0d29d08,8,4,P.S. 171 PETER G. VAN ALST,9,/share/ju/cyclomedia/raw/queens_2025_1k/W0E40/W0E40PDB/faces/B.jpg,0.05,126.0,0.5,0.5,0.5
567f33a30b64a2411522ab0677772a21,8,4,P.S. 020 PORT RICHMOND,8,/share/ju/cyclomedia/raw/si_2025_1k/W0D5P/W0D5PVKH/faces/R.jpg,0.108,105.0,0.5,0.5,0.5
564bea1320696a97898dd487d90f1e30,10,5,P.S. 020 JOHN BOWNE,7,/share/ju/cyclomedia/raw/queens_2025_1k/W0D4J/W0D4JDIO/faces/B.jpg,0.015,150.0,0.5,0.5,0.5
0a8b89a4e356ff920a3152eab5535ff6,8,4,SHEMA KOLAINU-HEAR OUR VOICES,8,/share/ju/cyclomedia/raw/brooklyn_2025_1k/W0DCX/W0DCX0SH/faces/B.jpg,0.303,66.0,0.5,0.5,0.5
5d6aa86b84820af7017c9000e51046b8,8,4,PATHWAYS COLLEGE PREPARATORY SCHOOL: A COLLEGE BOARD SCHOOL,12,/share/ju/cyclomedia/raw/queens_2025_1k/W0E9F/W0E9F8NW/faces/L.jpg,0.04,131.0,0.5,0.5,0.5
d08e76148aa7c69f8f096764ad2c2ac8,8,4,P.S. 001 ALFRED E. SMITH,14,/share/ju/cyclomedia/raw/manhattan_2025_1k/W0ELS/W0ELSQJH/faces/B.jpg,0.254,73.0,0.5,0.5,0.5
57eaaddb0be20724f6c1c7c8a304ab90,8,4,P.S./I.S. 104 THE FORT HAMILTON SCHOOL,13,/share/ju/cyclomedia/raw/brooklyn_2025_1k/W0DD1/W0DD14RE/faces/R.jpg,0.032,137.0,0.5,0.5,0.5
55ebe1bc4f6096240a85be3957d94181,10,5,ATLAS,13,/share/ju/cyclomedia/raw/queens_2025_1k/W0CGY/W0CGYZ13/faces/R.jpg,0.044,129.0,0.5,0.5,0.5
5405162a419f4fb794308b03024f5c39,8,4,MARY MCDOWELL FRIENDS SCHOOL-ELEMENT,6,/share/ju/cyclomedia/raw/brooklyn_2025_1k/W0D7O/W0D7OAFZ/faces/B.jpg,0.275,70.0,0.5,0.5,0.5
e320ab1ae9af2f1bdda0fb1292c3dbf9,8,4,ZETA CHARTER SCHOOL - BRONX  MOUNT EDEN,9,/share/ju/cyclomedia/raw/bronx_2025_1k/W0CW3/W0CW3L3W/faces/L.jpg,0.131,99.0,0.5,0.5,0.5
00c3e465c183122a472d300bdf99852d,8,4,P.S. 288 THE SHIRLEY TANYHILL,9,/share/ju/cyclomedia/raw/brooklyn_2025_1k/W0DEQ/W0DEQ63L/faces/R.jpg,0.019,147.0,0.5,0.5,0.5
4452c1737dd0bfdbb4011f597f58e47c,10,5,ZETA CHARTER SCHOOL – QUEENS JAMAICA,11,/share/ju/cyclomedia/raw/queens_2025_1k/W0E9E/W0E9ES7D/faces/L.jpg,0.01,157.0,0.5,0.5,0.5
01de5edffd16068460e483458e6a6a86,10,5,YESHIVA BAIS CHAYA ESTHER,9,/share/ju/cyclomedia/raw/brooklyn_2025_1k/W0DBP/W0DBPN0K/faces/R.jpg,0.401,37.0,0.5,0.5,0.5
019cce4f008ed999a15d5ff4803a1925,8,4,OUR LADY STAR OF THE SEA SCHOOL,10,/share/ju/cyclomedia/raw/si_2025_1k/W0EDS/W0EDSWO2/faces/L.jpg,0.226,74.0,0.5,0.5,0.5
ea6785a33c124640b812afa51bb45b0e,12,6,EAST HARLEM SCHOLARS ACADEMY CHARTER SCHOOL,13,/share/ju/cyclomedia/raw/manhattan_2025_1k/W0DGQ/W0DGQO7Y/faces/F.jpg,0.179,87.0,0.5,0.5,0.5
4174e302f08a9a8d879a819f32cc9f62,8,4,WORLD JOURNALISM PREPARATORY: A COLLEGE BOARD SCHOOL,9,/share/ju/cyclomedia/raw/queens_2025_1k/W0DJ2/W0DJ2PZC/faces/R.jpg,0.075,116.0,0.5,0.5,0.5
e9fd45d52b6f9d91f534fce3c07d52b7,8,4,P.S. 144 COL JEROMUS REMSEN,10,/share/ju/cyclomedia/raw/queens_2025_1k/W0EH5/W0EH5NNU/faces/B.jpg,0.264,72.0,0.5,0.5,0.5
3efc1a0502e10e15f0465c93c0a0418c,8,4,P.S. 150,8,/share/ju/cyclomedia/raw/manhattan_2025_1k/W0ELW/W0ELW3ID/faces/R.jpg,0.232,77.0,0.5,0.5,0.5
fb2612a47ed6f5d78d5971eca1ebee1b,10,5,P.S. 009,9,/share/ju/cyclomedia/raw/queens_2025_1k/W0E7O/W0E7OHGF/faces/L.jpg,0.136,97.0,0.5,0.5,0.5
41f40bdb9808af67fd4e696287b045eb,8,4,M.S. 158 MARIE CURIE,8,/share/ju/cyclomedia/raw/queens_2025_1k/W0D4U/W0D4UU3X/faces/R.jpg,0.008,160.0,0.5,0.5,0.5
0abc1d71ce2de9d807d5b15915c2302a,12,6,ECOLE INTERNATIONALE DE NEW YORK,7,/share/ju/cyclomedia/raw/manhattan_2025_1k/W0E5K/W0E5KN56/faces/F.jpg,0.209,81.0,0.5,0.5,0.5
089cfd6529ec9c136e530e2c2b372167,8,4,MANHATTAN BUSINESS ACADEMY,11,/share/ju/cyclomedia/raw/manhattan_2025_1k/W0ECO/W0ECOWEY/faces/F.jpg,0.086,112.0,0.5,0.5,0.5
d1e323bdf50d2357a74b77ddc4ae94bc,10,5,OHEL CHAYA,9,/share/ju/cyclomedia/raw/brooklyn_2025_1k/W0CRD/W0CRDCJ6/faces/R.jpg,0.254,73.0,0.5,0.5,0.5
85951bdd3a2a6405fc177d5c9c5c5894,8,4,NYSARC - STATEN ISLAND PREP SCHOOL,11,/share/ju/cyclomedia/raw/si_2025_1k/W0DAI/W0DAIL60/faces/F.jpg,0.176,88.0,0.5,0.5,0.5
2b0779b887c260a503a945db6933c824,8,4,I.S. 034 TOTTENVILLE,10,/share/ju/cyclomedia/raw/si_2025_1k/W0EDJ/W0EDJ971/faces/L.jpg,0.024,142.0,0.5,0.5,0.5
2aad6a6a6b5023d803c32577dfdd3ce5,12,6,YESHIVA KETANA OF STATEN ISLAND,12,/share/ju/cyclomedia/raw/si_2025_1k/W0EM3/W0EM3YH0/faces/B.jpg,0.249,74.0,0.5,0.5,0.5
25f329c6d075a65a31da833ea6d62512,8,4,DARKEI CHAIM,4,/share/ju/cyclomedia/raw/brooklyn_2025_1k/W0DCJ/W0DCJ0GW/faces/B.jpg,0.156,85.0,0.5,0.5,0.5
8161dbc8a0e2d848556f45171fe6efc8,8,4,P.S. K231,7,/share/ju/cyclomedia/raw/brooklyn_2025_1k/W0EFO/W0EFO9RD/faces/B.jpg,0.04,128.0,0.5,0.5,0.5
45102f79b895595b0bc23c428b5c5bde,8,4,BACCALAUREATE SCHOOL FOR GLOBAL EDUCATION,9,/share/ju/cyclomedia/raw/queens_2025_1k/W0CEI/W0CEII5S/faces/B.jpg,0.214,80.0,0.5,0.5,0.5
4c5533bdb28717bcaa571fe331e7f7ed,12,6,DREAM CHARTER SCHOOL HIGHBRIDGE,12,/share/ju/cyclomedia/raw/bronx_2025_1k/W0E6C/W0E6CJKA/faces/R.jpg,0.149,94.0,0.5,0.5,0.5
75429c37abd3d6ec383ac83ea1b26e63,8,4,GROWING UP GREEN CHARTER SCHOOL II,9,/share/ju/cyclomedia/raw/queens_2025_1k/W0CZQ/W0CZQ4AH/faces/R.jpg,0.045,129.0,0.5,0.5,0.5
9ca602a547619f6628cf033dc5f3ea64,8,4,CHOICE CHARTER SCHOOL,12,/share/ju/cyclomedia/raw/bronx_2025_1k/W0EBK/W0EBK33J/faces/F.jpg,0.117,102.0,0.5,0.5,0.5
ee4d3076d7d5619c4b0c737abcea2662,8,4,WINGS ACADEMY,12,/share/ju/cyclomedia/raw/bronx_2025_1k/W0E6F/W0E6FI2P/faces/B.jpg,0.059,122.0,0.5,0.5,0.5
26539b87715327373e1105b8eb3993a6,8,4,P.S. K811 CONNIE LEKAS SCHOOL,8,/share/ju/cyclomedia/raw/brooklyn_2025_1k/W0DE1/W0DE1JK1/faces/R.jpg,0.107,105.0,0.5,0.5,0.5
8c4ee7fe42bc7244ba7b71d88cbf4d14,12,6,P.S. 131 ABIGAIL ADAMS,13,/share/ju/cyclomedia/raw/queens_2025_1k/W0EPF/W0EPFRQP/faces/B.jpg,0.065,120.0,0.5,0.5,0.5
95b6428d68f06ee82bb529b7ba23ef88,8,4,"KIDS-CENTRIC, INC DEWITT HEADSTART",11,/share/ju/cyclomedia/raw/manhattan_2025_1k/W0DOG/W0DOGKLH/faces/F.jpg,0.269,71.0,0.5,0.5,0.5
95188057dbff3c74d67f21ad8c3c8857,10,5,P.S. 091 RICHARD ARKWRIGHT,13,/share/ju/cyclomedia/raw/queens_2025_1k/W0DEP/W0DEP2SB/faces/R.jpg,0.068,119.0,0.5,0.5,0.5
8f663758a2b1190219cdda4c1710c253,10,5,P.S. 096 JOSEPH LANZETTA,14,/share/ju/cyclomedia/raw/manhattan_2025_1k/W0ECR/W0ECRH55/faces/B.jpg,0.253,74.0,0.5,0.5,0.5
244f8ea5255594c9bbd5402df78d0b1d,8,4,WATERSIDE CHILDREN'S STUDIO SCHOOL,14,/share/ju/cyclomedia/raw/queens_2025_1k/W0DIO/W0DIOCJX/faces/R.jpg,0.09,110.0,0.5,0.5,0.5
c247e2509dde5de0bdd309e99d5473f8,8,4,P.S. 112 DUTCH KILLS,9,/share/ju/cyclomedia/raw/queens_2025_1k/W0CEI/W0CEIDVS/faces/R.jpg,0.086,108.0,0.5,0.5,0.5
0bd6b4e56bcb3ccf429dd1755f170ac1,10,5,INWOOD ACADEMY FOR LEADERSHIP CHARTER,9,/share/ju/cyclomedia/raw/manhattan_2025_1k/W0D6X/W0D6XJRP/faces/F.jpg,0.213,81.0,0.5,0.5,0.5
62f17203e51493781be0fa8b5a2b810b,8,4,P.S. 030 WESTERLEIGH,15,/share/ju/cyclomedia/raw/si_2025_1k/W0D0U/W0D0U7NL/faces/L.jpg,0.165,90.0,0.5,0.5,0.5
146a91cadd5169fd655e1ab5ab6a56f9,8,4,P.S. 032 THE GIFFORD SCHOOL,8,/share/ju/cyclomedia/raw/si_2025_1k/W0E8Z/W0E8Z41N/faces/L.jpg,0.033,136.0,0.5,0.5,0.5
aa043a0e6d963aaacfd2077348bc5929,12,6,OUR LADY OF GRACE CATHOLIC ACAD,15,/share/ju/cyclomedia/raw/brooklyn_2025_1k/W0DCX/W0DCX5GF/faces/F.jpg,0.096,108.0,0.5,0.5,0.5
0e69fcd849fa8f759ca133b4fec63e09,8,4,EAST WILLIAMSBURG SCHOLARS ACADEMY,4,/share/ju/cyclomedia/raw/brooklyn_2025_1k/W0D0M/W0D0M0JH/faces/B.jpg,0.0,195.0,0.5,0.5,0.5
0e101e3a1052d62c1489f4a979c9f543,10,5,MOTT HALL V,11,/share/ju/cyclomedia/raw/bronx_2025_1k/W0CPH/W0CPHX6G/faces/L.jpg,0.175,88.0,0.5,0.5,0.5
0f256fe033b959144f9e9be7a154c1f2,10,5,HYDE LEADERSHIP CHARTER SCHOOL - BROOKLYN,15,/share/ju/cyclomedia/raw/brooklyn_2025_1k/W0DBM/W0DBMC0L/faces/L.jpg,0.053,125.0,0.5,0.5,0.5
a7929678cfce0a9f4bc8ce0217d10198,10,5,UNITED LUBAVITCHER YESHIVOTH ANNEX,10,/share/ju/cyclomedia/raw/brooklyn_2025_1k/W0E8V/W0E8V16J/faces/F.jpg,0.111,104.0,0.5,0.5,0.5
306e3127c102e0812378066c80854325,8,4,ST ANN SCHOOL,9,/share/ju/cyclomedia/raw/si_2025_1k/W0E8X/W0E8X8EE/faces/R.jpg,0.122,101.0,0.5,0.5,0.5
677b45f424df33580457e2c8f004810f,8,4,CATHEDRAL PREP SCHOOL-SEMINARY,9,/share/ju/cyclomedia/raw/queens_2025_1k/W0E5U/W0E5UA32/faces/F.jpg,0.16,91.0,0.5,0.5,0.5
15e99c2e35d7e1562c52658057f96043,8,4,P.S. 154 HARRIET TUBMAN,10,/share/ju/cyclomedia/raw/manhattan_2025_1k/W0D28/W0D2879E/faces/B.jpg,0.096,107.0,0.5,0.5,0.5
add5e87a06b900265ca45c628c6d3f8a,10,5,VIZNITZER CHAIDER TIFERES YISROEL,9,/share/ju/cyclomedia/raw/brooklyn_2025_1k/W0EFR/W0EFRMTY/faces/B.jpg,0.247,70.0,0.5,0.5,0.5
ada57a82fbedb2d0dee2814bbfbdfbd7,8,4,POSITIVE BEGINNINGS - MIDDLE VILLAGE,10,/share/ju/cyclomedia/raw/queens_2025_1k/W0DCM/W0DCML6B/faces/B.jpg,0.206,82.0,0.5,0.5,0.5
70314c1de517f27475e57c5da2faafe1,8,4,ELEANOR ROOSEVELT HIGH SCHOOL,11,/share/ju/cyclomedia/raw/manhattan_2025_1k/W0ECQ/W0ECQZCH/faces/F.jpg,0.201,83.0,0.5,0.5,0.5
a63958fd90be2cc3c444c832cd4dbedb,8,4,P.S. 163 ARTHUR A. SCHOMBURG,8,/share/ju/cyclomedia/raw/bronx_2025_1k/W0E6F/W0E6FHPL/faces/B.jpg,0.071,117.0,0.5,0.5,0.5
4dfa756c9daf3fbf6834a278e4655f6a,10,5,SINAI ACADEMIC CENTER,12,/share/ju/cyclomedia/raw/brooklyn_2025_1k/W0D9M/W0D9M53U/faces/F.jpg,0.18,87.0,0.5,0.5,0.5
2ec35315f45d5bbc43494539eb5da3d2,8,4,P.S. 256 BENJAMIN BANNEKER,11,/share/ju/cyclomedia/raw/brooklyn_2025_1k/W0E5S/W0E5SEUA/faces/B.jpg,0.13,99.0,0.5,0.5,0.5
311a1ba4c770e25e07243bb9a7311280,8,4,ASSOCIATION  BENEFIT CHLDRN-GRAHAM,12,/share/ju/cyclomedia/raw/manhattan_2025_1k/W0EHK/W0EHKSV0/faces/F.jpg,0.215,70.0,0.5,0.5,0.5
90a7a5cbc06fa23fa844d983327451ff,8,4,BROOKLYN TECHNICAL HIGH SCHOOL,8,/share/ju/cyclomedia/raw/brooklyn_2025_1k/W0EEE/W0EEENL2/faces/R.jpg,0.031,137.0,0.5,0.5,0.5
e9e731683a84f7dfc0f67d43361aed0c,15,7,P.S. 312 BERGEN BEACH,13,/share/ju/cyclomedia/raw/brooklyn_2025_1k/W0EHY/W0EHY9NF/faces/R.jpg,0.004,168.0,0.4667,0.4783,0.5
ea879c64a08bd3c994820967e787a66e,11,5,P.S. 255 BARBARA REING SCHOOL,7,/share/ju/cyclomedia/raw/brooklyn_2025_1k/W0EEW/W0EEWDDE/faces/L.jpg,0.001,180.0,0.4545,0.4737,0.5
1d7d478c2b0aac2ca921b8866d850aec,11,5,STERLING SCHOOL,6,/share/ju/cyclomedia/raw/brooklyn_2025_1k/W0D7O/W0D7OA2A/faces/F.jpg,0.243,75.0,0.4545,0.4737,0.5
0f4dc769abe83b72969a2de784aafbb6,11,5,P.S. 74 FUTURE LEADERS ELEMENTARY SCHOOL,10,/share/ju/cyclomedia/raw/si_2025_1k/W0EL0/W0EL0OR5/faces/R.jpg,0.142,96.0,0.4545,0.4737,0.5
ef90535bfb973573acd2aa06cbcf6dcd,11,5,LEARNING TREE PREP SCHOOL,16,/share/ju/cyclomedia/raw/bronx_2025_1k/W0E45/W0E45LGK/faces/B.jpg,0.199,83.0,0.4545,0.4737,0.5
fb8f355bbec7e277dc4cbe34a86ca55c,11,5,GED- P2G - M MITCHELL FC CTR - AHSEP,12,/share/ju/cyclomedia/raw/bronx_2025_1k/W0CPU/W0CPUPC0/faces/L.jpg,0.334,59.0,0.4545,0.4737,0.5
0fefbd4376c645733567a38d977bef6e,9,4,CONG MACHNA SHALVA IV,8,/share/ju/cyclomedia/raw/brooklyn_2025_1k/W0DCK/W0DCKV4E/faces/B.jpg,0.225,78.0,0.4444,0.4706,0.5
590b104cfdf3e426536cea0ccb7ea092,9,4,THE WOODSIDE COMMUNITY SCHOOL,9,/share/ju/cyclomedia/raw/queens_2025_1k/W0E4D/W0E4DYG5/faces/L.jpg,0.243,75.0,0.4444,0.4706,0.5
41a100cc987b4f988f4448bda3340a49,9,4,ST SAVIOUR CATHOLIC ACADEMY,9,/share/ju/cyclomedia/raw/brooklyn_2025_1k/W0EH2/W0EH2RT2/faces/R.jpg,0.195,84.0,0.4444,0.4706,0.5
357c7011fdbd57cd6d885285847eece3,9,4,M.S. 582,13,/share/ju/cyclomedia/raw/brooklyn_2025_1k/W0E8H/W0E8HX7M/faces/R.jpg,0.05,126.0,0.4444,0.4706,0.5
d50cba1c4d133046b4ca888f4456b517,9,4,GREATER NEW YORK ACADEMY,8,/share/ju/cyclomedia/raw/queens_2025_1k/W0CJT/W0CJTTS7/faces/L.jpg,0.219,80.0,0.4444,0.4706,0.5
31f4adb2ee1bc6e53472d730830b7dab,9,4,CONGREGATION YMH,7,/share/ju/cyclomedia/raw/queens_2025_1k/W0EOH/W0EOH5Z4/faces/F.jpg,0.126,100.0,0.4444,0.4706,0.5
a2c3c36809032dccbccb0c61a4ed218f,9,4,BRONX LEADERSHIP ACADEMY HIGH SCHOOL,9,/share/ju/cyclomedia/raw/bronx_2025_1k/W0CPG/W0CPG2S7/faces/R.jpg,0.077,115.0,0.4444,0.4706,0.5
a36f0e365097009f450613ed3cc521d2,9,4,TRANSIT TECH CAREER AND TECHNICAL EDUCATION HIGH SCHOOL,9,/share/ju/cyclomedia/raw/brooklyn_2025_1k/W0DDF/W0DDFDDS/faces/F.jpg,0.014,151.0,0.4444,0.4706,0.5
73919ad87346117e1606d8a662715764,9,4,QSAC INC WHITESTONE,11,/share/ju/cyclomedia/raw/queens_2025_1k/W0CZZ/W0CZZUR7/faces/L.jpg,0.18,87.0,0.4444,0.4706,0.5
b071b99e17a577438eb4111f31036359,9,4,YESHIVA CHSAN SOFER,12,/share/ju/cyclomedia/raw/brooklyn_2025_1k/W0DCQ/W0DCQWEY/faces/F.jpg,0.043,130.0,0.4444,0.4706,0.5
169873e45c9978ea4337cf4026ba1634,9,4,THE ACADEMY FOR COLLABORATIVE EXPLORATION,12,/share/ju/cyclomedia/raw/brooklyn_2025_1k/W0D08/W0D08WSN/faces/F.jpg,0.131,99.0,0.4444,0.4706,0.5
677d2fbe296348315eda14be07a35fba,9,4,CITY OF FAITH CHRISTIAN SCHOOL,10,/share/ju/cyclomedia/raw/bronx_2025_1k/W0CQ2/W0CQ2IHA/faces/L.jpg,0.089,111.0,0.4444,0.4706,0.5
c0778077de27af93c54d14518ce58394,9,4,DEMOCRACY PREPARATORY ENDURANCE CHARTER SCHOOL,9,/share/ju/cyclomedia/raw/bronx_2025_1k/W0CW6/W0CW6Q6F/faces/B.jpg,0.068,118.0,0.4444,0.4706,0.5
13be4636dcac13550ed887249cdb0814,9,4,SUCCESS ACADEMY CHARTER SCHOOL-BRONX 3,10,/share/ju/cyclomedia/raw/bronx_2025_1k/W0D2X/W0D2XISG/faces/F.jpg,0.058,123.0,0.4444,0.4706,0.5
1dbf509a2a5f6030be689673bcb59fb3,9,4,UCP OF NYC - HARRY H GORDON SCHOOL,10,/share/ju/cyclomedia/raw/bronx_2025_1k/W0EBJ/W0EBJTHZ/faces/L.jpg,0.064,120.0,0.4444,0.4706,0.5
9ea07e4a4d5dc79074a30230f7841254,9,4,STARTING POINT - BEDFORD STUYVESANT,10,/share/ju/cyclomedia/raw/brooklyn_2025_1k/W0E5G/W0E5G7EQ/faces/F.jpg,0.034,135.0,0.4444,0.4706,0.5
2794b5a03cf004abdc9731318a860a1e,9,4,SMILES AROUND US ACADEMY,11,/share/ju/cyclomedia/raw/si_2025_1k/W0E8X/W0E8X953/faces/B.jpg,0.442,48.0,0.4444,0.4706,0.5
86ec1d4f874bd866c3ffbb7ee50b65f3,9,4,HEARTSHARE EDUCATION CENTER,10,/share/ju/cyclomedia/raw/brooklyn_2025_1k/W0DCI/W0DCIE4G/faces/R.jpg,0.015,151.0,0.4444,0.4706,0.5
079dd94b71375fbaf6dfc74061942759,9,4,P.S. 124 YUNG WING,8,/share/ju/cyclomedia/raw/manhattan_2025_1k/W0DI9/W0DI9WZQ/faces/F.jpg,0.001,182.0,0.4444,0.4706,0.5
7afb5b68203cb2a06eeeee0d2459f8f0,9,4,JEWISH INSTITUTE OF QUEENS,12,/share/ju/cyclomedia/raw/queens_2025_1k/W0E5Z/W0E5ZX0Z/faces/B.jpg,0.151,94.0,0.4444,0.4706,0.5
f0fcbebc9e90bda75ca1c2145d592a5f,9,4,"P.S. 145, THE BLOOMINGDALE SCHOOL",11,/share/ju/cyclomedia/raw/manhattan_2025_1k/W0ECV/W0ECVUL6/faces/B.jpg,0.142,96.0,0.4444,0.4706,0.5
f4c34ea888a8246d4003e331be379d51,9,4,SEDGWICK,10,/share/ju/cyclomedia/raw/bronx_2025_1k/W0EBK/W0EBK1EO/faces/B.jpg,0.087,111.0,0.4444,0.4706,0.5
d76f6df9f3f2b0b02a3dc52f2987107b,16,7,OUR LADY OF TRUST CATHOLIC ACADEMY,18,/share/ju/cyclomedia/raw/brooklyn_2025_1k/W0DCU/W0DCU1QQ/faces/L.jpg,0.137,96.0,0.4375,0.4583,0.5
0a21dc506ddbcd57fb1bb131e6edf4c1,12,5,ZETA CHARTER SCHOOL – QUEENS 2,13,/share/ju/cyclomedia/raw/queens_2025_1k/W0E5U/W0E5U5Z5/faces/F.jpg,0.353,59.0,0.4167,0.45,0.5
8e34a81d896326513151cfc28435b9be,12,5,HEBREW ACADEMY FOR SPECIAL CHILDREN,14,/share/ju/cyclomedia/raw/brooklyn_2025_1k/W0DCU/W0DCUZZZ/faces/L.jpg,0.387,54.0,0.4167,0.45,0.5
ff55b8c66e78a8df50d0f5b0b775774b,12,5,P.S. 152 GWENDOLINE N. ALLEYNE SCHOOL,14,/share/ju/cyclomedia/raw/queens_2025_1k/W0CJT/W0CJTTH9/faces/L.jpg,0.234,77.0,0.4167,0.45,0.5
f1b30c7ce343afb42186afb906dbb3a6,10,4,P.S. 282 PARK SLOPE,15,/share/ju/cyclomedia/raw/brooklyn_2025_1k/W0DEK/W0DEKFEF/faces/F.jpg,0.014,152.0,0.4,0.4444,0.5
826dfd852896ca176a75f57251c327b1,10,4,JACQUELINE KENNEDY ONASSIS HIGH SCHOOL,10,/share/ju/cyclomedia/raw/manhattan_2025_1k/W0CTZ/W0CTZEOJ/faces/B.jpg,0.183,86.0,0.4,0.4444,0.5
899d1b9afc1ad5be386d0d3cfa87181e,10,4,YESHIVA DERECH HATORAH,12,/share/ju/cyclomedia/raw/brooklyn_2025_1k/W0EH7/W0EH7UM9/faces/L.jpg,0.212,81.0,0.4,0.4444,0.5
4bc29e558d5312c34926767e552bc239,10,4,P.S. 095 SHEILA MENCHER,10,/share/ju/cyclomedia/raw/bronx_2025_1k/W0D2U/W0D2UAK5/faces/L.jpg,0.059,122.0,0.4,0.4444,0.5
3bcbdb5578a03f3197155add3bfc7872,10,4,YESHIVAT OR HATORAH,9,/share/ju/cyclomedia/raw/brooklyn_2025_1k/W0EEP/W0EEPI3U/faces/R.jpg,0.201,83.0,0.4,0.4444,0.5
bba15289a7b287042b52620797a68a37,10,4,LOWELL UPPER SCHOOL OF FLUSHING,12,/share/ju/cyclomedia/raw/queens_2025_1k/W0EBF/W0EBF5QJ/faces/F.jpg,0.183,87.0,0.4,0.4444,0.5
7781f7d18f13f8d8b6da7c13730bc0d7,10,4,NEW WORLD PREPARATORY CHARTER SCHOOL,9,/share/ju/cyclomedia/raw/si_2025_1k/W0D0U/W0D0U3UZ/faces/L.jpg,0.04,132.0,0.4,0.4444,0.5
1aab0bcedc1ac083c2604c3f2e5fc740,10,4,P.S. 182,13,/share/ju/cyclomedia/raw/bronx_2025_1k/W0CPN/W0CPNQYL/faces/L.jpg,0.049,127.0,0.4,0.4444,0.5
cec7386a677f1164c0be7f9c71a56d79,10,4,BRONX ACADEMY OF PROMISE CHARTER SCHOOL,10,/share/ju/cyclomedia/raw/bronx_2025_1k/W0CW3/W0CW3M46/faces/R.jpg,0.065,119.0,0.4,0.4444,0.5
03be606a1e07ec08a7ba9d1fc30ec98e,17,7,HEARTSHARE HUMAN SVCS CUOMO FIRST,19,/share/ju/cyclomedia/raw/queens_2025_1k/W0EBI/W0EBIF93/faces/L.jpg,0.195,84.0,0.4118,0.44,0.5
6b9fd98110d5fb1ac0287845f3226ac8,8,3,I.S. 318 EUGENIO MARIA DE HOSTOS,11,/share/ju/cyclomedia/raw/brooklyn_2025_1k/W0E8Q/W0E8QUCJ/faces/B.jpg,0.029,139.0,0.375,0.4375,0.5
5009e0468b5b12da4a67a4d10415a5f4,8,3,P.S. 054 HILLSIDE,11,/share/ju/cyclomedia/raw/queens_2025_1k/W0EBH/W0EBHA41/faces/L.jpg,0.057,123.0,0.375,0.4375,0.5
f8381943e888b3edbc8ba4c82ec0a577,8,3,SUCCESS ACADEMY CHARTER SCHOOL - NYC 7,10,/share/ju/cyclomedia/raw/bronx_2025_1k/W0ENF/W0ENF7CI/faces/B.jpg,0.252,74.0,0.375,0.4375,0.5
e1221ae922c11ff5b4a9f32dde9c1fee,8,3,UNITY PREPARATORY UPPER CHARTER SCHOOL OF BROOKLYN,7,/share/ju/cyclomedia/raw/brooklyn_2025_1k/W0D0M/W0D0M36D/faces/L.jpg,0.204,82.0,0.375,0.4375,0.5
5e9c39dfee19cd735a9a1a24886c33ce,8,3,YESHIVA RLKTI PRIMARY,7,/share/ju/cyclomedia/raw/queens_2025_1k/W0DIK/W0DIKZPH/faces/R.jpg,0.258,72.0,0.375,0.4375,0.5
29317dcb305ec4f0bb6937edd8fb1104,8,3,P.S. 3 RAUL JULIA MICRO SOCIETY,13,/share/ju/cyclomedia/raw/bronx_2025_1k/W0E6F/W0E6FWGV/faces/R.jpg,0.059,122.0,0.375,0.4375,0.5
86d995a1c1eeba292dd6884db4687f06,8,3,BET YAAKOV MEKOR HAIM,4,/share/ju/cyclomedia/raw/brooklyn_2025_1k/W0DEH/W0DEHXWE/faces/R.jpg,0.215,80.0,0.375,0.4375,0.5
43ccf7c37928c049c23e842d3ab8e768,8,3,M.S. 035 STEPHEN DECATUR,10,/share/ju/cyclomedia/raw/brooklyn_2025_1k/W0E3V/W0E3VLD5/faces/B.jpg,0.1,107.0,0.375,0.4375,0.5
78ed47d8a8fe235372def44f362fc3c1,8,3,KIPP BRONX CHARTER SCHOOL II,8,/share/ju/cyclomedia/raw/bronx_2025_1k/W0D2T/W0D2TV9T/faces/R.jpg,0.099,107.0,0.375,0.4375,0.5
bd8d0f8910a1444ae4edd5aaf9c893ab,8,3,P.S. 043,9,/share/ju/cyclomedia/raw/queens_2025_1k/W0EOH/W0EOH21K/faces/R.jpg,0.134,98.0,0.375,0.4375,0.5
8a0f21b926f2d211fb2f2d59f6e72e5f,8,3,OUR LADY OF PERPETUAL HELP CATHOLIC,12,/share/ju/cyclomedia/raw/brooklyn_2025_1k/W0EEF/W0EEFEG2/faces/B.jpg,0.041,131.0,0.375,0.4375,0.5
bde25e0ddf216c62846856b4a301c93b,8,3,"P.S. 279 CAPTAIN MANUEL RIVERA, JR.",10,/share/ju/cyclomedia/raw/bronx_2025_1k/W0EBJ/W0EBJZD4/faces/R.jpg,0.198,80.0,0.375,0.4375,0.5
c831a73cbda781fd608318c7723ad415,8,3,P.S. 105 THE BLYTHEBOURNE,8,/share/ju/cyclomedia/raw/brooklyn_2025_1k/W0DKL/W0DKL4XA/faces/B.jpg,0.048,125.0,0.375,0.4375,0.5
32b2b880e1ec8ecd4484669630d1b083,8,3,FAMILY LIFE ACADEMY CHARTER SCHOOL III,6,/share/ju/cyclomedia/raw/bronx_2025_1k/W0EBK/W0EBK5B0/faces/R.jpg,0.136,97.0,0.375,0.4375,0.5
9938c9cb331bbb8d8b9c3a511e775b42,8,3,RAVEN'S ELEMENTARY SCHOOL,9,/share/ju/cyclomedia/raw/brooklyn_2025_1k/W0EI7/W0EI7ZTX/faces/B.jpg,0.35,54.0,0.375,0.4375,0.5
4f5a054ab3ff0edf299d4c791ca867dc,8,3,P.S. 086 THE IRVINGTON,7,/share/ju/cyclomedia/raw/brooklyn_2025_1k/W0E5V/W0E5VM8P/faces/R.jpg,0.141,96.0,0.375,0.4375,0.5
88ed639da31ce699eb8d8a643119c18a,8,3,P.S. 108 ASSEMBLYMAN ANGELO DEL TORO EDUCATIONAL COMPLEX,13,/share/ju/cyclomedia/raw/manhattan_2025_1k/W0DGQ/W0DGQP01/faces/B.jpg,0.038,133.0,0.375,0.4375,0.5
5ce1a6778d24e71b8c32362daaa740bb,8,3,P.S. 235 JANICE MARIE KNIGHT SCHOOL,9,/share/ju/cyclomedia/raw/brooklyn_2025_1k/W0EFP/W0EFP3FY/faces/R.jpg,0.047,128.0,0.375,0.4375,0.5
1156d5512970abb50bd821afe5778578,8,3,GAN YISROEL,9,/share/ju/cyclomedia/raw/brooklyn_2025_1k/W0EFQ/W0EFQF0A/faces/L.jpg,0.292,67.0,0.375,0.4375,0.5
636b971a085e89e6ef55cdface71bb03,8,3,YORK EARLY COLLEGE ACADEMY,8,/share/ju/cyclomedia/raw/queens_2025_1k/W0E9E/W0E9EQ4K/faces/R.jpg,0.026,141.0,0.375,0.4375,0.5
cca66d834ee62616bf8f80544930c248,8,3,BNOS SQUARE OF WILLIAMSBURG,8,/share/ju/cyclomedia/raw/brooklyn_2025_1k/W0E3S/W0E3SONK/faces/R.jpg,0.251,74.0,0.375,0.4375,0.5
cce46070e7968d17ae0514eba528f95c,8,3,THE JERMAINE L. GREEN STEM INSTITUTE OF QUEENS,8,/share/ju/cyclomedia/raw/queens_2025_1k/W0E9D/W0E9DX79/faces/B.jpg,0.003,170.0,0.375,0.4375,0.5
d27a1fd129d341ca7bd8c0dab44d4ac4,8,3,P.S. 103 HECTOR FONTANEZ,10,/share/ju/cyclomedia/raw/bronx_2025_1k/W0E3Y/W0E3YDRR/faces/L.jpg,0.215,80.0,0.375,0.4375,0.5
42c08d3b2267cd87b0c99b668b1cec0d,8,3,FAMILY LIFE ACADEMY CHARTER SCHOOL,10,/share/ju/cyclomedia/raw/bronx_2025_1k/W0CQ3/W0CQ32KT/faces/B.jpg,0.195,84.0,0.375,0.4375,0.5
abac0e6658afd770ee6ee6809cdb72cd,8,3,P.S. 111 SETON FALLS,6,/share/ju/cyclomedia/raw/bronx_2025_1k/W0E3Y/W0E3YAMW/faces/R.jpg,0.01,157.0,0.375,0.4375,0.5
f4dd25bb9ad33e7b3c9dc782a87b4bd8,8,3,CHILDREN'S ACADEMY,9,/share/ju/cyclomedia/raw/manhattan_2025_1k/W0E61/W0E61GA2/faces/F.jpg,0.151,93.0,0.375,0.4375,0.5
3a8e541e4b03c3b5c62d7517ed888142,13,5,P.S. 340,13,/share/ju/cyclomedia/raw/bronx_2025_1k/W0D2U/W0D2UDI8/faces/F.jpg,0.011,155.0,0.3846,0.4286,0.5
8377d3aee5b1ed7cca858690cc586bca,11,4,"KIDS-CENTRIC, INC UNV. SETTLEMENT",13,/share/ju/cyclomedia/raw/brooklyn_2025_1k/W0EH9/W0EH97IZ/faces/L.jpg,0.216,80.0,0.3636,0.4211,0.5
189a624adde6a938a6c866aef62866cf,11,4,AMBER CHARTER SCHOOL INWOOD,7,/share/ju/cyclomedia/raw/manhattan_2025_1k/W0DAP/W0DAPP3Z/faces/L.jpg,0.24,73.0,0.3636,0.4211,0.5
4fa8710ca0eccb217809ca1a16038902,11,4,GED RESTART-DYNAMITE YC-BROOK-AHSEP,10,/share/ju/cyclomedia/raw/brooklyn_2025_1k/W0EEU/W0EEU7H4/faces/L.jpg,0.246,75.0,0.3636,0.4211,0.5
ac8de43639b92f42f5f72ecb93357016,11,4,ABC CHILDREN NP INC,8,/share/ju/cyclomedia/raw/queens_2025_1k/W0E3W/W0E3WT1T/faces/B.jpg,0.294,67.0,0.3636,0.4211,0.5
4cd8673281ccb7c9a3e9a010931c772f,11,4,INTERDISCIPLINARY CNTR - SPRINGFIELD,13,/share/ju/cyclomedia/raw/queens_2025_1k/W0EQ0/W0EQ0ISO/faces/F.jpg,0.166,90.0,0.3636,0.4211,0.5
7bd51eac3141285796a9e8be396e9501,9,3,P.S. 298 DR. BETTY SHABAZZ,14,/share/ju/cyclomedia/raw/brooklyn_2025_1k/W0EFP/W0EFPY80/faces/R.jpg,0.045,129.0,0.3333,0.4118,0.5
e212b5ce2ab51ca7e3f5b7c67c8a85b9,9,3,BIRCH FAMILY SERVICES  -PELHAM BAY,10,/share/ju/cyclomedia/raw/bronx_2025_1k/W0CTQ/W0CTQ2SY/faces/F.jpg,0.316,64.0,0.3333,0.4118,0.5
7a3ab5ea3519fa868c26e72e39281c69,9,3,STATEN ISLAND TECHNICAL HIGH SCHOOL,9,/share/ju/cyclomedia/raw/si_2025_1k/W0E3R/W0E3RKFR/faces/L.jpg,0.511,30.0,0.3333,0.4118,0.5
419179e903ceb199050e681834ff38d5,9,3,P.S. 506: THE SCHOOL OF JOURNALISM & TECHNOLOGY,10,/share/ju/cyclomedia/raw/brooklyn_2025_1k/W0DKL/W0DKL4K6/faces/B.jpg,0.055,124.0,0.3333,0.4118,0.5
58d7e9b3d717238c5a241271a47d8a72,9,3,COOKE SCHOOL AND INSTITUTE,6,/share/ju/cyclomedia/raw/manhattan_2025_1k/W0DI7/W0DI7UJW/faces/R.jpg,0.255,73.0,0.3333,0.4118,0.5
53ddd41b946dc9222feab6368b9f8feb,9,3,WILLIAM CULLEN BRYANT HIGH SCHOOL,14,/share/ju/cyclomedia/raw/queens_2025_1k/W0E4G/W0E4GRK6/faces/R.jpg,0.047,128.0,0.3333,0.4118,0.5
87dbfc72d16c6b267ca9810983ef3666,9,3,MESIVTA YESHIVA RABBI CHAIM BERLIN,12,/share/ju/cyclomedia/raw/brooklyn_2025_1k/W0EEU/W0EEU8ZZ/faces/R.jpg,0.235,77.0,0.3333,0.4118,0.5
5773756f3014692161ff459d87164d6e,9,3,CHABAD GIRLS ACADEMY,8,/share/ju/cyclomedia/raw/brooklyn_2025_1k/W0E8V/W0E8V17K/faces/F.jpg,0.193,84.0,0.3333,0.4118,0.5
1483cea16c5f218e846514337de952b9,9,3,JONAS BRONCK ACADEMY,13,/share/ju/cyclomedia/raw/bronx_2025_1k/W0E3T/W0E3T50E/faces/R.jpg,0.09,110.0,0.3333,0.4118,0.5
c81750360879827aad09f658459f0385,9,3,P.S. 075 MAYDA CORTIELLA,11,/share/ju/cyclomedia/raw/brooklyn_2025_1k/W0E5V/W0E5VLSI/faces/L.jpg,0.193,84.0,0.3333,0.4118,0.5
633df743d649eb228d523174360561c1,9,3,P.S. 153 ADAM CLAYTON POWELL,10,/share/ju/cyclomedia/raw/manhattan_2025_1k/W0D72/W0D72YV9/faces/F.jpg,0.045,129.0,0.3333,0.4118,0.5
6323e091f8112fbc09510281995136cf,9,3,P.S. 058 THE CARROLL,9,/share/ju/cyclomedia/raw/brooklyn_2025_1k/W0DBQ/W0DBQIKC/faces/B.jpg,0.067,119.0,0.3333,0.4118,0.5
ae324ba1932dea1dbd082cee30fd4227,9,3,MONA PREP DAY CARE INC,8,/share/ju/cyclomedia/raw/queens_2025_1k/W0DJ4/W0DJ4MDK/faces/F.jpg,0.197,84.0,0.3333,0.4118,0.5
15ffaa412081f72bc53bb4640410c1bb,9,3,P.S. 157 GROVE HILL,8,/share/ju/cyclomedia/raw/bronx_2025_1k/W0CWB/W0CWBOMH/faces/R.jpg,0.021,145.0,0.3333,0.4118,0.5
75137d5dc9b09ebde49db5647987b963,9,3,P.S. 115 DANIEL MUCATEL SCHOOL,11,/share/ju/cyclomedia/raw/brooklyn_2025_1k/W0DCT/W0DCTZZJ/faces/R.jpg,0.005,167.0,0.3333,0.4118,0.5
15850c94ae4d6d0e42dfddbee658e0ae,9,3,THE JUDITH S. KAYE SCHOOL,9,/share/ju/cyclomedia/raw/manhattan_2025_1k/W0DGQ/W0DGQQR1/faces/F.jpg,0.033,136.0,0.3333,0.4118,0.5
4746b54270708e6bb8ba70cf338d9a1e,9,3,PATHWAYS CHILDREN'S SERVICES,9,/share/ju/cyclomedia/raw/manhattan_2025_1k/W0EHO/W0EHO4QC/faces/B.jpg,0.071,117.0,0.3333,0.4118,0.5
4901f4f4368b0dd42435e58875619dab,9,3,YESHIVA OF KASHO,8,/share/ju/cyclomedia/raw/brooklyn_2025_1k/W0E3S/W0E3SOM6/faces/R.jpg,0.255,73.0,0.3333,0.4118,0.5
4ccf72367410d7c7bf7280cb4e4eb136,9,3,LEAGUE SCHOOL - VANDERBILT,9,/share/ju/cyclomedia/raw/brooklyn_2025_1k/W0D1D/W0D1DOZW/faces/L.jpg,0.044,129.0,0.3333,0.4118,0.5
965e04cc3d65f29db99c2d6de3751748,9,3,ST PATRICK SCHOOL,10,/share/ju/cyclomedia/raw/si_2025_1k/W0D7Q/W0D7QKVY/faces/B.jpg,0.045,129.0,0.3333,0.4118,0.5
1eca73f9d5a9e28d22686729770e8a23,9,3,SUCCESS ACADEMY CHARTER SCHOOL - NORWOOD,8,/share/ju/cyclomedia/raw/bronx_2025_1k/W0END/W0ENDRXX/faces/B.jpg,0.242,75.0,0.3333,0.4118,0.5
0374b2ef6318b94b0459eca236120b93,9,3,BRILLA VERITAS CMS UPPER,11,/share/ju/cyclomedia/raw/bronx_2025_1k/W0E96/W0E96ISP/faces/R.jpg,0.154,93.0,0.3333,0.4118,0.5
f05ca00e8950e1e93ba653ae5bb2953b,9,3,CHILD STUDY CENTER OF NEW YORK,11,/share/ju/cyclomedia/raw/brooklyn_2025_1k/W0EEE/W0EEES7W/faces/R.jpg,0.033,136.0,0.3333,0.4118,0.5
edd788e4673fb6752b4e33c2b5b907ee,9,3,RISING STARS ISLAMIC SCHOOL,6,/share/ju/cyclomedia/raw/queens_2025_1k/W0DIL/W0DILLT9/faces/B.jpg,0.134,98.0,0.3333,0.4118,0.5
32e04be219b17eb9209579dd1a9eee77,17,6,BNOS SQUARE OF WILLIAMSBURG 2,11,/share/ju/cyclomedia/raw/brooklyn_2025_1k/W0D53/W0D53U5Q/faces/L.jpg,0.344,60.0,0.3529,0.4,0.5
652c5704eafc64b3aa6590f65e9a2935,12,4,P.S. 097 FOREST PARK,16,/share/ju/cyclomedia/raw/queens_2025_1k/W0EBI/W0EBIS24/faces/B.jpg,0.069,118.0,0.3333,0.4,0.5
065cc7841666c4037b4c5a6433b8e7ff,12,4,THE CHILDREN'S LAB SCHOOL,11,/share/ju/cyclomedia/raw/queens_2025_1k/W0E7R/W0E7RKQY/faces/B.jpg,0.19,85.0,0.3333,0.4,0.5
b4aa6796e2c5b1cbfd1395450adcb215,15,5,MIRAJ ISLAMIC SCHOOL,12,/share/ju/cyclomedia/raw/si_2025_1k/W0CZW/W0CZWKA3/faces/R.jpg,0.081,113.0,0.3333,0.3913,0.5
cdd4830825af88128e341524b2e2e78e,10,3,BAIS RUCHEL D'SATMAR - MARCY,14,/share/ju/cyclomedia/raw/brooklyn_2025_1k/W0E3S/W0E3SNPH/faces/R.jpg,0.249,74.0,0.3,0.3889,0.5
4d999bed162b266e78e210c0f833b070,10,3,SALANTER AKIBA RIVERDALE ACAD,7,/share/ju/cyclomedia/raw/bronx_2025_1k/W0ENG/W0ENGFZD/faces/F.jpg,0.003,172.0,0.3,0.3889,0.5
319e92107c18db12b17b5ed2b87708b4,10,3,CONEY ISLAND PREP UPPER ELEMENTARY SCHOOL,10,/share/ju/cyclomedia/raw/brooklyn_2025_1k/W0DCS/W0DCSVCJ/faces/R.jpg,0.042,130.0,0.3,0.3889,0.5
6bd4e8fe7919bfc1e8371341ad26c08c,10,3,JAMES WELDON JOHNSON,12,/share/ju/cyclomedia/raw/manhattan_2025_1k/W0ECR/W0ECRJ53/faces/B.jpg,0.143,95.0,0.3,0.3889,0.5
2acac4a44d74b9916dc692f0c252c32d,10,3,FREDERICK DOUGLASS ACADEMY VIII MIDDLE SCHOOL,10,/share/ju/cyclomedia/raw/brooklyn_2025_1k/W0EH8/W0EH8N7S/faces/F.jpg,0.011,156.0,0.3,0.3889,0.5
29f7cb871ef8238848c8b3eac8ec887d,10,3,BRONX ACADEMY FOR MULTI-MEDIA,11,/share/ju/cyclomedia/raw/bronx_2025_1k/W0EBK/W0EBKPGO/faces/L.jpg,0.111,104.0,0.3,0.3889,0.5
5e05a8bf4fbd25008a2b36a45e1c212b,10,3,SUNSHINE DEVEL - FAMILY HS  GLENWOOD,13,/share/ju/cyclomedia/raw/brooklyn_2025_1k/W0DBS/W0DBSA0P/faces/L.jpg,0.251,74.0,0.3,0.3889,0.5
5658022b7dfac3b8ee9ff016922aa8db,10,3,AIM HIGH - S BRONX HEADSTART SITE 1,12,/share/ju/cyclomedia/raw/bronx_2025_1k/W0E96/W0E96IX1/faces/B.jpg,0.362,58.0,0.3,0.3889,0.5
be7a6e3a04519995a3f7586f530d3a78,10,3,P.S. 173 FRESH MEADOWS,9,/share/ju/cyclomedia/raw/queens_2025_1k/W0DIQ/W0DIQ7PE/faces/B.jpg,0.003,170.0,0.3,0.3889,0.5
782800610362d0e952390558c9c217e1,10,3,THE LONGWOOD ACADEMY OF DISCOVERY,15,/share/ju/cyclomedia/raw/bronx_2025_1k/W0EBL/W0EBLQ0X/faces/R.jpg,0.022,144.0,0.3,0.3889,0.5
6a6eb9c25eb96d6fded88cb30b77dcc4,10,3,P.S. 153 HOMECREST,11,/share/ju/cyclomedia/raw/brooklyn_2025_1k/W0DEH/W0DEHYPQ/faces/R.jpg,0.113,103.0,0.3,0.3889,0.5
acce8d5ca213126cd1e252a46eaa4bc2,10,3,VOL OF AMER - BRONX EARLY LEARNI CTR,12,/share/ju/cyclomedia/raw/bronx_2025_1k/W0CPU/W0CPUOKM/faces/L.jpg,0.154,93.0,0.3,0.3889,0.5
2f91b3528086a43b0e41e83abf968980,10,3,WILLIAMSBURG HIGH SCHOOL FOR ARCHITECTURE AND DESIGN,10,/share/ju/cyclomedia/raw/brooklyn_2025_1k/W0E8M/W0E8MB9K/faces/L.jpg,0.59,13.0,0.3,0.3889,0.5
22fbfe940215ce23c21b1f4e64e01470,10,3,"ARCHIMEDES ACADEMY FOR MATH, SCIENCE AND TECHNOLOGY APPLICATIONS",10,/share/ju/cyclomedia/raw/bronx_2025_1k/W0EC8/W0EC8UCO/faces/R.jpg,0.028,139.0,0.3,0.3889,0.5
1af7f9d8adaef1a41a813254a9c05a63,10,3,NORD ANGLIA INTERNATIONAL SCHOOL,13,/share/ju/cyclomedia/raw/manhattan_2025_1k/W0ELS/W0ELSI9Z/faces/F.jpg,0.184,86.0,0.3,0.3889,0.5
5a84d8c704dca1a653ac6d509cd8d2e4,8,2,BOOKS & RATTLES  - PEEK A BOO,6,/share/ju/cyclomedia/raw/queens_2025_1k/W0E5U/W0E5U55O/faces/B.jpg,0.265,72.0,0.25,0.375,0.5
4eef600cc83ab83e17bd9c174f397cf5,8,2,SOUTH BRONX CLASSICAL CHARTER SCHOOL V,9,/share/ju/cyclomedia/raw/bronx_2025_1k/W0ENC/W0ENCJXD/faces/B.jpg,0.113,103.0,0.25,0.375,0.5
75a30e7fea22e69195cb6bf173c774b7,8,2,BROOKLYN PROSPECT CHARTER SCHOOL - CSD 15.2,12,/share/ju/cyclomedia/raw/brooklyn_2025_1k/W0EFT/W0EFTT8A/faces/L.jpg,0.062,121.0,0.25,0.375,0.5
54b4a585207d196c75d981a513b5f156,8,2,TRANSFIGURATION SCHOOL,8,/share/ju/cyclomedia/raw/manhattan_2025_1k/W0ELV/W0ELVZUE/faces/L.jpg,0.236,76.0,0.25,0.375,0.5
1eee6a69e18f0609656e9d4e781e045a,8,2,P.S. 268 EMMA LAZARUS,7,/share/ju/cyclomedia/raw/brooklyn_2025_1k/W0E7M/W0E7M2DW/faces/R.jpg,0.095,109.0,0.25,0.375,0.5
d90f9cca28ff94ab695076a6b85f9e6f,8,2,J.H.S. 088 PETER ROUGET,10,/share/ju/cyclomedia/raw/brooklyn_2025_1k/W0EH2/W0EH2V83/faces/F.jpg,0.049,123.0,0.25,0.375,0.5
07f7a364e1b17ea181faba55afc626ed,8,2,P.S. 150 CHARLES JAMES FOX,10,/share/ju/cyclomedia/raw/bronx_2025_1k/W0EBK/W0EBK5ZM/faces/L.jpg,0.04,132.0,0.25,0.375,0.5
fb1f6bf1b43fa2329a99a60ebbcfb899,8,2,BNOS CHAYIL,12,/share/ju/cyclomedia/raw/brooklyn_2025_1k/W0E3Y/W0E3YKC4/faces/B.jpg,0.339,61.0,0.25,0.375,0.5
e33ea979a950382541ef501d2a6e291a,8,2,MESIVTA NESIVAS HATALMUD,6,/share/ju/cyclomedia/raw/brooklyn_2025_1k/W0EFR/W0EFRLP9/faces/B.jpg,0.155,92.0,0.25,0.375,0.5
7a89b0cb05c44a1f2a8215869ad0989a,8,2,KIDS-CENTRIC - HELEN OWEN CAREY CDC,10,/share/ju/cyclomedia/raw/brooklyn_2025_1k/W0EH4/W0EH4JA5/faces/F.jpg,0.251,74.0,0.25,0.375,0.5
71386bfc5db1f6cf1c019e43c4feded0,8,2,P.S. 085 JUDGE CHARLES VALLONE,8,/share/ju/cyclomedia/raw/queens_2025_1k/W0CH4/W0CH4Q6G/faces/L.jpg,0.047,124.0,0.25,0.375,0.5
25f13dff6b1d9823ac5fd8ab15ccd7b4,8,2,P.S. 307 DANIEL HALE WILLIAMS,9,/share/ju/cyclomedia/raw/brooklyn_2025_1k/W0EEE/W0EEEQ66/faces/L.jpg,0.024,142.0,0.25,0.375,0.5
463a7d41a646b245ef9799b325877d60,8,2,P.S. 21 MARGARET EMERY-ELM PARK,9,/share/ju/cyclomedia/raw/si_2025_1k/W0EM8/W0EM8CEH/faces/F.jpg,0.051,126.0,0.25,0.375,0.5
c7d35ca410a33a82e223a6a3c2074962,8,2,P.S. 035 NATHANIEL WOODHULL,9,/share/ju/cyclomedia/raw/queens_2025_1k/W0DJ0/W0DJ0QZH/faces/L.jpg,0.031,137.0,0.25,0.375,0.5
cdcba158dd3d26eaf68cc47e9e60cb75,8,2,P.S. 021 CRISPUS ATTUCKS,7,/share/ju/cyclomedia/raw/brooklyn_2025_1k/W0DAX/W0DAXVO0/faces/B.jpg,0.038,133.0,0.25,0.375,0.5
9b700252f0fb4829519883b5877f7ea3,8,2,P.S. 127 AEROSPACE SCIENCE MAGNET SCHOOL,10,/share/ju/cyclomedia/raw/queens_2025_1k/W0COP/W0COPNC6/faces/R.jpg,0.044,129.0,0.25,0.375,0.5
1f3ab88e186e83ac71c06bfa6dfffd1f,8,2,BONIM LAMOKOM,11,/share/ju/cyclomedia/raw/brooklyn_2025_1k/W0EFP/W0EFPNN2/faces/R.jpg,0.176,88.0,0.25,0.375,0.5
5d5e478c3e1914facf500f497e9c8314,8,2,P.S. 262 EL HAJJ MALIK EL SHABAZZ ELEMENTARY SCHOOL,9,/share/ju/cyclomedia/raw/brooklyn_2025_1k/W0E3V/W0E3VLXM/faces/B.jpg,0.097,108.0,0.25,0.375,0.5
28ba928cbd4c0650ef6ebc9cfb2d7e93,8,2,SUNSET PARK AVENUES ELEMENTARY SCHOOL,5,/share/ju/cyclomedia/raw/brooklyn_2025_1k/W0EEC/W0EECG9I/faces/B.jpg,0.176,88.0,0.25,0.375,0.5
c97352b0d6901ba498127f872c86d7cc,8,2,GED-P2G-FB URBAN STRATEGIES-AHSEP,11,/share/ju/cyclomedia/raw/brooklyn_2025_1k/W0CWC/W0CWCK7Z/faces/R.jpg,0.196,84.0,0.25,0.375,0.5
4141636f5ee19418900b6048f0ee8f4a,8,2,IDEAL SCHOOL OF MANHATTAN - UPPER,7,/share/ju/cyclomedia/raw/manhattan_2025_1k/W0D9K/W0D9KWAN/faces/B.jpg,0.243,75.0,0.25,0.375,0.5
66fdf0ba677ac4a36aa7e4f737adbae6,8,2,AARON SCHOOL (K-7),8,/share/ju/cyclomedia/raw/manhattan_2025_1k/W0E5J/W0E5JTZX/faces/F.jpg,0.047,128.0,0.25,0.375,0.5
6658a3994c4d318141d22718cff0f1a4,8,2,GED P2G-DEWITT CLINTON HS/PM - AHSEP,7,/share/ju/cyclomedia/raw/bronx_2025_1k/W0E3N/W0E3NHQ6/faces/L.jpg,0.36,58.0,0.25,0.375,0.5
64e33d13995fc18e59c5197d2a7fd728,8,2,INWOOD ACADEMY FOR LEADERSHIP CHARTER SCHOOL,10,/share/ju/cyclomedia/raw/manhattan_2025_1k/W0DAP/W0DAPPQY/faces/L.jpg,0.115,102.0,0.25,0.375,0.5
7978c154583bb8ff9c9e7ae4742b48c8,8,2,LEADERSHIP AND PUBLIC SERVICE HIGH SCHOOL,8,/share/ju/cyclomedia/raw/manhattan_2025_1k/W0DIC/W0DICC7R/faces/B.jpg,0.337,61.0,0.25,0.375,0.5
f08afaa1b43f8a90bae058489cebeb5b,8,2,P.S. 038 ROSEDALE,8,/share/ju/cyclomedia/raw/queens_2025_1k/W0DIX/W0DIXFZK/faces/R.jpg,0.231,77.0,0.25,0.375,0.5
7ddb1821553497cdc09d7af64f842ecf,8,2,JOHN ERICSSON MIDDLE SCHOOL 126,7,/share/ju/cyclomedia/raw/brooklyn_2025_1k/W0E8M/W0E8MCU1/faces/R.jpg,0.008,160.0,0.25,0.375,0.5
30469137dcb0e2ce4a11bab8cb391955,8,2,JACKSON HEIGHTS SDA SCHOOL,9,/share/ju/cyclomedia/raw/queens_2025_1k/W0E5L/W0E5LNI2/faces/L.jpg,0.387,54.0,0.25,0.375,0.5
9d1a305dbc54c2a1e7801c4486a55185,8,2,ST FRANCIS OF ASSISI SCHOOL,9,/share/ju/cyclomedia/raw/bronx_2025_1k/W0E3Y/W0E3YAV2/faces/R.jpg,0.159,92.0,0.25,0.375,0.5
687f244cf6e7cbf2c3e150f50f93f36f,8,2,P.S. 5 PORT MORRIS,10,/share/ju/cyclomedia/raw/bronx_2025_1k/W0E9D/W0E9DMDD/faces/L.jpg,0.032,137.0,0.25,0.375,0.5
7168b5dc0c8f32a4a9011a2208c6753e,8,2,MIDWOOD CATHOLIC ACADEMY,10,/share/ju/cyclomedia/raw/brooklyn_2025_1k/W0DDZ/W0DDZVME/faces/R.jpg,0.08,113.0,0.25,0.375,0.5
b077fb60a5eeb31dd3eecbba2409fb26,8,2,EISEK HATORAH D'RACHMISTRIVKA,12,/share/ju/cyclomedia/raw/brooklyn_2025_1k/W0DD0/W0DD096N/faces/R.jpg,0.224,79.0,0.25,0.375,0.5
24e1682cd009f3e091348f44559eaf6c,8,2,BOLD CHARTER SCHOOL,7,/share/ju/cyclomedia/raw/bronx_2025_1k/W0CPV/W0CPVMPR/faces/L.jpg,0.205,82.0,0.25,0.375,0.5
296bc437f1cbe747b9ea735a92dea939,11,3,P.S. 116 MARY LINDLEY MURRAY,13,/share/ju/cyclomedia/raw/manhattan_2025_1k/W0DEM/W0DEM7ZP/faces/B.jpg,0.306,65.0,0.2727,0.3684,0.5
0f849a1a00c0ec64b1e0dc5bd368f9ad,11,3,P.S. 123,11,/share/ju/cyclomedia/raw/queens_2025_1k/W0DIK/W0DIK9UT/faces/R.jpg,0.039,132.0,0.2727,0.3684,0.5
42a22dba5f5bd97e16ca87a4cc74afa0,11,3,P.S. 176 OVINGTON,11,/share/ju/cyclomedia/raw/brooklyn_2025_1k/W0D9M/W0D9M6DM/faces/B.jpg,0.157,92.0,0.2727,0.3684,0.5
cfbe71515737c72347e2dc0dde8bc2dd,11,3,P.S. 029 BARDWELL,9,/share/ju/cyclomedia/raw/si_2025_1k/W0EKX/W0EKX9RU/faces/F.jpg,0.072,117.0,0.2727,0.3684,0.5
89c9c8749a3b273f926d4adc3ea4071d,11,3,ZICHRON YEHUDA-BAIS SIMCHA,8,/share/ju/cyclomedia/raw/brooklyn_2025_1k/W0EEF/W0EEFE9C/faces/F.jpg,0.188,85.0,0.2727,0.3684,0.5
6c1dad02956a2c513e4c8fb609588796,11,3,HOLY MARTYRS ARMENIAN DAY SCHOOL,13,/share/ju/cyclomedia/raw/queens_2025_1k/W0EF6/W0EF6MTU/faces/L.jpg,0.401,52.0,0.2727,0.3684,0.5
a7fac56c40ec10b627f7e092666cd734,11,3,RIVERDALE COUNTRY SCHOOL,3,/share/ju/cyclomedia/raw/bronx_2025_1k/W0ENG/W0ENGIV3/faces/R.jpg,0.036,134.0,0.2727,0.3684,0.5
49ffb1002a16f4a4913284efd38850b2,11,3,YESHIVAT DARCHES ERES - GIRLS HS,9,/share/ju/cyclomedia/raw/brooklyn_2025_1k/W0DCV/W0DCV1XH/faces/F.jpg,0.239,76.0,0.2727,0.3684,0.5
13f75c3abe3f2c240f35fa216f873407,14,4,P.S. 049 WILLIS AVENUE,13,/share/ju/cyclomedia/raw/bronx_2025_1k/W0CW5/W0CW52XH/faces/F.jpg,0.016,150.0,0.2857,0.3636,0.5
04d37c22b11f4f696a8e6ada72b68f83,9,2,QSAC INC DAY SCHOOL BRONX,12,/share/ju/cyclomedia/raw/bronx_2025_1k/W0D2Z/W0D2Z8QC/faces/F.jpg,0.216,80.0,0.2222,0.3529,0.5
e64b75a70e516aed5c1c5f3cec483e58,9,2,ZETA CHARTER SCHOOL -  BRONX TREMONT PARK,12,/share/ju/cyclomedia/raw/bronx_2025_1k/W0E6F/W0E6FW46/faces/R.jpg,0.126,100.0,0.2222,0.3529,0.5
1b25ed3635c8e0d783d46d00aaf62cad,9,2,WHITESTONE ACADEMY,9,/share/ju/cyclomedia/raw/queens_2025_1k/W0CZZ/W0CZZWFU/faces/B.jpg,0.114,103.0,0.2222,0.3529,0.5
a5a963bd41a264e76db5a7f5c171f090,9,2,UTA 212,9,/share/ju/cyclomedia/raw/brooklyn_2025_1k/W0E8U/W0E8UNNO/faces/R.jpg,0.387,54.0,0.2222,0.3529,0.5
3c71ca4f193aa692d1700a7a8ced375e,9,2,GED PLUS-SANITATION/SI-AHSEP,11,/share/ju/cyclomedia/raw/si_2025_1k/W0CW7/W0CW74G8/faces/B.jpg,0.512,38.0,0.2222,0.3529,0.5
739a3405e1e7105ab30483a7fba84fed,9,2,GANEINU,9,/share/ju/cyclomedia/raw/queens_2025_1k/W0DIB/W0DIBXGT/faces/R.jpg,0.096,108.0,0.2222,0.3529,0.5
471aadce53fb64b90dc1be3db0b9a29c,9,2,N.Y.C. LAB SCHOOL FOR COLLABORATIVE STUDIES,10,/share/ju/cyclomedia/raw/manhattan_2025_1k/W0ECO/W0ECOWF8/faces/B.jpg,0.071,117.0,0.2222,0.3529,0.5
83dde900dbce85128b15303e2211e05d,9,2,GED RESTART-OUTREACH HOUSE - AHSEP,10,/share/ju/cyclomedia/raw/brooklyn_2025_1k/W0DEP/W0DEP1R8/faces/R.jpg,0.248,74.0,0.2222,0.3529,0.5
5cf7906480a477a9b19776600b5a215c,9,2,UNIVERSITY HEIGHTS SECONDARY SCHOOL,9,/share/ju/cyclomedia/raw/bronx_2025_1k/W0CPG/W0CPG577/faces/L.jpg,0.069,118.0,0.2222,0.3529,0.5
5df90b9b4a81f0d7001ce3c4f04f4bef,9,2,RICHMOND MEDICAL CENTER - OSGOOD,11,/share/ju/cyclomedia/raw/si_2025_1k/W0EKW/W0EKWOB2/faces/B.jpg,0.147,94.0,0.2222,0.3529,0.5
8a01665e7b3c3624e5ffa977faa4fb10,9,2,EVERGREEN MIDDLE SCHOOL FOR URBAN EXPLORATION,13,/share/ju/cyclomedia/raw/brooklyn_2025_1k/W0E5Z/W0E5ZR7E/faces/R.jpg,0.047,127.0,0.2222,0.3529,0.5
699eb40cc560899a17ac2bd41adf6ced,9,2,"NYSARC, INC-NYC CHAPTER",11,/share/ju/cyclomedia/raw/manhattan_2025_1k/W0ELS/W0ELSIVU/faces/F.jpg,0.281,63.0,0.2222,0.3529,0.5
dab1603cef20b792d17e32132c69768e,9,2,HIGH SCHOOL OF ECONOMICS AND FINANCE,7,/share/ju/cyclomedia/raw/manhattan_2025_1k/W0DIC/W0DICCAM/faces/B.jpg,0.256,73.0,0.2222,0.3529,0.5
c7458bc2c46a6bc7f3adb79309febb3f,9,2,P.S. 011 KATHRYN PHELAN,10,/share/ju/cyclomedia/raw/queens_2025_1k/W0CKR/W0CKR29H/faces/F.jpg,0.015,151.0,0.2222,0.3529,0.5
c8dd65c1a60b6a7d1bfe85d63337defc,9,2,SOUTH BRONX EARLY COLLEGE ACADEMY CHARTER SCHOOL,9,/share/ju/cyclomedia/raw/bronx_2025_1k/W0EBL/W0EBL62Y/faces/B.jpg,0.161,91.0,0.2222,0.3529,0.5
2679cc636331ccf931ddf5fdaf887667,9,2,P.S. 031 WILLIAM T. DAVIS,7,/share/ju/cyclomedia/raw/si_2025_1k/W0EL0/W0EL0NU8/faces/F.jpg,0.031,137.0,0.2222,0.3529,0.5
f78caf10e85bc8a3eeff4cf2aecfbd15,9,2,JOHNSON,8,/share/ju/cyclomedia/raw/manhattan_2025_1k/W0ECR/W0ECRIYD/faces/F.jpg,0.145,95.0,0.2222,0.3529,0.5
06a06995d790dbb089e30b0934c56116,9,2,BARD HIGH SCHOOL EARLY COLLEGE QUEENS,14,/share/ju/cyclomedia/raw/queens_2025_1k/W0E82/W0E82D0J/faces/R.jpg,0.043,130.0,0.2222,0.3529,0.5
27d109895dee4efb89d732df6937353d,9,2,P.S./I.S. 295,11,/share/ju/cyclomedia/raw/queens_2025_1k/W0DIM/W0DIMDQJ/faces/R.jpg,0.147,92.0,0.2222,0.3529,0.5
f9d5badfdf319499e1203e38285da8a1,9,2,P.S. 072 DR. WILLIAM DORNEY,12,/share/ju/cyclomedia/raw/bronx_2025_1k/W0EET/W0EET524/faces/L.jpg,0.046,128.0,0.2222,0.3529,0.5
5e75cc5ad9583bdf20113628242b6725,9,2,BROOKLYN ASCEND CHARTER MIDDLE SCHOOL,12,/share/ju/cyclomedia/raw/brooklyn_2025_1k/W0EFP/W0EFPYBC/faces/F.jpg,0.176,88.0,0.2222,0.3529,0.5
6cd44b0a065066f2558bc77d11458607,12,3,P.S. 209 CLEARVIEW GARDENS,12,/share/ju/cyclomedia/raw/queens_2025_1k/W0D49/W0D49DDD/faces/B.jpg,0.07,118.0,0.25,0.35,0.5
845b3d52dab05fba5d52f4bbfde4772b,12,3,OUR FUTURE SCHOOL,12,/share/ju/cyclomedia/raw/brooklyn_2025_1k/W0EI8/W0EI88H4/faces/B.jpg,0.245,75.0,0.25,0.35,0.5
eb1cf6aca337f63f8b62db8557c96ea2,12,3,CROWN MULTI-EDUC SVCS LEFFERT,13,/share/ju/cyclomedia/raw/brooklyn_2025_1k/W0D0S/W0D0S8T4/faces/R.jpg,0.207,82.0,0.25,0.35,0.5
43759ea67f3ac976d4df8466c59b8ece,12,3,THE 30TH AVENUE SCHOOL (G&T CITYWIDE),15,/share/ju/cyclomedia/raw/queens_2025_1k/W0CJT/W0CJTF2H/faces/R.jpg,0.044,129.0,0.25,0.35,0.5
3a29a36634d071437181032fd9e900b6,12,3,YESHIVA MACHZIKEI HADAS 3,12,/share/ju/cyclomedia/raw/brooklyn_2025_1k/W0DCU/W0DCUZYN/faces/L.jpg,0.255,73.0,0.25,0.35,0.5
fa1a9bd5a47e5f66fecdd8a4ac64a3b6,12,3,BNOS PEREL,11,/share/ju/cyclomedia/raw/brooklyn_2025_1k/W0EFN/W0EFN8LF/faces/B.jpg,0.194,84.0,0.25,0.35,0.5
29f7a0b9ca7fc93ec6772d79fd3b8387,12,3,JUAN MOREL CAMPOS SECONDARY SCHOOL,12,/share/ju/cyclomedia/raw/brooklyn_2025_1k/W0E8Q/W0E8QTZH/faces/B.jpg,0.036,134.0,0.25,0.35,0.5
277cb9262d08cab9f2b78d87b9947db6,12,3,THE BROOKLYN GREEN SCHOOL,13,/share/ju/cyclomedia/raw/brooklyn_2025_1k/W0D0S/W0D0SAGK/faces/L.jpg,0.027,140.0,0.25,0.35,0.5
a213ede82159a75dcd6cb3c633e5a148,12,3,SCHOLARS' ACADEMY,12,/share/ju/cyclomedia/raw/queens_2025_1k/W0EO5/W0EO5A5B/faces/R.jpg,0.002,175.0,0.25,0.35,0.5
e5d0c83d610c985aa03d6a4314c66bc5,12,3,P.S. 048 P.O. MICHAEL J. BUCZEK,13,/share/ju/cyclomedia/raw/manhattan_2025_1k/W0ECV/W0ECVB7D/faces/R.jpg,0.076,115.0,0.25,0.35,0.5
91a3dd1b4b31a19a03d8bca97905ba2c,12,3,P.S. 133 THE BELLEROSE SCHOOL OF EXCELLENCE,12,/share/ju/cyclomedia/raw/queens_2025_1k/W0EF3/W0EF3S5G/faces/L.jpg,0.055,124.0,0.25,0.35,0.5
72958d16432a2f3dc403546030c3600b,12,3,COLUMBIA SECONDARY SCHOOL,14,/share/ju/cyclomedia/raw/manhattan_2025_1k/W0ECR/W0ECRGHH/faces/F.jpg,0.197,84.0,0.25,0.35,0.5
3bc1c71a337467b118bfc9eadaeae3f8,12,3,FRANKLIN DELANO ROOSEVELT HIGH SCHOOL,7,/share/ju/cyclomedia/raw/brooklyn_2025_1k/W0EFO/W0EFO9M2/faces/B.jpg,0.0,188.0,0.25,0.35,0.5
9a83b2a785203559f093f3f50109f336,10,2,BRITISH INTERNATIONAL SCHOOL OF NY,9,/share/ju/cyclomedia/raw/manhattan_2025_1k/W0DEM/W0DEMSOV/faces/R.jpg,0.458,46.0,0.2,0.3333,0.5
7166d44a40cd9f1bd3d6bbf008469a62,13,3,"KIDS-CENTRIC, INC COMMUNITY PARENTS",12,/share/ju/cyclomedia/raw/brooklyn_2025_1k/W0DAX/W0DAXVMD/faces/B.jpg,0.048,127.0,0.2308,0.3333,0.5
d0a8934944218d05ef9a7707a19bb78a,10,2,J.H.S. 062 DITMAS,8,/share/ju/cyclomedia/raw/brooklyn_2025_1k/W0DBS/W0DBSCMH/faces/R.jpg,0.015,150.0,0.2,0.3333,0.5
3507304db12f11f4a0b980201ebfabac,13,3,THE NEW AMERICAN ACADEMY AT ROBERTO CLEMENTE STATE PARK,14,/share/ju/cyclomedia/raw/bronx_2025_1k/W0E3T/W0E3TAPS/faces/R.jpg,0.211,81.0,0.2308,0.3333,0.5
be38ea61f6d56e1b5bf3214dd67d88b0,13,3,NEW COVENANT CHRISTIAN SCHOOL,14,/share/ju/cyclomedia/raw/bronx_2025_1k/W0E3Z/W0E3Z7V2/faces/R.jpg,0.287,68.0,0.2308,0.3333,0.5
d9ae265d815417a49ea2ba23186844c1,10,2,SUCCESS ACADEMY CHARTER SCHOOL – BRONX 5 UPPER,10,/share/ju/cyclomedia/raw/bronx_2025_1k/W0CWH/W0CWHW9O/faces/B.jpg,0.214,80.0,0.2,0.3333,0.5
32a82219eeddccf241420fe5fa3a0cda,13,3,YESHIVA MESIVTA ARUGATH HABOSEM,10,/share/ju/cyclomedia/raw/brooklyn_2025_1k/W0D0A/W0D0AVY9/faces/F.jpg,0.038,133.0,0.2308,0.3333,0.5
c5a2dce07125cdbfd8626d588238dfba,19,5,LIBERATION DIPLOMA PLUS,18,/share/ju/cyclomedia/raw/brooklyn_2025_1k/W0DES/W0DESYX7/faces/R.jpg,0.225,78.0,0.2632,0.3333,0.5
9292c0edcb3863e97f828724961f5e07,10,2,CONG OHR SHRAGA D'VERETZKY,13,/share/ju/cyclomedia/raw/brooklyn_2025_1k/W0EEU/W0EEU90S/faces/R.jpg,0.253,73.0,0.2,0.3333,0.5
967e3be259dbcba33074112a540b72b8,10,2,P.S. 053 BASHEER QUISIM,11,/share/ju/cyclomedia/raw/bronx_2025_1k/W0CW3/W0CW3JP8/faces/R.jpg,0.038,133.0,0.2,0.3333,0.5
99ed6d755a30a2a1d8f4e1fcace9e0ba,14,3,WINDSOR SCHOOL,15,/share/ju/cyclomedia/raw/queens_2025_1k/W0EBM/W0EBMFIY/faces/B.jpg,0.352,55.0,0.2143,0.3182,0.5
1d920da61c55f31b9b39bbcef3c0f618,14,3,P.S. 019 JUDITH K. WEISS,12,/share/ju/cyclomedia/raw/bronx_2025_1k/W0E3Z/W0E3ZN8Q/faces/F.jpg,0.087,111.0,0.2143,0.3182,0.5
db5006f4e953d2218b38417333c9bdef,11,2,GATEWAY SCHOOL OF NY,12,/share/ju/cyclomedia/raw/manhattan_2025_1k/W0DEL/W0DELVYH/faces/B.jpg,0.246,75.0,0.1818,0.3158,0.5
bd77c02aa6f76a5f4df47e234ac96b6d,11,2,GESHER YEHUDA,10,/share/ju/cyclomedia/raw/brooklyn_2025_1k/W0DCX/W0DCX56C/faces/F.jpg,0.124,100.0,0.1818,0.3158,0.5
ced2e8905699a3898e649bf41a13724c,11,2,GED - P2G - IMPACT,8,/share/ju/cyclomedia/raw/si_2025_1k/W0CW7/W0CW71A0/faces/F.jpg,0.15,93.0,0.1818,0.3158,0.5
d2b1584373a47b7f4d0d1845cdc2820d,11,2,MAKING A DIFFERENCE ACADEMY,12,/share/ju/cyclomedia/raw/brooklyn_2025_1k/W0CVU/W0CVUWF4/faces/B.jpg,0.387,54.0,0.1818,0.3158,0.5
0dc39aab4504ea36dff5c96204a83f4a,11,2,P.S. 013 ROBERTO CLEMENTE,13,/share/ju/cyclomedia/raw/brooklyn_2025_1k/W0DBM/W0DBMFFI/faces/L.jpg,0.038,133.0,0.1818,0.3158,0.5
c26926be5057c6e78727daeca1095d81,11,2,VIRTUAL INNOVATORS ACADEMY,13,/share/ju/cyclomedia/raw/bronx_2025_1k/W0EBJ/W0EBJSHW/faces/L.jpg,0.226,78.0,0.1818,0.3158,0.5
9708fd9ed967a413af5cbc6575b40e46,11,2,SHULAMITH  OF BROOKLYN,11,/share/ju/cyclomedia/raw/brooklyn_2025_1k/W0DI0/W0DI0WUI/faces/L.jpg,0.114,103.0,0.1818,0.3158,0.5
6cb96ebe5e65117764467b78a54a9a54,11,2,KHYLE-BRENAJ EARLY CHILDHOOD ED CTR,11,/share/ju/cyclomedia/raw/brooklyn_2025_1k/W0EH2/W0EH2DDM/faces/B.jpg,0.341,59.0,0.1818,0.3158,0.5
7604ec942484085a550aa78d240d7d6d,11,2,DARCHAI MENACHEM INC,9,/share/ju/cyclomedia/raw/brooklyn_2025_1k/W0E5H/W0E5HMCW/faces/B.jpg,0.348,59.0,0.1818,0.3158,0.5
446813645ab26d8ce445c787a3f9de55,11,2,P.S. 309 THE GEORGE E. WIBECAN PREPARATORY ACADEMY,9,/share/ju/cyclomedia/raw/brooklyn_2025_1k/W0E5G/W0E5GANZ/faces/B.jpg,0.04,132.0,0.1818,0.3158,0.5
ef7fa3b90bafacae9493725e6806ffdf,8,1,P.S. 018 JOHN PETER ZENGER,8,/share/ju/cyclomedia/raw/bronx_2025_1k/W0D1A/W0D1AYC6/faces/B.jpg,0.064,120.0,0.125,0.3125,0.5
ecafa7753e37245af181df48d5783e50,8,1,BNOS CHOMESH ACADEMY,6,/share/ju/cyclomedia/raw/brooklyn_2025_1k/W0E8V/W0E8V2AU/faces/B.jpg,0.229,78.0,0.125,0.3125,0.5
047427e282ff2d8fd7f7f984154e2432,8,1,STEPPING STONE OF SOUTHEASTERN QUEEN,11,/share/ju/cyclomedia/raw/queens_2025_1k/W0DIZ/W0DIZYBM/faces/B.jpg,0.251,74.0,0.125,0.3125,0.5
e6e6b87f220b0d6782f3b72bd9dcde46,8,1,TOMER DVORA SCHOOL - SITE 1,9,/share/ju/cyclomedia/raw/brooklyn_2025_1k/W0EFN/W0EFN8HB/faces/B.jpg,0.425,48.0,0.125,0.3125,0.5
90821c37386ffdc327155a433d88abcf,8,1,P.S. 045 JOHN TYLER,10,/share/ju/cyclomedia/raw/si_2025_1k/W0EKT/W0EKTQQS/faces/L.jpg,0.149,94.0,0.125,0.3125,0.5
d2f937507fe6a3cf641499504f027f30,8,1,INTERNATIONAL SCHOOL OF BROOKLYN,9,/share/ju/cyclomedia/raw/brooklyn_2025_1k/W0EGP/W0EGP769/faces/F.jpg,0.322,63.0,0.125,0.3125,0.5
0aa9bf22faf2930e7cc9773b039038ef,8,1,LEEP DUAL LANGUAGE ACADEMY CHARTER SCHOOL UPPER,12,/share/ju/cyclomedia/raw/brooklyn_2025_1k/W0DJ4/W0DJ4UPN/faces/F.jpg,0.185,78.0,0.125,0.3125,0.5
da8d464ab89f44953ce1aa240c3b89bf,8,1,GERMAN SCHOOL MANHATTAN LLC,5,/share/ju/cyclomedia/raw/manhattan_2025_1k/W0ELW/W0ELW2VF/faces/F.jpg,0.182,87.0,0.125,0.3125,0.5
cf0f907a2672750593ebbc0de29be439,8,1,SUCCESS ACADEMY CHARTER SCHOOL - ROSEDALE,7,/share/ju/cyclomedia/raw/queens_2025_1k/W0DIH/W0DIHNJL/faces/F.jpg,0.063,120.0,0.125,0.3125,0.5
e8e8019fd18072e92cb52e0684618d8f,8,1,BETHEL CHRISTIAN LEARNING CENTER,10,/share/ju/cyclomedia/raw/queens_2025_1k/W0DIM/W0DIMDM8/faces/B.jpg,0.144,95.0,0.125,0.3125,0.5
43e3fcc97171176b869b35618dae6467,8,1,ASPIRATIONS DIPLOMA PLUS HIGH SCHOOL,9,/share/ju/cyclomedia/raw/brooklyn_2025_1k/W0D0J/W0D0JSKK/faces/R.jpg,0.123,95.0,0.125,0.3125,0.5
d8855eea5a61792e3f835c02af8c14c8,8,1,QUEENS CHEDER MRM,6,/share/ju/cyclomedia/raw/queens_2025_1k/W0EP8/W0EP8S4Z/faces/F.jpg,0.011,155.0,0.125,0.3125,0.5
e8b26b7a8816db13ad9ce6d36f78a0a9,8,1,P.S. 071 ROSE E. SCALA,10,/share/ju/cyclomedia/raw/bronx_2025_1k/W0D1P/W0D1P89M/faces/L.jpg,0.044,129.0,0.125,0.3125,0.5
1b23173e9d4e8900230146f6e6c1783e,8,1,IMAGINE ACADEMY,7,/share/ju/cyclomedia/raw/brooklyn_2025_1k/W0EF5/W0EF5XA4/faces/L.jpg,0.316,64.0,0.125,0.3125,0.5
316cc8f390849a443045794639fd505a,8,1,CITY COLLEGE MAGNET SCHOOL OF THE ARTS,10,/share/ju/cyclomedia/raw/manhattan_2025_1k/W0ECV/W0ECVBCA/faces/R.jpg,0.029,139.0,0.125,0.3125,0.5
81b6b1dfd3524f483bc2a3fedcce2c34,8,1,YESHIVA OHR YISRAEL,10,/share/ju/cyclomedia/raw/brooklyn_2025_1k/W0EJZ/W0EJZVMJ/faces/L.jpg,0.422,50.0,0.125,0.3125,0.5
dad0f20c494f43155f481ca434827d81,8,1,I.S. 73 - THE FRANK SANSIVIERI INTERMEDIATE SCHOOL,8,/share/ju/cyclomedia/raw/queens_2025_1k/W0E5Y/W0E5Y2EB/faces/L.jpg,0.052,126.0,0.125,0.3125,0.5
7c74dc8dddfb3da2b18125d8d0ba094d,12,2,ADAPTIVE SOLUTIONS- HEGEMAN,9,/share/ju/cyclomedia/raw/brooklyn_2025_1k/W0E80/W0E808Y8/faces/F.jpg,0.283,69.0,0.1667,0.3,0.5
2cabb778133aaf6b8b2067c9a3e9e896,12,2,HIGH SCHOOL FOR MEDIA AND COMMUNICATIONS,7,/share/ju/cyclomedia/raw/manhattan_2025_1k/W0ECN/W0ECN5YN/faces/L.jpg,0.0,192.0,0.1667,0.3,0.5
b885e4edcee6da9488256c6ea2ee74c2,12,2,UNCOMMON BROWNSVILLE NORTH CHARTER SCHOOL NYC,11,/share/ju/cyclomedia/raw/brooklyn_2025_1k/W0EFP/W0EFPY5K/faces/R.jpg,0.062,121.0,0.1667,0.3,0.5
a73195715dff7c7c214106b6a2ccdedf,9,1,P.S./M.S 042 R. VERNAM,9,/share/ju/cyclomedia/raw/queens_2025_1k/W0DIO/W0DIO2QE/faces/L.jpg,0.039,132.0,0.1111,0.2941,0.5
7081da215c50e6281642959534ed010d,9,1,GED - P2G - DAVIDSON AVE - AHSEP,12,/share/ju/cyclomedia/raw/bronx_2025_1k/W0D28/W0D28F9Q/faces/R.jpg,0.247,74.0,0.1111,0.2941,0.5
6e33733fd10dec8000400f0c0add58ec,9,1,ELHAAM ACADEMY,10,/share/ju/cyclomedia/raw/queens_2025_1k/W0EPF/W0EPFS21/faces/B.jpg,0.527,38.0,0.1111,0.2941,0.5
d961d3ccc8eda1afc9ae33fa8727236b,9,1,P.S. 118 LORRAINE HANSBERRY,8,/share/ju/cyclomedia/raw/queens_2025_1k/W0E9F/W0E9F779/faces/L.jpg,0.046,129.0,0.1111,0.2941,0.5
3a30db3dc8d4aa6b27884eccbefd2008,9,1,WILLIAM E. GRADY CAREER AND TECHNICAL EDUCATION HIGH SCHOOL,8,/share/ju/cyclomedia/raw/brooklyn_2025_1k/W0EF1/W0EF16U6/faces/L.jpg,0.05,127.0,0.1111,0.2941,0.5
3845cb8a7ff9bd2c10b9b25a1d79749b,9,1,SEPHARDIC ACADEMY-MANHATTAN,10,/share/ju/cyclomedia/raw/manhattan_2025_1k/W0ECI/W0ECI4PF/faces/F.jpg,0.153,93.0,0.1111,0.2941,0.5
b44f93698cacea419ac4f530a67ef8a4,9,1,P.S. 110 THE MONITOR,9,/share/ju/cyclomedia/raw/brooklyn_2025_1k/W0D0B/W0D0B04Q/faces/R.jpg,0.253,73.0,0.1111,0.2941,0.5
fb0b1ab232449ba146f8c5cb5e0b2706,9,1,P.S. 045 CLARENCE WITHERSPOON,8,/share/ju/cyclomedia/raw/queens_2025_1k/W0EA7/W0EA7DNC/faces/L.jpg,0.075,116.0,0.1111,0.2941,0.5
a297f4306a8b55ccdcbfe885736ea742,9,1,P.S. 106 EDWARD EVERETT HALE,10,/share/ju/cyclomedia/raw/brooklyn_2025_1k/W0E5V/W0E5VNKJ/faces/F.jpg,0.079,114.0,0.1111,0.2941,0.5
168b864794a45cc833c10c05b7f396c9,9,1,EASTER SEALS NY - CHILD DEVELOPMENT,10,/share/ju/cyclomedia/raw/bronx_2025_1k/W0EBY/W0EBYJGJ/faces/B.jpg,0.127,100.0,0.1111,0.2941,0.5
15f6600f286c4b9c1d738716918b774a,9,1,P.S. 243K- THE WEEKSVILLE SCHOOL,8,/share/ju/cyclomedia/raw/brooklyn_2025_1k/W0E5D/W0E5DUYX/faces/B.jpg,0.093,109.0,0.1111,0.2941,0.5
16fc328220749f83663589a4f145eb0c,9,1,HARRIET TUBMAN CHARTER SCHOOL,7,/share/ju/cyclomedia/raw/bronx_2025_1k/W0CPG/W0CPG44O/faces/R.jpg,0.04,132.0,0.1111,0.2941,0.5
959ded8a26a00341cf96ce5eeb35aa30,9,1,BAIS TZIPORAH,8,/share/ju/cyclomedia/raw/brooklyn_2025_1k/W0DCR/W0DCR6GP/faces/F.jpg,0.13,99.0,0.1111,0.2941,0.5
6eaa4daec9b5461b8d9a4e707502ca64,9,1,YALDEINU SCHOOL (THE),8,/share/ju/cyclomedia/raw/brooklyn_2025_1k/W0EFP/W0EFPK3W/faces/B.jpg,0.277,70.0,0.1111,0.2941,0.5
31439314546bc3904b6202c8845744c4,9,1,SISULU-WALKER CHARTER SCHOOL OF HARLEM,11,/share/ju/cyclomedia/raw/manhattan_2025_1k/W0EHK/W0EHKUGK/faces/R.jpg,0.331,62.0,0.1111,0.2941,0.5
6e3c3a9cfd3b630f086215275ebef628,13,2,UCP OF NYC -STATEN ISLAND,10,/share/ju/cyclomedia/raw/si_2025_1k/W0EN5/W0EN5U6F/faces/B.jpg,0.124,98.0,0.1538,0.2857,0.5
2fc9372043e3ccc4f74fba32d018eb5b,13,2,SUCCESS ACADEMY CHARTER HIGH SCHOOL OF LIBERAL ARTS (BX),16,/share/ju/cyclomedia/raw/manhattan_2025_1k/W0EQV/W0EQV2IO/faces/F.jpg,0.04,132.0,0.1538,0.2857,0.5
7001ee1587e971b2baee8663224672af,20,4,"KIDS-CENTRIC, INC PAL A&M SCHWARTZ",18,/share/ju/cyclomedia/raw/brooklyn_2025_1k/W0DBM/W0DBMDDZ/faces/B.jpg,0.34,60.0,0.2,0.2857,0.5
7c8467739990ff8cfb938019baa101fa,10,1,M.S. 324 - PATRIA MIRABAL,8,/share/ju/cyclomedia/raw/manhattan_2025_1k/W0EHN/W0EHN3I6/faces/R.jpg,0.116,102.0,0.1,0.2778,0.5
da8de0a4576e835f24964fe094941325,10,1,IMMACULATE CONCEPTION SCHOOL,11,/share/ju/cyclomedia/raw/bronx_2025_1k/W0D1A/W0D1AY6U/faces/B.jpg,0.304,66.0,0.1,0.2778,0.5
7a849531e997dd75a71f10232d24cadc,10,1,P.S. 036 SAINT ALBANS SCHOOL,8,/share/ju/cyclomedia/raw/queens_2025_1k/W0DIZ/W0DIZZBT/faces/F.jpg,0.066,119.0,0.1,0.2778,0.5
ae02581419c855be97504fba25fc4485,10,1,BAIS ESTHER SCHOOL 2,10,/share/ju/cyclomedia/raw/brooklyn_2025_1k/W0EFO/W0EFOA25/faces/F.jpg,0.117,98.0,0.1,0.2778,0.5
23058345c80d474328791be97a7baff2,10,1,POSITIVE BEGINNINGS - FLUSHING,8,/share/ju/cyclomedia/raw/queens_2025_1k/W0EQV/W0EQV3DJ/faces/B.jpg,0.18,87.0,0.1,0.2778,0.5
af7f518a062f7d3b49e2b9e60a72c594,10,1,BRIGHTER CHOICE COMMUNITY SCHOOL,10,/share/ju/cyclomedia/raw/brooklyn_2025_1k/W0CRB/W0CRBFMM/faces/B.jpg,0.052,125.0,0.1,0.2778,0.5
cd2a116a0b12a4560a9e1e96bd0f9505,10,1,P.S. 169 SUNSET PARK,9,/share/ju/cyclomedia/raw/brooklyn_2025_1k/W0EEC/W0EECE2M/faces/F.jpg,0.042,131.0,0.1,0.2778,0.5
32d3894cb739deaeba31599c8ea9a134,10,1,P.S./I.S. 113 ANTHONY J. PRANZO,8,/share/ju/cyclomedia/raw/queens_2025_1k/W0EH8/W0EH8GO4/faces/F.jpg,0.029,138.0,0.1,0.2778,0.5
0158c30fc037840cd845e6a0120041e7,10,1,P.S. 368,11,/share/ju/cyclomedia/raw/brooklyn_2025_1k/W0E3U/W0E3U25V/faces/F.jpg,0.043,130.0,0.1,0.2778,0.5
cec020f4691686ad196d6b1d75c189cb,10,1,ARISTA PREP SCHOOL,10,/share/ju/cyclomedia/raw/brooklyn_2025_1k/W0E8U/W0E8UJZB/faces/B.jpg,0.492,42.0,0.1,0.2778,0.5
081ea46e774c852a0887a04a1e8c9b12,10,1,AL MADRASA AL ISLAMIYA,10,/share/ju/cyclomedia/raw/brooklyn_2025_1k/W0DJX/W0DJXQBF/faces/F.jpg,0.276,70.0,0.1,0.2778,0.5
0b39e07a327aa4bc83b0ba484cde5f69,10,1,YESHIVA VYELIPOL,11,/share/ju/cyclomedia/raw/brooklyn_2025_1k/W0EH5/W0EH54R5/faces/L.jpg,0.23,78.0,0.1,0.2778,0.5
b4bb04ac90177564da8d54ce874aa5df,10,1,MESIVTA & YESHIVA GEDOLAH-MANHATTAN,8,/share/ju/cyclomedia/raw/brooklyn_2025_1k/W0EES/W0EES3VH/faces/R.jpg,0.237,76.0,0.1,0.2778,0.5
18857b4a6cad21ad4f5119266168865b,10,1,GEORGE JACKSON ACADEMY,6,/share/ju/cyclomedia/raw/manhattan_2025_1k/W0DEC/W0DECPDI/faces/B.jpg,0.261,72.0,0.1,0.2778,0.5
17eb986b66ae6477b6a2b979237e43a8,10,1,P.S. 070 MAX SCHOENFELD,10,/share/ju/cyclomedia/raw/bronx_2025_1k/W0CPU/W0CPUNJ3/faces/B.jpg,0.059,122.0,0.1,0.2778,0.5
1d2bf008b21b67733ba261280890d4de,10,1,YESHIVAT DARCHEI ERES INC,12,/share/ju/cyclomedia/raw/brooklyn_2025_1k/W0EEN/W0EENN3Q/faces/F.jpg,0.024,143.0,0.1,0.2778,0.5
c1022e140d945f167e6040d232696e72,11,1,MESILAS BAIS YAAKOV,11,/share/ju/cyclomedia/raw/brooklyn_2025_1k/W0DAW/W0DAWQ2D/faces/B.jpg,0.207,82.0,0.0909,0.2632,0.5
b8d50dd1b2ba8400a830a923d58be5c8,11,1,P.S. 164 QUEENS VALLEY,11,/share/ju/cyclomedia/raw/queens_2025_1k/W0EP9/W0EP9AR3/faces/R.jpg,0.02,145.0,0.0909,0.2632,0.5
00943b6da1fc86d51efbbb0627539508,11,1,HYCHEL HATORAH,7,/share/ju/cyclomedia/raw/brooklyn_2025_1k/W0DAW/W0DAW6S1/faces/L.jpg,0.171,89.0,0.0909,0.2632,0.5
3ab943e6d6601d8aa8767b67b24729b0,11,1,BOBOVER YESHIVA BNEI ZION,4,/share/ju/cyclomedia/raw/brooklyn_2025_1k/W0DCR/W0DCRFWT/faces/L.jpg,0.078,114.0,0.0909,0.2632,0.5
1cc976b95867816bd078ba67e8f3eb2a,11,1,SUCCESS ACADEMY CHARTER SCHOOL - HARLEM 1,13,/share/ju/cyclomedia/raw/manhattan_2025_1k/W0ECR/W0ECRHQ2/faces/F.jpg,0.053,125.0,0.0909,0.2632,0.5
9718c6b6819e3d02e82def076317e176,11,1,P.S. 295,11,/share/ju/cyclomedia/raw/brooklyn_2025_1k/W0DAW/W0DAWSKA/faces/B.jpg,0.044,129.0,0.0909,0.2632,0.5
65a3619835c60477a6cea5e56ed1a9dc,11,1,I.S. 171 ABRAHAM LINCOLN,15,/share/ju/cyclomedia/raw/brooklyn_2025_1k/W0E5D/W0E5D0D7/faces/R.jpg,0.082,113.0,0.0909,0.2632,0.5
7c93f61e6d74fd88051774d190ef329a,11,1,UNCOMMON BED-STUY WEST CHARTER SCHOOL NYC,10,/share/ju/cyclomedia/raw/brooklyn_2025_1k/W0CRE/W0CREH0H/faces/B.jpg,0.042,130.0,0.0909,0.2632,0.5
1c216c8fb61ee17b8d12b64337cfc5ca,11,1,ED INST-OHOLEI TORAH-TROY AVENUE,7,/share/ju/cyclomedia/raw/brooklyn_2025_1k/W0E5H/W0E5HNJD/faces/R.jpg,0.243,75.0,0.0909,0.2632,0.5
e1cc55fa75a5633a7b0f2091d2cf23dc,15,2,GLOBAL COMMUNITY CHARTER SCHOOL,18,/share/ju/cyclomedia/raw/manhattan_2025_1k/W0DG1/W0DG13B9/faces/L.jpg,0.17,89.0,0.1333,0.2609,0.5
f38ca13153a4345b9361a2e83947273d,8,0,MIDWOOD HIGH SCHOOL,9,/share/ju/cyclomedia/raw/brooklyn_2025_1k/W0DEH/W0DEHUQ6/faces/L.jpg,0.05,126.0,0.0,0.25,0.5
87f8a5d5daf3e3981413ea91dadf67c4,8,0,HORACE MANN SCHOOL NURSERY-KINDERGA,4,/share/ju/cyclomedia/raw/manhattan_2025_1k/W0DGQ/W0DGQREQ/faces/F.jpg,0.283,69.0,0.0,0.25,0.5
bfe5b1f3888e665f86abe98c9d3c54ae,12,1,47 THE AMERICAN SIGN LANGUAGE AND ENGLISH SECONDARY SCHOOL,11,/share/ju/cyclomedia/raw/manhattan_2025_1k/W0DEM/W0DEM6HT/faces/B.jpg,0.05,127.0,0.0833,0.25,0.5
5f69d872042ff04d1b3ab2803219c059,8,0,"H.E.R.O. HIGH (HEALTH, EDUCATION, AND RESEARCH OCCUPATIONS HIGH SCHOOL)",9,/share/ju/cyclomedia/raw/bronx_2025_1k/W0CWH/W0CWHW3O/faces/L.jpg,0.048,127.0,0.0,0.25,0.5
5d131d68677caafff5cf72b0f5a3a098,8,0,TRIBECA PREPARATORY,8,/share/ju/cyclomedia/raw/manhattan_2025_1k/W0DG8/W0DG8VFC/faces/R.jpg,0.32,63.0,0.0,0.25,0.5
a5cb36b5a4812c34ea07d2298f2754c0,8,0,ACH TOV V'CHESED,8,/share/ju/cyclomedia/raw/brooklyn_2025_1k/W0E3U/W0E3U2MG/faces/R.jpg,0.253,74.0,0.0,0.25,0.5
18cb75f78939f3751b4e8746ab47f297,12,1,"HERITAGE SCHOOL, THE",12,/share/ju/cyclomedia/raw/manhattan_2025_1k/W0D9T/W0D9TWY0/faces/L.jpg,0.251,74.0,0.0833,0.25,0.5
1bfffbbdacec69e41f3d34e82407c62c,12,1,MESIVTA MEOR HATORAH,9,/share/ju/cyclomedia/raw/brooklyn_2025_1k/W0DCX/W0DCX1X1/faces/F.jpg,0.08,114.0,0.0833,0.25,0.5
306f3e5f6e9cdb5e5e474da907755299,8,0,THE DR. EMMETT W. BASSETT SCHOOL,6,/share/ju/cyclomedia/raw/bronx_2025_1k/W0EE4/W0EE4KP1/faces/B.jpg,0.051,126.0,0.0,0.25,0.5
7ddd4102d69431de19b7c55081b36471,8,0,MESIVTA TIFERETH JERUSALEM,4,/share/ju/cyclomedia/raw/manhattan_2025_1k/W0DEJ/W0DEJICF/faces/B.jpg,0.236,76.0,0.0,0.25,0.5
003dfe87a2964e0f563cba752b9902e9,8,0,"URBAN ASSEMBLY SCHOOL OF DESIGN AND CONSTRUCTION, THE",9,/share/ju/cyclomedia/raw/manhattan_2025_1k/W0CTW/W0CTW98F/faces/B.jpg,0.057,123.0,0.0,0.25,0.5
46e0e9062105eca346540d3af5572e04,8,0,A PLACE OF MIRACLES ACADEMY,8,/share/ju/cyclomedia/raw/bronx_2025_1k/W0EDM/W0EDM93M/faces/L.jpg,0.181,87.0,0.0,0.25,0.5
b2efbbb9de108f7d11e4faef5db8adba,8,0,"KIDS-CENTRIC, INC. NATLY ESNARD",6,/share/ju/cyclomedia/raw/bronx_2025_1k/W0E3Y/W0E3Y9O2/faces/B.jpg,0.174,88.0,0.0,0.25,0.5
ed26c28e2189ba8feff151df43df2388,8,0,P.S. 071 FOREST,8,/share/ju/cyclomedia/raw/queens_2025_1k/W0DEN/W0DENTVX/faces/L.jpg,0.029,139.0,0.0,0.25,0.5
0863bb08dcf35aa3e9b8707b200f6684,8,0,MOTT HALL BRIDGES ACADEMY,10,/share/ju/cyclomedia/raw/brooklyn_2025_1k/W0E82/W0E822K3/faces/L.jpg,0.099,108.0,0.0,0.25,0.5
847d1ce9c6ed8126b68dca503c758c02,8,0,YESHIVAT MEKOR HAIM,6,/share/ju/cyclomedia/raw/brooklyn_2025_1k/W0DEP/W0DEPUT1/faces/F.jpg,0.211,75.0,0.0,0.25,0.5
84b51e5e125daad8f95ac74849409c43,8,0,UNITED TALMUDICAL ACADEMY 75,8,/share/ju/cyclomedia/raw/brooklyn_2025_1k/W0D7Q/W0D7QYSU/faces/B.jpg,0.041,131.0,0.0,0.25,0.5
d5efec051f43fab90cf3e66c46559511,8,0,BROOKLYN HIGH SCHOOL FOR LEADERSHIP AND COMMUNITY SERVICE,8,/share/ju/cyclomedia/raw/brooklyn_2025_1k/W0E5S/W0E5SEQU/faces/R.jpg,0.033,136.0,0.0,0.25,0.5
1e0149e74dfd0d3d12c254172d4527f8,8,0,SOUTH BRONX CLASSICAL CHARTER SCHOOL V,8,/share/ju/cyclomedia/raw/bronx_2025_1k/W0CW8/W0CW8IIO/faces/R.jpg,0.055,124.0,0.0,0.25,0.5
4654d8bd8c5021dad718e35f7685b73b,8,0,BROOKLYN STUDIO SECONDARY SCHOOL,7,/share/ju/cyclomedia/raw/brooklyn_2025_1k/W0DCB/W0DCBAWZ/faces/F.jpg,0.049,127.0,0.0,0.25,0.5
16d7318a9a51f46b887b97e58610654c,8,0,P.S. 327 DR. ROSE B. ENGLISH,7,/share/ju/cyclomedia/raw/brooklyn_2025_1k/W0E82/W0E822L4/faces/L.jpg,0.054,124.0,0.0,0.25,0.5
c7681347e2b365ccb51146dd1e1956ca,8,0,P.S. 249 THE CATON,8,/share/ju/cyclomedia/raw/brooklyn_2025_1k/W0EFU/W0EFUGZC/faces/L.jpg,0.086,112.0,0.0,0.25,0.5
8e5c57417c12bae4847e66cedda1d571,8,0,FLUSHING INTERNATIONAL HIGH SCHOOL,8,/share/ju/cyclomedia/raw/queens_2025_1k/W0ELL/W0ELLL7C/faces/B.jpg,0.035,135.0,0.0,0.25,0.5
4ae98dcdb8edaa526dda5a332eb9aacc,8,0,M.S. 255 SALK SCHOOL OF SCIENCE,8,/share/ju/cyclomedia/raw/manhattan_2025_1k/W0D5I/W0D5IOFA/faces/F.jpg,0.055,124.0,0.0,0.25,0.5
8bf366b67fce694edd5048972c2ccd09,12,1,GED-P2G-WORKFORCE1/WEST FARMS,13,/share/ju/cyclomedia/raw/bronx_2025_1k/W0CPV/W0CPVMJ3/faces/R.jpg,0.337,61.0,0.0833,0.25,0.5
d6f7e274200c822c41a35becbaf388dc,8,0,P.S./M.S. 200 - THE MAGNET SCHOOL OF GLOBAL STUDIES AND LEADERSHIP,7,/share/ju/cyclomedia/raw/queens_2025_1k/W0DID/W0DID00L/faces/L.jpg,0.138,97.0,0.0,0.25,0.5
601ce96fbcf8a035419e7699e9e0e9e3,13,1,P.S. 223 LYNDON B. JOHNSON,7,/share/ju/cyclomedia/raw/queens_2025_1k/W0E9F/W0E9FWEW/faces/R.jpg,0.0,191.0,0.0769,0.2381,0.5
3ef1eb94de58eb85e96448352f598ee6,13,1,QUEENS INTERNATIONAL SECONDARY SCHOOL,11,/share/ju/cyclomedia/raw/queens_2025_1k/W0DEO/W0DEOVC5/faces/R.jpg,0.12,101.0,0.0769,0.2381,0.5
d0540c76d5d3ecb29012884f4af3434f,9,0,"BALLET TECH, NYC PUBLIC SCHOOL FOR DANCE",9,/share/ju/cyclomedia/raw/manhattan_2025_1k/W0EQV/W0EQV2QL/faces/F.jpg,0.143,83.0,0.0,0.2353,0.5
762ec42d4ec02917e4b7f3c4efb5c366,9,0,QUEENS HIGH SCHOOL FOR LANGUAGE STUDIES,7,/share/ju/cyclomedia/raw/queens_2025_1k/W0CZZ/W0CZZRU7/faces/B.jpg,0.001,182.0,0.0,0.2353,0.5
ab8a576f79b3375ff6543bf6963493e4,9,0,P.S. 149 CHRISTA MCAULIFFE,8,/share/ju/cyclomedia/raw/queens_2025_1k/W0COM/W0COMA59/faces/L.jpg,0.041,131.0,0.0,0.2353,0.5
737c76f0c5f8ec35ac662228a4ef7848,9,0,GOLDIE MAPLE ACADEMY,12,/share/ju/cyclomedia/raw/queens_2025_1k/W0DEL/W0DELC0B/faces/R.jpg,0.038,133.0,0.0,0.2353,0.5
72729bf050d8414981ffea0e46c4c06d,9,0,THE ANDERSON SCHOOL,7,/share/ju/cyclomedia/raw/manhattan_2025_1k/W0D5M/W0D5MJE1/faces/B.jpg,0.094,109.0,0.0,0.2353,0.5
056f2f62be72106805746d735f0339ea,9,0,P.S. 024 SPUYTEN DUYVIL,8,/share/ju/cyclomedia/raw/bronx_2025_1k/W0ENE/W0ENERUF/faces/B.jpg,0.109,104.0,0.0,0.2353,0.5
a0561e5262f66eac1d442e48d8c67d96,9,0,NOTRE DAME CATHOLIC ACADEMY,11,/share/ju/cyclomedia/raw/queens_2025_1k/W0EL7/W0EL7NC0/faces/L.jpg,0.117,102.0,0.0,0.2353,0.5
3a00dd0205a8f8fbbebd8e15b2b551de,9,0,SATELLITE ACADEMY HIGH SCHOOL,6,/share/ju/cyclomedia/raw/manhattan_2025_1k/W0ECL/W0ECL35A/faces/B.jpg,0.226,78.0,0.0,0.2353,0.5
50ec165942617e8e35e3f02bea636846,9,0,P.S. 224 HALE A. WOODRUFF,8,/share/ju/cyclomedia/raw/brooklyn_2025_1k/W0DBQ/W0DBQ4ZX/faces/R.jpg,0.047,128.0,0.0,0.2353,0.5
1151dcc17c3675fdbf9e6e952933bb8a,9,0,JACKSON DEVELOPMENTAL CNTR ANNEX,10,/share/ju/cyclomedia/raw/queens_2025_1k/W0E5H/W0E5HDK4/faces/B.jpg,0.255,73.0,0.0,0.2353,0.5
4c35fba5ec9418a6d2a0f61ccc93e5e8,9,0,VANGUARD HIGH SCHOOL,9,/share/ju/cyclomedia/raw/manhattan_2025_1k/W0E65/W0E65FSW/faces/B.jpg,0.06,122.0,0.0,0.2353,0.5
6559da329ba7a2042f837bfc89d41e72,9,0,KHHD YOEL OF SATMAR BP,6,/share/ju/cyclomedia/raw/brooklyn_2025_1k/W0E8Q/W0E8QTW6/faces/B.jpg,0.224,79.0,0.0,0.2353,0.5
15191dde4d4faf9ffc7ec225a6458b22,9,0,HEBREW ACAD SPEC CHILD 55TH ST BKLYN,4,/share/ju/cyclomedia/raw/brooklyn_2025_1k/W0DCG/W0DCGX7Z/faces/F.jpg,0.151,94.0,0.0,0.2353,0.5
5470c079d5f5f5d6eb88b6f7df2ea1ae,14,1,P.S. 140 NATHAN STRAUS,15,/share/ju/cyclomedia/raw/manhattan_2025_1k/W0DI9/W0DI9W96/faces/L.jpg,0.079,114.0,0.0714,0.2273,0.5
1497726b6e818cb283d608f5792167ae,10,0,ACHIEVEMENT FIRST EAST BROOKLYN HIGH SCHOOL,9,/share/ju/cyclomedia/raw/brooklyn_2025_1k/W0EH8/W0EH8BSM/faces/L.jpg,0.047,128.0,0.0,0.2222,0.5
236195d70706896455443968db6c678b,10,0,BAIS RUCHEL D'SATMAR - GIRLS,8,/share/ju/cyclomedia/raw/brooklyn_2025_1k/W0D1D/W0D1DOFG/faces/L.jpg,0.276,70.0,0.0,0.2222,0.5
4a2fbdc0f236678cd1221df8e4c690c6,10,0,A PLUS KIDZ ACADEMY,9,/share/ju/cyclomedia/raw/brooklyn_2025_1k/W0DCS/W0DCS81N/faces/B.jpg,0.273,70.0,0.0,0.2222,0.5
49595b5579391caa7fb0d89ff16c3077,10,0,BNOS PENINIM,13,/share/ju/cyclomedia/raw/brooklyn_2025_1k/W0DCB/W0DCBCMH/faces/B.jpg,0.346,60.0,0.0,0.2222,0.5
697724919f9917659083f7acac944417,10,0,I.S. 238 - SUSAN B. ANTHONY ACADEMY,7,/share/ju/cyclomedia/raw/queens_2025_1k/W0EE5/W0EE5AB5/faces/R.jpg,0.038,133.0,0.0,0.2222,0.5
8a5d031556bc5255a628a645dac5ca63,10,0,ACHIEVEMENT FIRST ASPIRE CHARTER SCHOOL MIDDLE SCHOOL,9,/share/ju/cyclomedia/raw/brooklyn_2025_1k/W0EH6/W0EH6YHQ/faces/L.jpg,0.045,129.0,0.0,0.2222,0.5
1cded8e67aa4c7ba257ea5fc3a29d723,10,0,SHIRLEY ANINIAS SCHOOL LLC (THE),12,/share/ju/cyclomedia/raw/manhattan_2025_1k/W0DI6/W0DI6CEP/faces/F.jpg,0.333,61.0,0.0,0.2222,0.5
34bcfcad446402c102ab72026c2f56f0,10,0,P.S. 043 JONAS BRONCK,11,/share/ju/cyclomedia/raw/bronx_2025_1k/W0CW5/W0CW537T/faces/F.jpg,0.058,115.0,0.0,0.2222,0.5
84ef22937701b8fafb0878c2bb664dc2,10,0,HOSTOS-LINCOLN ACADEMY OF SCIENCE,9,/share/ju/cyclomedia/raw/bronx_2025_1k/W0E9D/W0E9DGZY/faces/L.jpg,0.03,138.0,0.0,0.2222,0.5
0d61daedb176098f037da7f9d6588ead,10,0,P.S. 062 INOCENSIO CASANOVA,9,/share/ju/cyclomedia/raw/bronx_2025_1k/W0EBK/W0EBK6H7/faces/B.jpg,0.122,101.0,0.0,0.2222,0.5
75a22034bccdf049b975a7e5c6477c5c,10,0,TITUS SCHOOL,11,/share/ju/cyclomedia/raw/manhattan_2025_1k/W0DOF/W0DOFFM6/faces/F.jpg,0.321,63.0,0.0,0.2222,0.5
1eeab20d69b9978a07ce40cd2bea8b56,10,0,WATERSIDE SCHOOL FOR LEADERSHIP,7,/share/ju/cyclomedia/raw/queens_2025_1k/W0DIO/W0DIOCM0/faces/R.jpg,0.04,131.0,0.0,0.2222,0.5
4d44f239e77a7851c3765be55e785a86,10,0,SUMMIT ACADEMY CHARTER SCHOOL,10,/share/ju/cyclomedia/raw/brooklyn_2025_1k/W0DBP/W0DBPUJT/faces/B.jpg,0.064,120.0,0.0,0.2222,0.5
8d9b269a58c9eabaaf0536ce2b5d7385,10,0,P.S. 091 THE ALBANY AVENUE SCHOOL,12,/share/ju/cyclomedia/raw/brooklyn_2025_1k/W0D0P/W0D0P7FK/faces/F.jpg,0.102,107.0,0.0,0.2222,0.5
625e37a6296aa1ae35c1fc03a53243f5,10,0,P.S. 172 BEACON SCHOOL OF EXCELLENCE,10,/share/ju/cyclomedia/raw/brooklyn_2025_1k/W0EI5/W0EI54WC/faces/R.jpg,0.188,85.0,0.0,0.2222,0.5
0cf7632f661b2c0c7e42972a2d6761a0,10,0,SUCCESS ACADEMY CHARTER SCHOOL - FLATBUSH,9,/share/ju/cyclomedia/raw/brooklyn_2025_1k/W0E7O/W0E7OJDF/faces/F.jpg,0.206,82.0,0.0,0.2222,0.5
d606a13fbb065eb142034011c92a41b5,10,0,LEBANESE AMERICAN UNIVERSITY-NYC,11,/share/ju/cyclomedia/raw/manhattan_2025_1k/W0E61/W0E610BL/faces/F.jpg,0.149,94.0,0.0,0.2222,0.5
1d2cb4a0fb6f4bb67a993f8d9a3b329c,10,0,DR. JACQUELINE PEEK-DAVIS SCHOOL,11,/share/ju/cyclomedia/raw/brooklyn_2025_1k/W0E8U/W0E8UFQR/faces/L.jpg,0.062,121.0,0.0,0.2222,0.5
44f06a60af4e7d6ce523ce531e4bda32,15,1,EQUALITY CHARTER ELEMENTARY SCHOOL,18,/share/ju/cyclomedia/raw/bronx_2025_1k/W0CPT/W0CPTUGO/faces/F.jpg,0.18,87.0,0.0667,0.2174,0.5
62ce9d233da6c7887b9080fbaf777636,15,1,P.S. 041 GREENWICH VILLAGE,12,/share/ju/cyclomedia/raw/manhattan_2025_1k/W0ELR/W0ELRAIZ/faces/B.jpg,0.181,87.0,0.0667,0.2174,0.5
ba09d1ba39de631a5bd7650b3568577f,11,0,LONG ISLAND CITY HIGH SCHOOL,9,/share/ju/cyclomedia/raw/queens_2025_1k/W0E45/W0E45MEM/faces/F.jpg,0.042,131.0,0.0,0.2105,0.5
283892564212eb743eec808ba21849f5,11,0,GED P2G-JAMAICA LRNING REF - AHSEP,10,/share/ju/cyclomedia/raw/queens_2025_1k/W0CZO/W0CZO0XM/faces/B.jpg,0.105,106.0,0.0,0.2105,0.5
55fa5704ca8744f09c3aab2b39af550a,11,0,J.H.S. 014 SHELL BANK,11,/share/ju/cyclomedia/raw/brooklyn_2025_1k/W0DE1/W0DE1J1G/faces/L.jpg,0.046,128.0,0.0,0.2105,0.5
e8933dd6d7a5e17b8e015024a0badab7,11,0,YESHIVA D'NITRA,6,/share/ju/cyclomedia/raw/brooklyn_2025_1k/W0DAX/W0DAXV56/faces/F.jpg,0.17,89.0,0.0,0.2105,0.5
ebe5835a4f01d059af3bb332f2650d82,11,0,IDEAL ISLAMIC SCHOOL,10,/share/ju/cyclomedia/raw/queens_2025_1k/W0E4A/W0E4AT89/faces/R.jpg,0.276,70.0,0.0,0.2105,0.5
bc91f3a1b85ee7078ffa431a7f25220f,11,0,P.S. 086 KINGSBRIDGE HEIGHTS,13,/share/ju/cyclomedia/raw/bronx_2025_1k/W0D2U/W0D2UDIS/faces/F.jpg,0.037,133.0,0.0,0.2105,0.5
78dadc39d3fa59f416ae9c5e82b90d4b,11,0,BNOS CHAYIL,10,/share/ju/cyclomedia/raw/brooklyn_2025_1k/W0EFV/W0EFVIQE/faces/L.jpg,0.275,70.0,0.0,0.2105,0.5
9c41177f7a124db6967f9f9bdd8d9a6d,11,0,NEW GRACE EDUCATION CENTER,11,/share/ju/cyclomedia/raw/brooklyn_2025_1k/W0EH7/W0EH709L/faces/B.jpg,0.25,74.0,0.0,0.2105,0.5
0c8e2e509daf3613cdd80fb0a7fb4a41,16,1,"KIDS-CENTRIC, INC ACE INTEGRATION",17,/share/ju/cyclomedia/raw/brooklyn_2025_1k/W0E5O/W0E5OBXE/faces/R.jpg,0.211,78.0,0.0625,0.2083,0.5
8b275e9537754da0fa8d86603f204360,12,0,STARTING POINT - FAMILY HEADSTART,11,/share/ju/cyclomedia/raw/brooklyn_2025_1k/W0EES/W0EES8S5/faces/L.jpg,0.05,127.0,0.0,0.2,0.5
20188a9030d1f7520a06ba6a352afa39,12,0,MOTT HALL CHARTER SCHOOL,9,/share/ju/cyclomedia/raw/bronx_2025_1k/W0D2X/W0D2XKPV/faces/B.jpg,0.048,128.0,0.0,0.2,0.5
599acdde9ca014b79b90ab1efb46b12d,12,0,SUCCESS ACADEMY CHARTER SCHOOL - NYC 17,5,/share/ju/cyclomedia/raw/brooklyn_2025_1k/W0E5J/W0E5JQ06/faces/R.jpg,0.321,63.0,0.0,0.2,0.5
c71082247afe5e234c2af4186de2a276,12,0,YESHIVA BAIS CHAYA ESTHER,8,/share/ju/cyclomedia/raw/brooklyn_2025_1k/W0EEN/W0EENORH/faces/F.jpg,0.174,88.0,0.0,0.2,0.5
832cdb418b50a38399e18f084693113e,13,0,YESHIVA SHALSHELET BAIS YAAKOV,14,/share/ju/cyclomedia/raw/brooklyn_2025_1k/W0DCJ/W0DCJ0QQ/faces/B.jpg,0.375,56.0,0.0,0.1905,0.5
f1fdc63f7f3dc16d079c78e76897999a,13,0,YESHIVA AND MESIVTA WIZNITZ OF USA,6,/share/ju/cyclomedia/raw/brooklyn_2025_1k/W0EFO/W0EFO8YF/faces/F.jpg,0.194,84.0,0.0,0.1905,0.5
5bd82baa15121b25a1ee2c958181357a,14,0,P.S. 329 SURFSIDE,12,/share/ju/cyclomedia/raw/brooklyn_2025_1k/W0DEQ/W0DEQ74M/faces/L.jpg,0.017,148.0,0.0,0.1818,0.5
deaec9777cf427d9afb00cd0d8b5ec18,14,0,SCHOOL FOR YOUNG PERFORMERS,16,/share/ju/cyclomedia/raw/manhattan_2025_1k/W0DEI/W0DEIHS0/faces/B.jpg,0.165,90.0,0.0,0.1818,0.5
4d8303aa0f57dae8db744979b27a2d57,14,0,BOLD CHARTER SCHOOL ANNEX,15,/share/ju/cyclomedia/raw/bronx_2025_1k/W0CW8/W0CW8GOO/faces/L.jpg,0.252,74.0,0.0,0.1818,0.5
62779e2462998c10add1941021dede21,14,0,THE STEPHANIE A. VIERNO SCHOOL,13,/share/ju/cyclomedia/raw/si_2025_1k/W0E3R/W0E3RQGE/faces/B.jpg,0.059,122.0,0.0,0.1818,0.5
fae2e74ea10bf05892fb338974dcefda,14,0,CHABAD GIRLS ACADEMY HIGH,9,/share/ju/cyclomedia/raw/brooklyn_2025_1k/W0E8V/W0E8V2BG/faces/B.jpg,0.243,75.0,0.0,0.1818,0.5
9ced75db81a173dc6fdd59de48aa5ddd,15,0,P.S. 188 MICHAEL E. BERDY,17,/share/ju/cyclomedia/raw/brooklyn_2025_1k/W0DEQ/W0DEQ2DE/faces/B.jpg,0.027,140.0,0.0,0.1739,0.5
ca31f0dbb31a8c14714be7a5ab99ed4c,15,0,TALMUD TORAH OF KASHO,17,/share/ju/cyclomedia/raw/brooklyn_2025_1k/W0D0A/W0D0AY9P/faces/B.jpg,0.23,77.0,0.0,0.1739,0.5
bdae9c1c1ed37633f0e41be3f8436859,15,0,P.S. 199 FREDERICK WACHTEL,13,/share/ju/cyclomedia/raw/brooklyn_2025_1k/W0EF5/W0EF5XUF/faces/R.jpg,0.047,128.0,0.0,0.1739,0.5
